{"level":"info","message":"Middleware initialized","timestamp":"2026-05-04 22:0422"}
{"level":"error","message":"Error: given id is mismatched","method":"GET","stack":"Error: given id is mismatched\n    at show (/home/ecz/Folder/Programming/Backend/pdvProject/src/controller/productController.js:34:23)\n    at Layer.handleRequest (/home/ecz/Folder/Programming/Backend/pdvProject/node_modules/router/lib/layer.js:152:17)\n    at next (/home/ecz/Folder/Programming/Backend/pdvProject/node_modules/router/lib/route.js:157:13)\n    at loginRequired (/home/ecz/Folder/Programming/Backend/pdvProject/src/middlewares/loginRequired.js:20:16)\n    at Layer.handleRequest (/home/ecz/Folder/Programming/Backend/pdvProject/node_modules/router/lib/layer.js:152:17)\n    at next (/home/ecz/Folder/Programming/Backend/pdvProject/node_modules/router/lib/route.js:157:13)\n    at Route.dispatch (/home/ecz/Folder/Programming/Backend/pdvProject/node_modules/router/lib/route.js:117:3)\n    at handle (/home/ecz/Folder/Programming/Backend/pdvProject/node_modules/router/index.js:435:11)\n    at Layer.handleRequest (/home/ecz/Folder/Programming/Backend/pdvProject/node_modules/router/lib/layer.js:152:17)\n    at /home/ecz/Folder/Programming/Backend/pdvProject/node_modules/router/index.js:295:15","timestamp":"2026-05-04 22:0425","url":"/products/z"}
{"level":"error","message":"Error: given id is mismatched","method":"GET","stack":"Error: given id is mismatched\n    at show (/home/ecz/Folder/Programming/Backend/pdvProject/src/controller/productController.js:34:23)\n    at Layer.handleRequest (/home/ecz/Folder/Programming/Backend/pdvProject/node_modules/router/lib/layer.js:152:17)\n    at next (/home/ecz/Folder/Programming/Backend/pdvProject/node_modules/router/lib/route.js:157:13)\n    at loginRequired (/home/ecz/Folder/Programming/Backend/pdvProject/src/middlewares/loginRequired.js:20:16)\n    at Layer.handleRequest (/home/ecz/Folder/Programming/Backend/pdvProject/node_modules/router/lib/layer.js:152:17)\n    at next (/home/ecz/Folder/Programming/Backend/pdvProject/node_modules/router/lib/route.js:157:13)\n    at Route.dispatch (/home/ecz/Folder/Programming/Backend/pdvProject/node_modules/router/lib/route.js:117:3)\n    at handle (/home/ecz/Folder/Programming/Backend/pdvProject/node_modules/router/index.js:435:11)\n    at Layer.handleRequest (/home/ecz/Folder/Programming/Backend/pdvProject/node_modules/router/lib/layer.js:152:17)\n    at /home/ecz/Folder/Programming/Backend/pdvProject/node_modules/router/index.js:295:15","timestamp":"2026-05-04 22:0849","url":"/products/h"}
{"level":"info","message":"Middleware initialized","timestamp":"2026-05-04 22:3100"}
{"level":"info","message":"Middleware initialized","timestamp":"2026-05-04 22:3108"}
{"level":"info","message":"Middleware initialized","timestamp":"2026-05-04 22:3114"}
{"level":"info","message":"Middleware initialized","timestamp":"2026-05-04 22:3122"}
{"level":"info","message":"Middleware initialized","timestamp":"2026-05-04 22:3125"}
{"level":"info","message":"Middleware initialized","timestamp":"2026-05-04 22:3135"}
{"level":"info","message":"Middleware initialized","timestamp":"2026-05-04 22:3144"}
{"level":"error","message":"Error: given id is mismatched","method":"GET","stack":"Error: given id is mismatched\n    at show (/home/ecz/Folder/Programming/Backend/pdvProject/src/controller/productController.js:34:23)\n    at Layer.handleRequest (/home/ecz/Folder/Programming/Backend/pdvProject/node_modules/router/lib/layer.js:152:17)\n    at next (/home/ecz/Folder/Programming/Backend/pdvProject/node_modules/router/lib/route.js:157:13)\n    at loginRequired (/home/ecz/Folder/Programming/Backend/pdvProject/src/middlewares/loginRequired.js:20:16)\n    at Layer.handleRequest (/home/ecz/Folder/Programming/Backend/pdvProject/node_modules/router/lib/layer.js:152:17)\n    at next (/home/ecz/Folder/Programming/Backend/pdvProject/node_modules/router/lib/route.js:157:13)\n    at Route.dispatch (/home/ecz/Folder/Programming/Backend/pdvProject/node_modules/router/lib/route.js:117:3)\n    at handle (/home/ecz/Folder/Programming/Backend/pdvProject/node_modules/router/index.js:435:11)\n    at Layer.handleRequest (/home/ecz/Folder/Programming/Backend/pdvProject/node_modules/router/lib/layer.js:152:17)\n    at /home/ecz/Folder/Programming/Backend/pdvProject/node_modules/router/index.js:295:15","timestamp":"2026-05-04 22:3152","url":"/products/v","userId":2}
{"level":"info","message":"Middleware initialized","timestamp":"2026-05-04 22:3623"}
{"level":"info","message":"Middleware initialized","timestamp":"2026-05-04 22:3625"}
{"level":"info","message":"Middleware initialized","timestamp":"2026-05-04 22:3627"}
{"level":"info","message":"Middleware initialized","timestamp":"2026-05-04 22:5038"}
{"level":"info","message":"Middleware initialized","timestamp":"2026-05-04 22:5140"}
{"level":"info","message":"Middleware initialized","timestamp":"2026-05-04 22:5151"}
{"level":"info","message":"Middleware initialized","timestamp":"2026-05-05 11:4722"}
{"level":"error","message":"Error: column Client.deleted_at does not exist","method":"GET","stack":"Error: column Client.deleted_at does not exist\n    at ClientService.index (/home/ecz/Folder/Programming/Backend/pdvProject/src/service/ClientService.js:35:19)\n    at process.processTicksAndRejections (node:internal/process/task_queues:104:5)\n    at async index (/home/ecz/Folder/Programming/Backend/pdvProject/src/controller/clientController.js:22:29)","timestamp":"2026-05-05 11:4729","url":"/clients","userId":2}
{"level":"info","message":"Middleware initialized","timestamp":"2026-05-05 11:4806"}
{"level":"info","message":"Middleware initialized","timestamp":"2026-05-05 11:5308"}
{"level":"info","message":"Middleware initialized","timestamp":"2026-05-05 11:5324"}
{"level":"info","message":"Middleware initialized","timestamp":"2026-05-05 11:5443"}
{"level":"info","message":"Middleware initialized","timestamp":"2026-05-05 11:5711"}
{"level":"info","message":"Middleware initialized","timestamp":"2026-05-05 11:5729"}
{"level":"info","message":"Middleware initialized","timestamp":"2026-05-05 11:5740"}
{"level":"info","message":"Middleware initialized","timestamp":"2026-05-05 11:5749"}
{"level":"info","message":"Middleware initialized","timestamp":"2026-05-05 11:5806"}
{"level":"info","message":"Middleware initialized","timestamp":"2026-05-05 11:5810"}
{"level":"info","message":"Middleware initialized","timestamp":"2026-05-05 11:5822"}
{"level":"error","message":"Error: Error: client not found","method":"GET","stack":"Error: Error: client not found\n    at ClientService.show (/home/ecz/Folder/Programming/Backend/pdvProject/src/service/ClientService.js:53:19)\n    at process.processTicksAndRejections (node:internal/process/task_queues:104:5)\n    at async show (/home/ecz/Folder/Programming/Backend/pdvProject/src/controller/clientController.js:39:28)","timestamp":"2026-05-05 11:5951","url":"/clients/7","userId":2}
{"level":"info","message":"Middleware initialized","timestamp":"2026-05-05 12:0129"}
{"level":"info","message":"Middleware initialized","timestamp":"2026-05-05 12:0136"}
{"level":"info","message":"Middleware initialized","timestamp":"2026-05-05 12:0139"}
{"level":"info","message":"Middleware initialized","timestamp":"2026-05-05 12:0143"}
{"level":"info","message":"Middleware initialized","timestamp":"2026-05-05 12:0511"}
{"level":"info","message":"Middleware initialized","timestamp":"2026-05-05 12:0644"}
{"level":"info","message":"Middleware initialized","timestamp":"2026-05-05 12:0645"}
{"level":"info","message":"Middleware initialized","timestamp":"2026-05-05 12:0817"}
{"level":"info","message":"Middleware initialized","timestamp":"2026-05-05 12:1211"}
{"level":"info","message":"Middleware initialized","timestamp":"2026-05-05 12:1240"}
{"level":"info","message":"Middleware initialized","timestamp":"2026-05-05 12:1244"}
{"level":"info","message":"Middleware initialized","timestamp":"2026-05-05 12:1248"}
{"level":"info","message":"Middleware initialized","timestamp":"2026-05-05 12:1252"}
{"level":"error","message":"Error: Error: client not found","method":"GET","stack":"Error: Error: client not found\n    at ClientService.show (/home/ecz/Folder/Programming/Backend/pdvProject/src/service/ClientService.js:47:23)\n    at process.processTicksAndRejections (node:internal/process/task_queues:104:5)\n    at async show (/home/ecz/Folder/Programming/Backend/pdvProject/src/controller/clientController.js:39:28)","timestamp":"2026-05-05 12:1300","url":"/clients/7","userId":2}
{"level":"info","message":"Middleware initialized","timestamp":"2026-05-05 12:1912"}
{"level":"info","message":"Middleware initialized","timestamp":"2026-05-05 12:1955"}
{"level":"info","message":"Middleware initialized","timestamp":"2026-05-05 12:2036"}
{"level":"info","message":"Middleware initialized","timestamp":"2026-05-05 12:2047"}
{"level":"info","message":"Middleware initialized","timestamp":"2026-05-05 12:2057"}
{"level":"info","message":"Middleware initialized","timestamp":"2026-05-05 12:2113"}
{"level":"info","message":"Middleware initialized","timestamp":"2026-05-05 12:2134"}
{"level":"info","message":"Middleware initialized","timestamp":"2026-05-05 12:2137"}
{"level":"info","message":"Middleware initialized","timestamp":"2026-05-05 12:2154"}
{"level":"info","message":"Middleware initialized","timestamp":"2026-05-05 12:2156"}
{"level":"info","message":"Middleware initialized","timestamp":"2026-05-05 12:2206"}
{"level":"info","message":"Middleware initialized","timestamp":"2026-05-05 12:2210"}
{"level":"info","message":"Middleware initialized","timestamp":"2026-05-05 12:2215"}
{"level":"info","message":"Middleware initialized","timestamp":"2026-05-05 12:2218"}
{"level":"info","message":"Middleware initialized","timestamp":"2026-05-05 12:2228"}
{"level":"info","message":"Middleware initialized","timestamp":"2026-05-05 12:2230"}
{"level":"info","message":"Middleware initialized","timestamp":"2026-05-05 12:2233"}
{"level":"info","message":"Middleware initialized","timestamp":"2026-05-05 12:2236"}
{"level":"info","message":"Middleware initialized","timestamp":"2026-05-05 12:2249"}
{"level":"info","message":"Middleware initialized","timestamp":"2026-05-05 12:2259"}
{"level":"info","message":"Middleware initialized","timestamp":"2026-05-05 12:2314"}
{"level":"info","message":"Middleware initialized","timestamp":"2026-05-05 12:2318"}
{"level":"info","message":"Middleware initialized","timestamp":"2026-05-05 12:2619"}
{"level":"info","message":"Middleware initialized","timestamp":"2026-05-05 12:2620"}
{"level":"info","message":"Middleware initialized","timestamp":"2026-05-05 12:2629"}
{"level":"info","message":"Middleware initialized","timestamp":"2026-05-05 12:2633"}
{"level":"info","message":"Middleware initialized","timestamp":"2026-05-05 12:2639"}
{"level":"info","message":"Middleware initialized","timestamp":"2026-05-05 12:2641"}
{"level":"info","message":"Middleware initialized","timestamp":"2026-05-05 12:2644"}
{"level":"info","message":"Middleware initialized","timestamp":"2026-05-05 12:2648"}
{"level":"info","message":"Middleware initialized","timestamp":"2026-05-05 12:2650"}
{"level":"info","message":"Middleware initialized","timestamp":"2026-05-05 12:2712"}
{"level":"info","message":"Middleware initialized","timestamp":"2026-05-05 12:2714"}
{"level":"info","message":"Middleware initialized","timestamp":"2026-05-05 12:2715"}
{"level":"info","message":"Middleware initialized","timestamp":"2026-05-05 12:2717"}
{"level":"info","message":"Middleware initialized","timestamp":"2026-05-05 12:2727"}
{"level":"info","message":"Middleware initialized","timestamp":"2026-05-05 12:2731"}
{"level":"info","message":"Middleware initialized","timestamp":"2026-05-05 12:2732"}
{"level":"info","message":"Middleware initialized","timestamp":"2026-05-05 12:2734"}
{"level":"info","message":"Middleware initialized","timestamp":"2026-05-05 12:2738"}
{"level":"info","message":"Middleware initialized","timestamp":"2026-05-05 12:2741"}
{"level":"info","message":"Middleware initialized","timestamp":"2026-05-05 12:2750"}
{"level":"info","message":"Middleware initialized","timestamp":"2026-05-05 12:2802"}
{"level":"info","message":"Middleware initialized","timestamp":"2026-05-05 12:2807"}
{"level":"info","message":"Middleware initialized","timestamp":"2026-05-05 12:2808"}
{"level":"info","message":"Middleware initialized","timestamp":"2026-05-05 12:2824"}
{"level":"info","message":"Middleware initialized","timestamp":"2026-05-05 12:2827"}
{"level":"info","message":"Middleware initialized","timestamp":"2026-05-05 12:2842"}
{"level":"info","message":"Middleware initialized","timestamp":"2026-05-05 12:2844"}
{"level":"info","message":"Middleware initialized","timestamp":"2026-05-05 12:2856"}
{"level":"info","message":"Middleware initialized","timestamp":"2026-05-05 12:2900"}
{"level":"info","message":"Middleware initialized","timestamp":"2026-05-05 12:2958"}
{"level":"error","message":"SequelizeDatabaseError: invalid input syntax for type integer: \"archiveds\"","method":"GET","stack":"Error\n    at Query.run (/home/ecz/Folder/Programming/Backend/pdvProject/node_modules/sequelize/lib/dialects/postgres/query.js:50:25)\n    at /home/ecz/Folder/Programming/Backend/pdvProject/node_modules/sequelize/lib/sequelize.js:315:28\n    at process.processTicksAndRejections (node:internal/process/task_queues:104:5)\n    at async PostgresQueryInterface.select (/home/ecz/Folder/Programming/Backend/pdvProject/node_modules/sequelize/lib/dialects/abstract/query-interface.js:407:12)\n    at async Client.findAll (/home/ecz/Folder/Programming/Backend/pdvProject/node_modules/sequelize/lib/model.js:1140:21)\n    at async Client.findOne (/home/ecz/Folder/Programming/Backend/pdvProject/node_modules/sequelize/lib/model.js:1240:12)\n    at async Client.findByPk (/home/ecz/Folder/Programming/Backend/pdvProject/node_modules/sequelize/lib/model.js:1221:12)\n    at async ClientService.show (/home/ecz/Folder/Programming/Backend/pdvProject/src/service/ClientService.js:47:28)\n    at async show (/home/ecz/Folder/Programming/Backend/pdvProject/src/controller/clientController.js:39:28)","timestamp":"2026-05-05 12:3001","url":"/clients/archiveds","userId":2}
{"level":"info","message":"Middleware initialized","timestamp":"2026-05-05 12:3133"}
{"level":"info","message":"Middleware initialized","timestamp":"2026-05-05 12:3135"}
{"level":"info","message":"Middleware initialized","timestamp":"2026-05-05 12:3342"}
{"level":"error","message":"SequelizeDatabaseError: invalid input syntax for type integer: \"archiveds\"","method":"GET","stack":"Error\n    at Query.run (/home/ecz/Folder/Programming/Backend/pdvProject/node_modules/sequelize/lib/dialects/postgres/query.js:50:25)\n    at /home/ecz/Folder/Programming/Backend/pdvProject/node_modules/sequelize/lib/sequelize.js:315:28\n    at process.processTicksAndRejections (node:internal/process/task_queues:104:5)\n    at async PostgresQueryInterface.select (/home/ecz/Folder/Programming/Backend/pdvProject/node_modules/sequelize/lib/dialects/abstract/query-interface.js:407:12)\n    at async Client.findAll (/home/ecz/Folder/Programming/Backend/pdvProject/node_modules/sequelize/lib/model.js:1140:21)\n    at async Client.findOne (/home/ecz/Folder/Programming/Backend/pdvProject/node_modules/sequelize/lib/model.js:1240:12)\n    at async Client.findByPk (/home/ecz/Folder/Programming/Backend/pdvProject/node_modules/sequelize/lib/model.js:1221:12)\n    at async ClientService.show (/home/ecz/Folder/Programming/Backend/pdvProject/src/service/ClientService.js:47:28)\n    at async show (/home/ecz/Folder/Programming/Backend/pdvProject/src/controller/clientController.js:39:28)","timestamp":"2026-05-05 12:3345","url":"/clients/archiveds","userId":2}
{"level":"info","message":"Middleware initialized","timestamp":"2026-05-05 12:3407"}
{"level":"info","message":"Middleware initialized","timestamp":"2026-05-05 12:3408"}
{"level":"error","message":"ReferenceError: next is not defined","method":"GET","stack":"ReferenceError: next is not defined\n    at deletedIndex (/home/ecz/Folder/Programming/Backend/pdvProject/src/controller/clientController.js:89:13)\n    at process.processTicksAndRejections (node:internal/process/task_queues:104:5)","timestamp":"2026-05-05 12:3410","url":"/clients/archiveds","userId":2}
{"level":"info","message":"Middleware initialized","timestamp":"2026-05-05 12:3455"}
{"level":"info","message":"Middleware initialized","timestamp":"2026-05-05 12:3503"}
{"level":"info","message":"Middleware initialized","timestamp":"2026-05-05 12:3521"}
{"level":"error","message":"SequelizeDatabaseError: column Client.deltedAt does not exist","method":"GET","stack":"Error\n    at Query.run (/home/ecz/Folder/Programming/Backend/pdvProject/node_modules/sequelize/lib/dialects/postgres/query.js:50:25)\n    at /home/ecz/Folder/Programming/Backend/pdvProject/node_modules/sequelize/lib/sequelize.js:315:28\n    at process.processTicksAndRejections (node:internal/process/task_queues:104:5)\n    at async PostgresQueryInterface.select (/home/ecz/Folder/Programming/Backend/pdvProject/node_modules/sequelize/lib/dialects/abstract/query-interface.js:407:12)\n    at async Client.findAll (/home/ecz/Folder/Programming/Backend/pdvProject/node_modules/sequelize/lib/model.js:1140:21)\n    at async ClientService.deletedIndex (/home/ecz/Folder/Programming/Backend/pdvProject/src/service/ClientService.js:101:30)\n    at async deletedIndex (/home/ecz/Folder/Programming/Backend/pdvProject/src/controller/clientController.js:84:30)","timestamp":"2026-05-05 12:3526","url":"/clients/archiveds","userId":2}
{"level":"info","message":"Middleware initialized","timestamp":"2026-05-05 12:3552"}
{"level":"error","message":"SequelizeDatabaseError: column Client.deletedAt does not exist","method":"GET","stack":"Error\n    at Query.run (/home/ecz/Folder/Programming/Backend/pdvProject/node_modules/sequelize/lib/dialects/postgres/query.js:50:25)\n    at /home/ecz/Folder/Programming/Backend/pdvProject/node_modules/sequelize/lib/sequelize.js:315:28\n    at process.processTicksAndRejections (node:internal/process/task_queues:104:5)\n    at async PostgresQueryInterface.select (/home/ecz/Folder/Programming/Backend/pdvProject/node_modules/sequelize/lib/dialects/abstract/query-interface.js:407:12)\n    at async Client.findAll (/home/ecz/Folder/Programming/Backend/pdvProject/node_modules/sequelize/lib/model.js:1140:21)\n    at async ClientService.deletedIndex (/home/ecz/Folder/Programming/Backend/pdvProject/src/service/ClientService.js:101:30)\n    at async deletedIndex (/home/ecz/Folder/Programming/Backend/pdvProject/src/controller/clientController.js:84:30)","timestamp":"2026-05-05 12:3554","url":"/clients/archiveds","userId":2}
{"level":"info","message":"Middleware initialized","timestamp":"2026-05-05 12:3627"}
{"level":"error","message":"SequelizeDatabaseError: column Client.deletedAt does not exist","method":"GET","stack":"Error\n    at Query.run (/home/ecz/Folder/Programming/Backend/pdvProject/node_modules/sequelize/lib/dialects/postgres/query.js:50:25)\n    at /home/ecz/Folder/Programming/Backend/pdvProject/node_modules/sequelize/lib/sequelize.js:315:28\n    at process.processTicksAndRejections (node:internal/process/task_queues:104:5)\n    at async PostgresQueryInterface.select (/home/ecz/Folder/Programming/Backend/pdvProject/node_modules/sequelize/lib/dialects/abstract/query-interface.js:407:12)\n    at async Client.findAll (/home/ecz/Folder/Programming/Backend/pdvProject/node_modules/sequelize/lib/model.js:1140:21)\n    at async ClientService.deletedIndex (/home/ecz/Folder/Programming/Backend/pdvProject/src/service/ClientService.js:101:30)\n    at async deletedIndex (/home/ecz/Folder/Programming/Backend/pdvProject/src/controller/clientController.js:84:30)","timestamp":"2026-05-05 12:3630","url":"/clients/archiveds","userId":2}
{"level":"info","message":"Middleware initialized","timestamp":"2026-05-05 12:3848"}
{"level":"info","message":"Middleware initialized","timestamp":"2026-05-05 12:3850"}
{"level":"info","message":"Middleware initialized","timestamp":"2026-05-05 12:4048"}
{"level":"info","message":"Middleware initialized","timestamp":"2026-05-05 12:4319"}
{"level":"info","message":"Middleware initialized","timestamp":"2026-05-05 12:4328"}
{"level":"info","message":"Middleware initialized","timestamp":"2026-05-05 12:4417"}
{"level":"info","message":"Middleware initialized","timestamp":"2026-05-05 12:4457"}
{"level":"info","message":"Middleware initialized","timestamp":"2026-05-05 12:4506"}
{"level":"info","message":"Middleware initialized","timestamp":"2026-05-05 14:4255"}
{"level":"info","message":"Middleware initialized","timestamp":"2026-05-05 14:4358"}
{"level":"info","message":"Middleware initialized","timestamp":"2026-05-05 14:4402"}
{"level":"info","message":"Middleware initialized","timestamp":"2026-05-05 14:4428"}
{"level":"info","message":"Middleware initialized","timestamp":"2026-05-05 14:4434"}
{"level":"info","message":"Middleware initialized","timestamp":"2026-05-05 14:4452"}
{"level":"info","message":"Middleware initialized","timestamp":"2026-05-05 14:4453"}
{"level":"info","message":"Middleware initialized","timestamp":"2026-05-06 10:2610"}
{"level":"info","message":"Middleware initialized","timestamp":"2026-05-06 10:2928"}
{"level":"info","message":"Middleware initialized","timestamp":"2026-05-06 10:3024"}
{"level":"info","message":"Middleware initialized","timestamp":"2026-05-06 10:3035"}
{"level":"info","message":"Middleware initialized","timestamp":"2026-05-06 10:3040"}
{"level":"info","message":"Middleware initialized","timestamp":"2026-05-06 10:3112"}
{"level":"info","message":"Middleware initialized","timestamp":"2026-05-06 10:3114"}
{"level":"info","message":"Middleware initialized","timestamp":"2026-05-06 10:3123"}
{"level":"info","message":"Middleware initialized","timestamp":"2026-05-06 10:3126"}
{"level":"info","message":"Middleware initialized","timestamp":"2026-05-06 10:3132"}
{"level":"info","message":"Middleware initialized","timestamp":"2026-05-06 10:3140"}
{"level":"info","message":"Middleware initialized","timestamp":"2026-05-06 10:3144"}
{"level":"info","message":"Middleware initialized","timestamp":"2026-05-06 10:3147"}
{"level":"info","message":"Middleware initialized","timestamp":"2026-05-06 10:3149"}
{"level":"info","message":"Middleware initialized","timestamp":"2026-05-06 10:3156"}
{"level":"info","message":"Middleware initialized","timestamp":"2026-05-06 10:3159"}
{"level":"info","message":"Middleware initialized","timestamp":"2026-05-06 10:3211"}
{"level":"info","message":"Middleware initialized","timestamp":"2026-05-06 10:3214"}
{"level":"info","message":"Middleware initialized","timestamp":"2026-05-06 10:3218"}
{"level":"info","message":"Middleware initialized","timestamp":"2026-05-06 10:3222"}
{"level":"info","message":"Middleware initialized","timestamp":"2026-05-06 10:3224"}
{"level":"info","message":"Middleware initialized","timestamp":"2026-05-06 10:3225"}
{"level":"info","message":"Middleware initialized","timestamp":"2026-05-06 10:3230"}
{"level":"info","message":"Middleware initialized","timestamp":"2026-05-06 10:3232"}
{"level":"info","message":"Middleware initialized","timestamp":"2026-05-06 10:3237"}
{"level":"info","message":"Middleware initialized","timestamp":"2026-05-06 10:3239"}
{"level":"info","message":"Middleware initialized","timestamp":"2026-05-06 10:3243"}
{"level":"info","message":"Middleware initialized","timestamp":"2026-05-06 10:3249"}
{"level":"info","message":"Middleware initialized","timestamp":"2026-05-06 10:3252"}
{"level":"info","message":"Middleware initialized","timestamp":"2026-05-06 10:3257"}
{"level":"info","message":"Middleware initialized","timestamp":"2026-05-06 10:3708"}
{"level":"info","message":"Middleware initialized","timestamp":"2026-05-06 10:4113"}
{"level":"info","message":"Middleware initialized","timestamp":"2026-05-06 10:4115"}
{"level":"info","message":"Middleware initialized","timestamp":"2026-05-06 10:4118"}
{"level":"info","message":"Middleware initialized","timestamp":"2026-05-06 10:4125"}
{"level":"info","message":"Middleware initialized","timestamp":"2026-05-06 10:4146"}
{"level":"info","message":"Middleware initialized","timestamp":"2026-05-06 10:4148"}
{"level":"info","message":"Middleware initialized","timestamp":"2026-05-06 10:4225"}
{"level":"info","message":"Middleware initialized","timestamp":"2026-05-06 10:4226"}
{"level":"info","message":"Middleware initialized","timestamp":"2026-05-06 10:4230"}
{"level":"info","message":"Middleware initialized","timestamp":"2026-05-06 10:4329"}
{"level":"info","message":"Middleware initialized","timestamp":"2026-05-06 10:4331"}
{"level":"info","message":"Middleware initialized","timestamp":"2026-05-06 10:4332"}
{"level":"info","message":"Middleware initialized","timestamp":"2026-05-06 10:4411"}
{"level":"info","message":"Middleware initialized","timestamp":"2026-05-06 10:4412"}
{"level":"info","message":"Middleware initialized","timestamp":"2026-05-06 10:4421"}
{"level":"info","message":"Middleware initialized","timestamp":"2026-05-06 10:4434"}
{"level":"info","message":"Middleware initialized","timestamp":"2026-05-06 10:4450"}
{"level":"info","message":"Middleware initialized","timestamp":"2026-05-06 10:4459"}
{"level":"info","message":"Middleware initialized","timestamp":"2026-05-06 10:4530"}
{"level":"info","message":"Middleware initialized","timestamp":"2026-05-06 10:4605"}
{"level":"info","message":"Middleware initialized","timestamp":"2026-05-06 10:4627"}
{"level":"info","message":"Middleware initialized","timestamp":"2026-05-06 10:4851"}
{"level":"info","message":"Middleware initialized","timestamp":"2026-05-06 10:4855"}
{"level":"info","message":"Middleware initialized","timestamp":"2026-05-06 10:4900"}
{"level":"info","message":"Middleware initialized","timestamp":"2026-05-06 10:4902"}
{"level":"info","message":"Middleware initialized","timestamp":"2026-05-06 10:4905"}
{"level":"info","message":"Middleware initialized","timestamp":"2026-05-06 10:4928"}
{"level":"info","message":"Middleware initialized","timestamp":"2026-05-06 10:4951"}
{"level":"info","message":"Middleware initialized","timestamp":"2026-05-06 10:5009"}
{"level":"info","message":"Middleware initialized","timestamp":"2026-05-06 10:5026"}
{"level":"info","message":"Middleware initialized","timestamp":"2026-05-06 10:5216"}
{"level":"error","message":"SequelizeDatabaseError: column Product.is_deleted does not exist","method":"GET","stack":"Error\n    at Query.run (/home/ecz/Folder/Programming/Backend/pdvProject/node_modules/sequelize/lib/dialects/postgres/query.js:50:25)\n    at /home/ecz/Folder/Programming/Backend/pdvProject/node_modules/sequelize/lib/sequelize.js:315:28\n    at process.processTicksAndRejections (node:internal/process/task_queues:104:5)\n    at async PostgresQueryInterface.select (/home/ecz/Folder/Programming/Backend/pdvProject/node_modules/sequelize/lib/dialects/abstract/query-interface.js:407:12)\n    at async Product.findAll (/home/ecz/Folder/Programming/Backend/pdvProject/node_modules/sequelize/lib/model.js:1140:21)\n    at async Product.findOne (/home/ecz/Folder/Programming/Backend/pdvProject/node_modules/sequelize/lib/model.js:1240:12)\n    at async ProductService.show (/home/ecz/Folder/Programming/Backend/pdvProject/src/service/ProductService.js:48:29)\n    at async show (/home/ecz/Folder/Programming/Backend/pdvProject/src/controller/productController.js:38:29)","timestamp":"2026-05-06 10:5659","url":"/products/1","userId":2}
{"level":"info","message":"Middleware initialized","timestamp":"2026-05-06 10:5747"}
{"level":"info","message":"Middleware initialized","timestamp":"2026-05-06 10:5831"}
{"level":"info","message":"Middleware initialized","timestamp":"2026-05-06 10:5840"}
{"level":"info","message":"Middleware initialized","timestamp":"2026-05-06 10:5842"}
{"level":"info","message":"Middleware initialized","timestamp":"2026-05-06 10:5852"}
{"level":"info","message":"Middleware initialized","timestamp":"2026-05-06 10:5921"}
{"level":"error","message":"SequelizeDatabaseError: column Product.is_deleted does not exist","method":"GET","stack":"Error\n    at Query.run (/home/ecz/Folder/Programming/Backend/pdvProject/node_modules/sequelize/lib/dialects/postgres/query.js:50:25)\n    at /home/ecz/Folder/Programming/Backend/pdvProject/node_modules/sequelize/lib/sequelize.js:315:28\n    at process.processTicksAndRejections (node:internal/process/task_queues:104:5)\n    at async PostgresQueryInterface.select (/home/ecz/Folder/Programming/Backend/pdvProject/node_modules/sequelize/lib/dialects/abstract/query-interface.js:407:12)\n    at async Product.findAll (/home/ecz/Folder/Programming/Backend/pdvProject/node_modules/sequelize/lib/model.js:1140:21)\n    at async Product.findOne (/home/ecz/Folder/Programming/Backend/pdvProject/node_modules/sequelize/lib/model.js:1240:12)\n    at async ProductService.show (/home/ecz/Folder/Programming/Backend/pdvProject/src/service/ProductService.js:48:29)\n    at async show (/home/ecz/Folder/Programming/Backend/pdvProject/src/controller/productController.js:38:29)","timestamp":"2026-05-06 10:5927","url":"/products/1","userId":2}
{"level":"info","message":"Middleware initialized","timestamp":"2026-05-06 10:5939"}
{"level":"info","message":"Middleware initialized","timestamp":"2026-05-06 10:5959"}
{"level":"info","message":"Middleware initialized","timestamp":"2026-05-06 11:0108"}
{"level":"info","message":"Middleware initialized","timestamp":"2026-05-06 11:0115"}
{"level":"info","message":"Middleware initialized","timestamp":"2026-05-06 11:0117"}
{"level":"info","message":"Middleware initialized","timestamp":"2026-05-06 11:0118"}
{"level":"info","message":"Middleware initialized","timestamp":"2026-05-06 11:0121"}
{"level":"info","message":"Middleware initialized","timestamp":"2026-05-06 11:0130"}
{"level":"info","message":"Middleware initialized","timestamp":"2026-05-06 11:0132"}
{"level":"info","message":"Middleware initialized","timestamp":"2026-05-06 11:0134"}
{"level":"info","message":"Middleware initialized","timestamp":"2026-05-06 11:0137"}
{"level":"error","message":"Error: Product not found","method":"GET","stack":"Error: Product not found\n    at ProductService.show (/home/ecz/Folder/Programming/Backend/pdvProject/src/service/ProductService.js:57:32)\n    at process.processTicksAndRejections (node:internal/process/task_queues:104:5)\n    at async show (/home/ecz/Folder/Programming/Backend/pdvProject/src/controller/productController.js:38:29)","timestamp":"2026-05-06 11:0138","url":"/products/20","userId":2}
{"level":"error","message":"Error: column Product.isDeleted does not exist","method":"GET","stack":"Error: column Product.isDeleted does not exist\n    at ProductService.index (/home/ecz/Folder/Programming/Backend/pdvProject/src/service/ProductService.js:41:19)\n    at process.processTicksAndRejections (node:internal/process/task_queues:104:5)\n    at async index (/home/ecz/Folder/Programming/Backend/pdvProject/src/controller/productController.js:20:30)","timestamp":"2026-05-06 11:0212","url":"/products/","userId":2}
{"level":"info","message":"Middleware initialized","timestamp":"2026-05-06 11:0242"}
{"level":"error","message":"Error: given id is mismatched","method":"GET","stack":"Error: given id is mismatched\n    at show (/home/ecz/Folder/Programming/Backend/pdvProject/src/controller/productController.js:34:23)\n    at Layer.handleRequest (/home/ecz/Folder/Programming/Backend/pdvProject/node_modules/router/lib/layer.js:152:17)\n    at next (/home/ecz/Folder/Programming/Backend/pdvProject/node_modules/router/lib/route.js:157:13)\n    at loginRequired (/home/ecz/Folder/Programming/Backend/pdvProject/src/middlewares/loginRequired.js:20:16)\n    at Layer.handleRequest (/home/ecz/Folder/Programming/Backend/pdvProject/node_modules/router/lib/layer.js:152:17)\n    at next (/home/ecz/Folder/Programming/Backend/pdvProject/node_modules/router/lib/route.js:157:13)\n    at Route.dispatch (/home/ecz/Folder/Programming/Backend/pdvProject/node_modules/router/lib/route.js:117:3)\n    at handle (/home/ecz/Folder/Programming/Backend/pdvProject/node_modules/router/index.js:435:11)\n    at Layer.handleRequest (/home/ecz/Folder/Programming/Backend/pdvProject/node_modules/router/lib/layer.js:152:17)\n    at /home/ecz/Folder/Programming/Backend/pdvProject/node_modules/router/index.js:295:15","timestamp":"2026-05-06 11:0253","url":"/products/d","userId":2}
{"level":"info","message":"Middleware initialized","timestamp":"2026-05-06 11:1930"}
{"level":"info","message":"Middleware initialized","timestamp":"2026-05-06 11:2416"}
{"level":"info","message":"Middleware initialized","timestamp":"2026-05-06 11:2435"}
{"level":"info","message":"Middleware initialized","timestamp":"2026-05-06 11:2633"}
{"level":"info","message":"Middleware initialized","timestamp":"2026-05-06 11:2634"}
{"level":"error","message":"TypeError: Product.finByPk is not a function","method":"PUT","stack":"TypeError: Product.finByPk is not a function\n    at ProductService.update (/home/ecz/Folder/Programming/Backend/pdvProject/src/service/ProductService.js:67:43)\n    at update (/home/ecz/Folder/Programming/Backend/pdvProject/src/controller/productController.js:53:57)\n    at Layer.handleRequest (/home/ecz/Folder/Programming/Backend/pdvProject/node_modules/router/lib/layer.js:152:17)\n    at next (/home/ecz/Folder/Programming/Backend/pdvProject/node_modules/router/lib/route.js:157:13)\n    at jsonBodyRequired (/home/ecz/Folder/Programming/Backend/pdvProject/src/middlewares/jsonBodyRequired.js:6:5)\n    at Layer.handleRequest (/home/ecz/Folder/Programming/Backend/pdvProject/node_modules/router/lib/layer.js:152:17)\n    at next (/home/ecz/Folder/Programming/Backend/pdvProject/node_modules/router/lib/route.js:157:13)\n    at loginRequired (/home/ecz/Folder/Programming/Backend/pdvProject/src/middlewares/loginRequired.js:20:16)\n    at Layer.handleRequest (/home/ecz/Folder/Programming/Backend/pdvProject/node_modules/router/lib/layer.js:152:17)\n    at next (/home/ecz/Folder/Programming/Backend/pdvProject/node_modules/router/lib/route.js:157:13)","timestamp":"2026-05-06 11:2725","url":"/products/13","userId":2}
{"level":"info","message":"Middleware initialized","timestamp":"2026-05-06 11:2816"}
{"level":"info","message":"Middleware initialized","timestamp":"2026-05-06 11:2818"}
{"level":"info","message":"Middleware initialized","timestamp":"2026-05-06 11:2821"}
{"level":"info","message":"Middleware initialized","timestamp":"2026-05-06 11:3121"}
{"level":"error","message":"TypeError: ProductService.delete is not a function","method":"DELETE","stack":"TypeError: ProductService.delete is not a function\n    at delete (/home/ecz/Folder/Programming/Backend/pdvProject/src/controller/productController.js:67:56)\n    at Layer.handleRequest (/home/ecz/Folder/Programming/Backend/pdvProject/node_modules/router/lib/layer.js:152:17)\n    at next (/home/ecz/Folder/Programming/Backend/pdvProject/node_modules/router/lib/route.js:157:13)\n    at loginRequired (/home/ecz/Folder/Programming/Backend/pdvProject/src/middlewares/loginRequired.js:20:16)\n    at Layer.handleRequest (/home/ecz/Folder/Programming/Backend/pdvProject/node_modules/router/lib/layer.js:152:17)\n    at next (/home/ecz/Folder/Programming/Backend/pdvProject/node_modules/router/lib/route.js:157:13)\n    at Route.dispatch (/home/ecz/Folder/Programming/Backend/pdvProject/node_modules/router/lib/route.js:117:3)\n    at handle (/home/ecz/Folder/Programming/Backend/pdvProject/node_modules/router/index.js:435:11)\n    at Layer.handleRequest (/home/ecz/Folder/Programming/Backend/pdvProject/node_modules/router/lib/layer.js:152:17)\n    at /home/ecz/Folder/Programming/Backend/pdvProject/node_modules/router/index.js:295:15","timestamp":"2026-05-06 11:3521","url":"/products/15","userId":2}
{"level":"info","message":"Middleware initialized","timestamp":"2026-05-06 11:3715"}
{"level":"info","message":"Middleware initialized","timestamp":"2026-05-06 11:3717"}
{"level":"info","message":"Middleware initialized","timestamp":"2026-05-06 11:3719"}
{"level":"info","message":"Middleware initialized","timestamp":"2026-05-06 11:3814"}
{"level":"error","message":"ReferenceError: productId is not defined","method":"DELETE","stack":"ReferenceError: productId is not defined\n    at ProductService.softDelete (/home/ecz/Folder/Programming/Backend/pdvProject/src/service/ProductService.js:92:26)\n    at process.processTicksAndRejections (node:internal/process/task_queues:104:5)\n    at async softDelete (/home/ecz/Folder/Programming/Backend/pdvProject/src/controller/productController.js:67:29)","timestamp":"2026-05-06 11:3823","url":"/products/15","userId":2}
{"level":"info","message":"Middleware initialized","timestamp":"2026-05-06 11:3905"}
{"level":"info","message":"Middleware initialized","timestamp":"2026-05-06 11:3918"}
{"level":"info","message":"Middleware initialized","timestamp":"2026-05-06 11:4759"}
{"level":"info","message":"Middleware initialized","timestamp":"2026-05-06 11:4801"}
{"level":"info","message":"Middleware initialized","timestamp":"2026-05-06 11:4805"}
{"level":"info","message":"Middleware initialized","timestamp":"2026-05-06 11:5030"}
{"level":"info","message":"Middleware initialized","timestamp":"2026-05-06 11:5042"}
{"level":"info","message":"Middleware initialized","timestamp":"2026-05-06 11:5043"}
{"level":"info","message":"Middleware initialized","timestamp":"2026-05-06 11:5047"}
{"level":"info","message":"Middleware initialized","timestamp":"2026-05-06 11:5051"}
{"level":"info","message":"Middleware initialized","timestamp":"2026-05-06 11:5054"}
{"level":"info","message":"Middleware initialized","timestamp":"2026-05-06 11:5057"}
{"level":"info","message":"Middleware initialized","timestamp":"2026-05-06 11:5103"}
{"level":"info","message":"Middleware initialized","timestamp":"2026-05-06 11:5113"}
{"level":"info","message":"Middleware initialized","timestamp":"2026-05-06 11:5118"}
{"level":"info","message":"Middleware initialized","timestamp":"2026-05-06 11:5121"}
{"level":"error","message":"Error: Product not found","method":"DELETE","stack":"Error: Product not found\n    at ProductService.softDelete (/home/ecz/Folder/Programming/Backend/pdvProject/src/service/ProductService.js:87:23)\n    at process.processTicksAndRejections (node:internal/process/task_queues:104:5)\n    at async softDelete (/home/ecz/Folder/Programming/Backend/pdvProject/src/controller/productController.js:67:29)","timestamp":"2026-05-06 11:5125","url":"/products/6","userId":2}
{"level":"info","message":"Middleware initialized","timestamp":"2026-05-06 11:5301"}
{"level":"info","message":"Middleware initialized","timestamp":"2026-05-06 11:5304"}
{"level":"error","message":"Error: To remove the product, the quantity in stock must be 0. Current Stock: [object SequelizeInstance:Stock]","method":"DELETE","stack":"Error: To remove the product, the quantity in stock must be 0. Current Stock: [object SequelizeInstance:Stock]\n    at ProductService.softDelete (/home/ecz/Folder/Programming/Backend/pdvProject/src/service/ProductService.js:98:23)\n    at process.processTicksAndRejections (node:internal/process/task_queues:104:5)\n    at async softDelete (/home/ecz/Folder/Programming/Backend/pdvProject/src/controller/productController.js:67:29)","timestamp":"2026-05-06 11:5310","url":"/products/8","userId":2}
{"level":"info","message":"Middleware initialized","timestamp":"2026-05-06 11:5336"}
{"level":"info","message":"Middleware initialized","timestamp":"2026-05-06 11:5346"}
{"level":"error","message":"Error: To remove the product, the quantity in stock must be 0. Current Stock: 6","method":"DELETE","stack":"Error: To remove the product, the quantity in stock must be 0. Current Stock: 6\n    at ProductService.softDelete (/home/ecz/Folder/Programming/Backend/pdvProject/src/service/ProductService.js:99:23)\n    at process.processTicksAndRejections (node:internal/process/task_queues:104:5)\n    at async softDelete (/home/ecz/Folder/Programming/Backend/pdvProject/src/controller/productController.js:67:29)","timestamp":"2026-05-06 11:5348","url":"/products/8","userId":2}
{"level":"error","message":"Error: To remove the product, the quantity in stock must be 0. Current Stock: 8","method":"DELETE","stack":"Error: To remove the product, the quantity in stock must be 0. Current Stock: 8\n    at ProductService.softDelete (/home/ecz/Folder/Programming/Backend/pdvProject/src/service/ProductService.js:99:23)\n    at process.processTicksAndRejections (node:internal/process/task_queues:104:5)\n    at async softDelete (/home/ecz/Folder/Programming/Backend/pdvProject/src/controller/productController.js:67:29)","timestamp":"2026-05-06 11:5906","url":"/products/1","userId":2}
{"level":"error","message":"Error: To remove the product, the quantity in stock must be 0. Current Stock: 6","method":"DELETE","stack":"Error: To remove the product, the quantity in stock must be 0. Current Stock: 6\n    at ProductService.softDelete (/home/ecz/Folder/Programming/Backend/pdvProject/src/service/ProductService.js:99:23)\n    at process.processTicksAndRejections (node:internal/process/task_queues:104:5)\n    at async softDelete (/home/ecz/Folder/Programming/Backend/pdvProject/src/controller/productController.js:67:29)","timestamp":"2026-05-06 11:5914","url":"/products/2","userId":2}
{"level":"error","message":"Error: To remove the product, the quantity in stock must be 0. Current Stock: 5","method":"DELETE","stack":"Error: To remove the product, the quantity in stock must be 0. Current Stock: 5\n    at ProductService.softDelete (/home/ecz/Folder/Programming/Backend/pdvProject/src/service/ProductService.js:99:23)\n    at process.processTicksAndRejections (node:internal/process/task_queues:104:5)\n    at async softDelete (/home/ecz/Folder/Programming/Backend/pdvProject/src/controller/productController.js:67:29)","timestamp":"2026-05-06 11:5919","url":"/products/3","userId":2}
{"level":"info","message":"Middleware initialized","timestamp":"2026-05-06 11:5956"}
{"level":"error","message":"TypeError: Cannot read properties of null (reading 'dataValues')","method":"DELETE","stack":"TypeError: Cannot read properties of null (reading 'dataValues')\n    at ProductService.softDelete (/home/ecz/Folder/Programming/Backend/pdvProject/src/service/ProductService.js:96:26)\n    at process.processTicksAndRejections (node:internal/process/task_queues:104:5)\n    at async softDelete (/home/ecz/Folder/Programming/Backend/pdvProject/src/controller/productController.js:67:29)","timestamp":"2026-05-06 12:0052","url":"/products/15","userId":2}
{"level":"info","message":"Middleware initialized","timestamp":"2026-05-06 12:0127"}
{"level":"info","message":"Middleware initialized","timestamp":"2026-05-06 12:0129"}
{"level":"error","message":"TypeError: Cannot read properties of null (reading 'dataValues')","method":"DELETE","stack":"TypeError: Cannot read properties of null (reading 'dataValues')\n    at ProductService.softDelete (/home/ecz/Folder/Programming/Backend/pdvProject/src/service/ProductService.js:96:26)\n    at process.processTicksAndRejections (node:internal/process/task_queues:104:5)\n    at async softDelete (/home/ecz/Folder/Programming/Backend/pdvProject/src/controller/productController.js:67:29)","timestamp":"2026-05-06 12:0132","url":"/products/15","userId":2}
{"level":"info","message":"Middleware initialized","timestamp":"2026-05-06 12:0144"}
{"level":"info","message":"Middleware initialized","timestamp":"2026-05-06 12:0148"}
{"level":"info","message":"Middleware initialized","timestamp":"2026-05-06 12:0149"}
{"level":"info","message":"Middleware initialized","timestamp":"2026-05-06 12:0152"}
{"level":"info","message":"Middleware initialized","timestamp":"2026-05-06 12:0156"}
{"level":"info","message":"Middleware initialized","timestamp":"2026-05-06 13:0803"}
{"level":"info","message":"Middleware initialized","timestamp":"2026-05-06 13:1356"}
{"level":"info","message":"Middleware initialized","timestamp":"2026-05-06 13:1551"}
{"level":"info","message":"Middleware initialized","timestamp":"2026-05-06 13:2219"}
{"level":"info","message":"Middleware initialized","timestamp":"2026-05-06 13:2524"}
{"level":"info","message":"Middleware initialized","timestamp":"2026-05-06 13:2528"}
{"level":"info","message":"Middleware initialized","timestamp":"2026-05-06 13:2529"}
{"level":"info","message":"Middleware initialized","timestamp":"2026-05-06 13:2532"}
{"level":"info","message":"Middleware initialized","timestamp":"2026-05-06 13:2533"}
{"level":"info","message":"Middleware initialized","timestamp":"2026-05-06 13:2536"}
{"level":"info","message":"Middleware initialized","timestamp":"2026-05-06 13:2629"}
{"level":"info","message":"Middleware initialized","timestamp":"2026-05-06 13:2631"}
{"level":"info","message":"Middleware initialized","timestamp":"2026-05-06 13:2648"}
{"level":"info","message":"Middleware initialized","timestamp":"2026-05-06 13:2651"}
{"level":"info","message":"Middleware initialized","timestamp":"2026-05-06 13:2706"}
{"level":"info","message":"Middleware initialized","timestamp":"2026-05-06 13:2940"}
{"level":"info","message":"Middleware initialized","timestamp":"2026-05-06 13:2954"}
{"level":"info","message":"Middleware initialized","timestamp":"2026-05-06 13:3127"}
{"level":"info","message":"Middleware initialized","timestamp":"2026-05-06 13:3157"}
{"level":"info","message":"Middleware initialized","timestamp":"2026-05-06 13:3158"}
{"level":"error","message":"Error: Invalid value { undefined: null }","method":"GET","stack":"Error: Invalid value { undefined: null }\n    at Object.escape (/home/ecz/Folder/Programming/Backend/pdvProject/node_modules/sequelize/lib/sql-string.js:54:11)\n    at PostgresQueryGenerator.escape (/home/ecz/Folder/Programming/Backend/pdvProject/node_modules/sequelize/lib/dialects/abstract/query-generator.js:766:22)\n    at PostgresQueryGenerator._whereParseSingleValueObject (/home/ecz/Folder/Programming/Backend/pdvProject/node_modules/sequelize/lib/dialects/abstract/query-generator.js:2060:41)\n    at PostgresQueryGenerator.whereItemQuery (/home/ecz/Folder/Programming/Backend/pdvProject/node_modules/sequelize/lib/dialects/abstract/query-generator.js:1818:19)\n    at /home/ecz/Folder/Programming/Backend/pdvProject/node_modules/sequelize/lib/dialects/abstract/query-generator.js:1737:25\n    at Array.forEach (<anonymous>)\n    at PostgresQueryGenerator.whereItemsQuery (/home/ecz/Folder/Programming/Backend/pdvProject/node_modules/sequelize/lib/dialects/abstract/query-generator.js:1735:35)\n    at PostgresQueryGenerator.getWhereConditions (/home/ecz/Folder/Programming/Backend/pdvProject/node_modules/sequelize/lib/dialects/abstract/query-generator.js:2078:19)\n    at PostgresQueryGenerator.selectQuery (/home/ecz/Folder/Programming/Backend/pdvProject/node_modules/sequelize/lib/dialects/abstract/query-generator.js:991:28)\n    at PostgresQueryInterface.select (/home/ecz/Folder/Programming/Backend/pdvProject/node_modules/sequelize/lib/dialects/abstract/query-interface.js:407:59)","timestamp":"2026-05-06 13:3200","url":"/products/archiveds","userId":2}
{"level":"info","message":"Middleware initialized","timestamp":"2026-05-06 13:3207"}
{"level":"info","message":"Middleware initialized","timestamp":"2026-05-06 13:3208"}
{"level":"info","message":"Middleware initialized","timestamp":"2026-05-06 13:3239"}
{"level":"info","message":"Middleware initialized","timestamp":"2026-05-06 13:3302"}
{"level":"error","message":"Error: product is not deleted thus can not be restored","method":"PATCH","stack":"Error: product is not deleted thus can not be restored\n    at ProductService.restore (/home/ecz/Folder/Programming/Backend/pdvProject/src/service/ProductService.js:138:23)\n    at process.processTicksAndRejections (node:internal/process/task_queues:104:5)\n    at async restore (/home/ecz/Folder/Programming/Backend/pdvProject/src/controller/productController.js:97:29)","timestamp":"2026-05-06 13:3705","url":"/products/15/restore","userId":2}
{"level":"info","message":"Middleware initialized","timestamp":"2026-05-06 13:3814"}
{"level":"info","message":"Middleware initialized","timestamp":"2026-05-06 13:3818"}
{"level":"error","message":"Error: product is not deleted thus can not be restored","method":"PATCH","stack":"Error: product is not deleted thus can not be restored\n    at ProductService.restore (/home/ecz/Folder/Programming/Backend/pdvProject/src/service/ProductService.js:138:23)\n    at process.processTicksAndRejections (node:internal/process/task_queues:104:5)\n    at async restore (/home/ecz/Folder/Programming/Backend/pdvProject/src/controller/productController.js:97:29)","timestamp":"2026-05-06 13:3845","url":"/products/15/restore","userId":2}
{"level":"info","message":"Middleware initialized","timestamp":"2026-05-06 13:3906"}
{"level":"error","message":"Error: product is not deleted thus can not be restored","method":"PATCH","stack":"Error: product is not deleted thus can not be restored\n    at ProductService.restore (/home/ecz/Folder/Programming/Backend/pdvProject/src/service/ProductService.js:138:23)\n    at process.processTicksAndRejections (node:internal/process/task_queues:104:5)\n    at async restore (/home/ecz/Folder/Programming/Backend/pdvProject/src/controller/productController.js:97:29)","timestamp":"2026-05-06 13:3909","url":"/products/15/restore","userId":2}
{"level":"info","message":"Middleware initialized","timestamp":"2026-05-06 13:4032"}
{"level":"error","message":"Error: product is not deleted thus can not be restored","method":"PATCH","stack":"Error: product is not deleted thus can not be restored\n    at ProductService.restore (/home/ecz/Folder/Programming/Backend/pdvProject/src/service/ProductService.js:138:23)\n    at process.processTicksAndRejections (node:internal/process/task_queues:104:5)\n    at async restore (/home/ecz/Folder/Programming/Backend/pdvProject/src/controller/productController.js:97:29)","timestamp":"2026-05-06 13:4037","url":"/products/15/restore","userId":2}
{"level":"info","message":"Middleware initialized","timestamp":"2026-05-06 13:4051"}
{"level":"info","message":"Middleware initialized","timestamp":"2026-05-06 13:4249"}
{"level":"info","message":"Middleware initialized","timestamp":"2026-05-06 13:4317"}
{"level":"info","message":"Middleware initialized","timestamp":"2026-05-06 13:4335"}
{"level":"info","message":"Middleware initialized","timestamp":"2026-05-06 13:5254"}
{"level":"info","message":"Middleware initialized","timestamp":"2026-05-06 13:5322"}
{"level":"error","message":"Error: Client not found","method":"PATCH","stack":"Error: Client not found\n    at ClientService.restore (/home/ecz/Folder/Programming/Backend/pdvProject/src/service/ClientService.js:121:23)\n    at process.processTicksAndRejections (node:internal/process/task_queues:104:5)\n    at async restore (/home/ecz/Folder/Programming/Backend/pdvProject/src/controller/clientController.js:93:28)","timestamp":"2026-05-06 13:5456","url":"/clients/15/restore","userId":2}
{"level":"info","message":"Middleware initialized","timestamp":"2026-05-06 13:5910"}
{"level":"info","message":"Middleware initialized","timestamp":"2026-05-06 14:5209"}
{"level":"info","message":"Middleware initialized","timestamp":"2026-05-06 15:0054"}
{"level":"info","message":"Middleware initialized","timestamp":"2026-05-06 15:0058"}
{"level":"info","message":"Middleware initialized","timestamp":"2026-05-06 15:0126"}
{"level":"info","message":"Middleware initialized","timestamp":"2026-05-06 15:0404"}
{"level":"info","message":"Middleware initialized","timestamp":"2026-05-06 15:0549"}
{"level":"info","message":"Middleware initialized","timestamp":"2026-05-06 15:0602"}
{"level":"info","message":"Middleware initialized","timestamp":"2026-05-06 15:0604"}
{"level":"info","message":"Middleware initialized","timestamp":"2026-05-06 15:0615"}
{"level":"info","message":"Middleware initialized","timestamp":"2026-05-06 15:0924"}
{"level":"info","message":"Middleware initialized","timestamp":"2026-05-06 15:0927"}
{"level":"info","message":"Middleware initialized","timestamp":"2026-05-06 15:1218"}
{"level":"info","message":"Middleware initialized","timestamp":"2026-05-06 15:1225"}
{"level":"info","message":"Middleware initialized","timestamp":"2026-05-06 15:1230"}
{"level":"info","message":"Middleware initialized","timestamp":"2026-05-06 15:1234"}
{"level":"info","message":"Middleware initialized","timestamp":"2026-05-06 15:1344"}
{"level":"info","message":"Middleware initialized","timestamp":"2026-05-06 15:1350"}
{"level":"info","message":"Middleware initialized","timestamp":"2026-05-06 15:1400"}
{"level":"info","message":"Middleware initialized","timestamp":"2026-05-06 15:1405"}
{"level":"info","message":"Middleware initialized","timestamp":"2026-05-06 15:1409"}
{"level":"info","message":"Middleware initialized","timestamp":"2026-05-06 15:1411"}
{"level":"info","message":"Middleware initialized","timestamp":"2026-05-06 15:1423"}
{"level":"info","message":"Middleware initialized","timestamp":"2026-05-06 15:1435"}
{"level":"info","message":"Middleware initialized","timestamp":"2026-05-06 15:1438"}
{"level":"info","message":"Middleware initialized","timestamp":"2026-05-06 15:1557"}
{"level":"info","message":"Middleware initialized","timestamp":"2026-05-06 15:1559"}
{"level":"info","message":"Middleware initialized","timestamp":"2026-05-06 15:1609"}
{"level":"info","message":"Middleware initialized","timestamp":"2026-05-06 15:1612"}
{"level":"info","message":"Middleware initialized","timestamp":"2026-05-06 15:1630"}
{"level":"info","message":"Middleware initialized","timestamp":"2026-05-06 15:1642"}
{"level":"info","message":"Middleware initialized","timestamp":"2026-05-06 15:1703"}
{"level":"info","message":"Middleware initialized","timestamp":"2026-05-06 15:1747"}
{"level":"info","message":"Middleware initialized","timestamp":"2026-05-06 15:1754"}
{"level":"info","message":"Middleware initialized","timestamp":"2026-05-06 15:1756"}
{"level":"info","message":"Middleware initialized","timestamp":"2026-05-06 15:1804"}
{"level":"info","message":"Middleware initialized","timestamp":"2026-05-06 15:1805"}
{"level":"info","message":"Middleware initialized","timestamp":"2026-05-06 15:1810"}
{"level":"info","message":"Middleware initialized","timestamp":"2026-05-06 15:1814"}
{"level":"info","message":"Middleware initialized","timestamp":"2026-05-06 15:1819"}
{"level":"info","message":"Middleware initialized","timestamp":"2026-05-06 15:1827"}
{"level":"info","message":"Middleware initialized","timestamp":"2026-05-06 15:1900"}
{"level":"info","message":"Middleware initialized","timestamp":"2026-05-06 15:1906"}
{"level":"info","message":"Middleware initialized","timestamp":"2026-05-06 15:1913"}
{"level":"info","message":"Middleware initialized","timestamp":"2026-05-06 15:1922"}
{"level":"info","message":"Middleware initialized","timestamp":"2026-05-06 15:1950"}
{"level":"info","message":"Middleware initialized","timestamp":"2026-05-06 15:2011"}
{"level":"info","message":"Middleware initialized","timestamp":"2026-05-06 15:2424"}
{"level":"info","message":"Middleware initialized","timestamp":"2026-05-06 15:2441"}
{"level":"info","message":"Middleware initialized","timestamp":"2026-05-06 15:2458"}
{"level":"info","message":"Middleware initialized","timestamp":"2026-05-06 15:2501"}
{"level":"info","message":"Middleware initialized","timestamp":"2026-05-06 15:2505"}
{"level":"info","message":"Middleware initialized","timestamp":"2026-05-06 15:2508"}
{"level":"info","message":"Middleware initialized","timestamp":"2026-05-06 15:2511"}
{"level":"info","message":"Middleware initialized","timestamp":"2026-05-06 15:2516"}
{"level":"info","message":"Middleware initialized","timestamp":"2026-05-06 15:2753"}
{"level":"error","message":"TypeError: StockService.transactionsBetweenTwoDates is not a function","method":"GET","stack":"TypeError: StockService.transactionsBetweenTwoDates is not a function\n    at transactions (/home/ecz/Folder/Programming/Backend/pdvProject/src/controller/stockController.js:121:53)\n    at Layer.handleRequest (/home/ecz/Folder/Programming/Backend/pdvProject/node_modules/router/lib/layer.js:152:17)\n    at next (/home/ecz/Folder/Programming/Backend/pdvProject/node_modules/router/lib/route.js:157:13)\n    at loginRequired (/home/ecz/Folder/Programming/Backend/pdvProject/src/middlewares/loginRequired.js:20:16)\n    at Layer.handleRequest (/home/ecz/Folder/Programming/Backend/pdvProject/node_modules/router/lib/layer.js:152:17)\n    at next (/home/ecz/Folder/Programming/Backend/pdvProject/node_modules/router/lib/route.js:157:13)\n    at Route.dispatch (/home/ecz/Folder/Programming/Backend/pdvProject/node_modules/router/lib/route.js:117:3)\n    at handle (/home/ecz/Folder/Programming/Backend/pdvProject/node_modules/router/index.js:435:11)\n    at Layer.handleRequest (/home/ecz/Folder/Programming/Backend/pdvProject/node_modules/router/lib/layer.js:152:17)\n    at /home/ecz/Folder/Programming/Backend/pdvProject/node_modules/router/index.js:295:15","timestamp":"2026-05-06 15:2802","url":"/stock/transactions?initialDate=2026-01-01&endDate=2026-05-01","userId":2}
{"level":"info","message":"Middleware initialized","timestamp":"2026-05-06 15:2857"}
{"level":"info","message":"Middleware initialized","timestamp":"2026-05-06 18:4543"}
{"level":"info","message":"Middleware initialized","timestamp":"2026-05-06 18:4909"}
{"level":"info","message":"Middleware initialized","timestamp":"2026-05-06 18:4943"}
{"level":"info","message":"Middleware initialized","timestamp":"2026-05-06 18:5010"}
{"level":"info","message":"Middleware initialized","timestamp":"2026-05-06 18:5013"}
{"level":"info","message":"Middleware initialized","timestamp":"2026-05-06 18:5032"}
{"level":"info","message":"Middleware initialized","timestamp":"2026-05-06 18:5045"}
{"level":"info","message":"Middleware initialized","timestamp":"2026-05-06 18:5324"}
{"level":"info","message":"Middleware initialized","timestamp":"2026-05-06 18:5330"}
{"level":"info","message":"Middleware initialized","timestamp":"2026-05-06 18:5339"}
{"level":"info","message":"Middleware initialized","timestamp":"2026-05-06 18:5342"}
{"level":"info","message":"Middleware initialized","timestamp":"2026-05-06 18:5345"}
{"level":"info","message":"Middleware initialized","timestamp":"2026-05-06 18:5416"}
{"level":"info","message":"Middleware initialized","timestamp":"2026-05-06 18:5418"}
{"level":"info","message":"Middleware initialized","timestamp":"2026-05-06 18:5426"}
{"level":"info","message":"Middleware initialized","timestamp":"2026-05-06 18:5432"}
{"level":"info","message":"Middleware initialized","timestamp":"2026-05-06 18:5458"}
{"level":"info","message":"Middleware initialized","timestamp":"2026-05-06 18:5500"}
{"level":"info","message":"Middleware initialized","timestamp":"2026-05-06 18:5516"}
{"level":"info","message":"Middleware initialized","timestamp":"2026-05-06 18:5518"}
{"level":"info","message":"Middleware initialized","timestamp":"2026-05-06 18:5520"}
{"level":"info","message":"Middleware initialized","timestamp":"2026-05-06 18:5528"}
{"level":"info","message":"Middleware initialized","timestamp":"2026-05-06 18:5530"}
{"level":"info","message":"Middleware initialized","timestamp":"2026-05-06 18:5536"}
{"level":"info","message":"Middleware initialized","timestamp":"2026-05-06 18:5543"}
{"level":"info","message":"Middleware initialized","timestamp":"2026-05-06 18:5633"}
{"level":"info","message":"Middleware initialized","timestamp":"2026-05-06 18:5636"}
{"level":"info","message":"Middleware initialized","timestamp":"2026-05-06 18:5639"}
{"level":"info","message":"Middleware initialized","timestamp":"2026-05-06 18:5718"}
{"level":"info","message":"Middleware initialized","timestamp":"2026-05-06 18:5726"}
{"level":"info","message":"Middleware initialized","timestamp":"2026-05-06 18:5735"}
{"level":"info","message":"Middleware initialized","timestamp":"2026-05-06 18:5738"}
{"level":"info","message":"Middleware initialized","timestamp":"2026-05-06 18:5751"}
{"level":"info","message":"Middleware initialized","timestamp":"2026-05-06 18:5757"}
{"level":"info","message":"Middleware initialized","timestamp":"2026-05-06 18:5800"}
{"level":"info","message":"Middleware initialized","timestamp":"2026-05-06 18:5801"}
{"level":"info","message":"Middleware initialized","timestamp":"2026-05-06 18:5802"}
{"level":"info","message":"Middleware initialized","timestamp":"2026-05-06 18:5813"}
{"level":"info","message":"Middleware initialized","timestamp":"2026-05-06 18:5821"}
{"level":"info","message":"Middleware initialized","timestamp":"2026-05-06 18:5831"}
{"level":"info","message":"Middleware initialized","timestamp":"2026-05-06 18:5852"}
{"level":"info","message":"Middleware initialized","timestamp":"2026-05-06 18:5856"}
{"level":"info","message":"Middleware initialized","timestamp":"2026-05-06 18:5910"}
{"level":"info","message":"Middleware initialized","timestamp":"2026-05-06 18:5916"}
{"level":"info","message":"Middleware initialized","timestamp":"2026-05-06 18:5958"}
{"level":"info","message":"Middleware initialized","timestamp":"2026-05-06 19:0056"}
{"level":"info","message":"Middleware initialized","timestamp":"2026-05-06 19:0134"}
{"level":"info","message":"Middleware initialized","timestamp":"2026-05-06 19:0137"}
{"level":"info","message":"Middleware initialized","timestamp":"2026-05-06 19:0408"}
{"level":"info","message":"Middleware initialized","timestamp":"2026-05-06 19:0411"}
{"level":"info","message":"Middleware initialized","timestamp":"2026-05-06 19:0428"}
{"level":"info","message":"Middleware initialized","timestamp":"2026-05-06 19:0434"}
{"level":"info","message":"Middleware initialized","timestamp":"2026-05-06 19:0436"}
{"level":"info","message":"Middleware initialized","timestamp":"2026-05-06 19:0441"}
{"level":"info","message":"Middleware initialized","timestamp":"2026-05-06 19:0450"}
{"level":"info","message":"Middleware initialized","timestamp":"2026-05-06 19:0451"}
{"level":"info","message":"Middleware initialized","timestamp":"2026-05-06 19:0453"}
{"level":"info","message":"Middleware initialized","timestamp":"2026-05-06 19:0456"}
{"level":"info","message":"Middleware initialized","timestamp":"2026-05-06 19:0659"}
{"level":"info","message":"Middleware initialized","timestamp":"2026-05-06 19:0708"}
{"level":"info","message":"Middleware initialized","timestamp":"2026-05-06 19:0912"}
{"level":"info","message":"Middleware initialized","timestamp":"2026-05-06 19:0944"}
{"level":"info","message":"Middleware initialized","timestamp":"2026-05-06 19:0959"}
{"level":"info","message":"Middleware initialized","timestamp":"2026-05-06 19:1008"}
{"level":"info","message":"Middleware initialized","timestamp":"2026-05-06 19:1011"}
{"level":"info","message":"Middleware initialized","timestamp":"2026-05-06 19:1013"}
{"level":"info","message":"Middleware initialized","timestamp":"2026-05-06 19:1024"}
{"level":"info","message":"Middleware initialized","timestamp":"2026-05-06 19:1028"}
{"level":"info","message":"Middleware initialized","timestamp":"2026-05-06 19:1040"}
{"level":"info","message":"Middleware initialized","timestamp":"2026-05-06 20:1506"}
{"level":"info","message":"Middleware initialized","timestamp":"2026-05-06 20:2910"}
{"level":"error","message":"Error: WHERE parameter \"product_id\" has invalid \"undefined\" value","method":"PATCH","stack":"Error: WHERE parameter \"product_id\" has invalid \"undefined\" value\n    at PostgresQueryGenerator.whereItemQuery (/home/ecz/Folder/Programming/Backend/pdvProject/node_modules/sequelize/lib/dialects/abstract/query-generator.js:1746:13)\n    at /home/ecz/Folder/Programming/Backend/pdvProject/node_modules/sequelize/lib/dialects/abstract/query-generator.js:1737:25\n    at Array.forEach (<anonymous>)\n    at PostgresQueryGenerator.whereItemsQuery (/home/ecz/Folder/Programming/Backend/pdvProject/node_modules/sequelize/lib/dialects/abstract/query-generator.js:1735:35)\n    at PostgresQueryGenerator.whereQuery (/home/ecz/Folder/Programming/Backend/pdvProject/node_modules/sequelize/lib/dialects/abstract/query-generator.js:1717:24)\n    at PostgresQueryGenerator.arithmeticQuery (/home/ecz/Folder/Programming/Backend/pdvProject/node_modules/sequelize/lib/dialects/abstract/query-generator.js:408:12)\n    at PostgresQueryInterface.increment (/home/ecz/Folder/Programming/Backend/pdvProject/node_modules/sequelize/lib/dialects/abstract/query-interface.js:411:37)\n    at Stock.increment (/home/ecz/Folder/Programming/Backend/pdvProject/node_modules/sequelize/lib/model.js:2115:48)\n    at /home/ecz/Folder/Programming/Backend/pdvProject/src/service/StockService.js:58:44\n    at /home/ecz/Folder/Programming/Backend/pdvProject/node_modules/sequelize/lib/sequelize.js:507:24","timestamp":"2026-05-06 20:3400","url":"/stock/8","userId":2}
{"level":"info","message":"Middleware initialized","timestamp":"2026-05-06 20:3425"}
{"level":"info","message":"Middleware initialized","timestamp":"2026-05-06 20:3427"}
{"level":"error","message":"Error: WHERE parameter \"product_id\" has invalid \"undefined\" value","method":"PATCH","stack":"Error: WHERE parameter \"product_id\" has invalid \"undefined\" value\n    at PostgresQueryGenerator.whereItemQuery (/home/ecz/Folder/Programming/Backend/pdvProject/node_modules/sequelize/lib/dialects/abstract/query-generator.js:1746:13)\n    at /home/ecz/Folder/Programming/Backend/pdvProject/node_modules/sequelize/lib/dialects/abstract/query-generator.js:1737:25\n    at Array.forEach (<anonymous>)\n    at PostgresQueryGenerator.whereItemsQuery (/home/ecz/Folder/Programming/Backend/pdvProject/node_modules/sequelize/lib/dialects/abstract/query-generator.js:1735:35)\n    at PostgresQueryGenerator.whereQuery (/home/ecz/Folder/Programming/Backend/pdvProject/node_modules/sequelize/lib/dialects/abstract/query-generator.js:1717:24)\n    at PostgresQueryGenerator.arithmeticQuery (/home/ecz/Folder/Programming/Backend/pdvProject/node_modules/sequelize/lib/dialects/abstract/query-generator.js:408:12)\n    at PostgresQueryInterface.increment (/home/ecz/Folder/Programming/Backend/pdvProject/node_modules/sequelize/lib/dialects/abstract/query-interface.js:411:37)\n    at Stock.increment (/home/ecz/Folder/Programming/Backend/pdvProject/node_modules/sequelize/lib/model.js:2115:48)\n    at /home/ecz/Folder/Programming/Backend/pdvProject/src/service/StockService.js:58:44\n    at /home/ecz/Folder/Programming/Backend/pdvProject/node_modules/sequelize/lib/sequelize.js:507:24","timestamp":"2026-05-06 20:3430","url":"/stock/8","userId":2}
{"level":"info","message":"Middleware initialized","timestamp":"2026-05-06 20:3526"}
{"level":"info","message":"Middleware initialized","timestamp":"2026-05-06 20:3536"}
{"level":"info","message":"Middleware initialized","timestamp":"2026-05-06 20:3541"}
{"level":"info","message":"Middleware initialized","timestamp":"2026-05-06 20:3544"}
{"level":"info","message":"Middleware initialized","timestamp":"2026-05-06 20:3601"}
{"level":"info","message":"Middleware initialized","timestamp":"2026-05-06 20:3602"}
{"level":"info","message":"Middleware initialized","timestamp":"2026-05-06 20:3613"}
{"level":"info","message":"Middleware initialized","timestamp":"2026-05-06 20:3614"}
{"level":"error","message":"SequelizeValidationError: notNull Violation: StockAdjustment.qtyChange cannot be null","method":"PATCH","stack":"SequelizeValidationError: notNull Violation: StockAdjustment.qtyChange cannot be null\n    at InstanceValidator._validate (/home/ecz/Folder/Programming/Backend/pdvProject/node_modules/sequelize/lib/instance-validator.js:50:13)\n    at process.processTicksAndRejections (node:internal/process/task_queues:104:5)\n    at async InstanceValidator._validateAndRunHooks (/home/ecz/Folder/Programming/Backend/pdvProject/node_modules/sequelize/lib/instance-validator.js:60:7)\n    at async InstanceValidator.validate (/home/ecz/Folder/Programming/Backend/pdvProject/node_modules/sequelize/lib/instance-validator.js:54:12)\n    at async StockAdjustment.save (/home/ecz/Folder/Programming/Backend/pdvProject/node_modules/sequelize/lib/model.js:2426:7)\n    at async StockAdjustment.create (/home/ecz/Folder/Programming/Backend/pdvProject/node_modules/sequelize/lib/model.js:1362:12)\n    at async /home/ecz/Folder/Programming/Backend/pdvProject/src/service/StockService.js:69:36\n    at async /home/ecz/Folder/Programming/Backend/pdvProject/node_modules/sequelize/lib/sequelize.js:507:18\n    at async adjustment (/home/ecz/Folder/Programming/Backend/pdvProject/src/controller/stockController.js:28:31)","timestamp":"2026-05-06 20:3634","url":"/stock/8","userId":2}
{"level":"info","message":"Middleware initialized","timestamp":"2026-05-06 20:3835"}
{"level":"info","message":"Middleware initialized","timestamp":"2026-05-06 20:3912"}
{"level":"info","message":"Middleware initialized","timestamp":"2026-05-06 20:4022"}
{"level":"info","message":"Middleware initialized","timestamp":"2026-05-06 20:4027"}
{"level":"info","message":"Middleware initialized","timestamp":"2026-05-06 20:4028"}
{"level":"info","message":"Middleware initialized","timestamp":"2026-05-06 20:4030"}
{"level":"info","message":"Middleware initialized","timestamp":"2026-05-06 20:4032"}
{"level":"info","message":"Middleware initialized","timestamp":"2026-05-06 20:4040"}
{"level":"info","message":"Middleware initialized","timestamp":"2026-05-06 20:4055"}
{"level":"info","message":"Middleware initialized","timestamp":"2026-05-06 20:4121"}
{"level":"info","message":"Middleware initialized","timestamp":"2026-05-06 20:4145"}
{"level":"info","message":"Middleware initialized","timestamp":"2026-05-06 20:4157"}
{"level":"info","message":"Middleware initialized","timestamp":"2026-05-06 20:4205"}
{"level":"error","message":"Error: Required field is missing","method":"PATCH","stack":"Error: Required field is missing\n    at adjustment (/home/ecz/Folder/Programming/Backend/pdvProject/src/controller/stockController.js:29:59)\n    at Layer.handleRequest (/home/ecz/Folder/Programming/Backend/pdvProject/node_modules/router/lib/layer.js:152:17)\n    at next (/home/ecz/Folder/Programming/Backend/pdvProject/node_modules/router/lib/route.js:157:13)\n    at jsonBodyRequired (/home/ecz/Folder/Programming/Backend/pdvProject/src/middlewares/jsonBodyRequired.js:6:5)\n    at Layer.handleRequest (/home/ecz/Folder/Programming/Backend/pdvProject/node_modules/router/lib/layer.js:152:17)\n    at next (/home/ecz/Folder/Programming/Backend/pdvProject/node_modules/router/lib/route.js:157:13)\n    at loginRequired (/home/ecz/Folder/Programming/Backend/pdvProject/src/middlewares/loginRequired.js:20:16)\n    at Layer.handleRequest (/home/ecz/Folder/Programming/Backend/pdvProject/node_modules/router/lib/layer.js:152:17)\n    at next (/home/ecz/Folder/Programming/Backend/pdvProject/node_modules/router/lib/route.js:157:13)\n    at Route.dispatch (/home/ecz/Folder/Programming/Backend/pdvProject/node_modules/router/lib/route.js:117:3)","timestamp":"2026-05-06 20:4308","url":"/stock/8","userId":2}
{"level":"error","message":"SyntaxError: Expected double-quoted property name in JSON at position 20 (line 4 column 1)","method":"PATCH","stack":"SyntaxError: Expected double-quoted property name in JSON at position 20 (line 4 column 1)\n    at JSON.parse (<anonymous>)\n    at parse (/home/ecz/Folder/Programming/Backend/pdvProject/node_modules/body-parser/lib/types/json.js:74:19)\n    at /home/ecz/Folder/Programming/Backend/pdvProject/node_modules/body-parser/lib/read.js:163:18\n    at AsyncResource.runInAsyncScope (node:async_hooks:228:14)\n    at invokeCallback (/home/ecz/Folder/Programming/Backend/pdvProject/node_modules/raw-body/index.js:238:16)\n    at done (/home/ecz/Folder/Programming/Backend/pdvProject/node_modules/raw-body/index.js:227:7)\n    at IncomingMessage.onEnd (/home/ecz/Folder/Programming/Backend/pdvProject/node_modules/raw-body/index.js:287:7)\n    at IncomingMessage.emit (node:events:508:28)\n    at endReadableNT (node:internal/streams/readable:1729:12)\n    at process.processTicksAndRejections (node:internal/process/task_queues:90:21)","timestamp":"2026-05-06 20:4319","url":"/stock/8","userId":"Anonymous"}
{"level":"info","message":"Middleware initialized","timestamp":"2026-05-06 20:4532"}
{"level":"info","message":"Middleware initialized","timestamp":"2026-05-06 20:4538"}
{"level":"info","message":"Middleware initialized","timestamp":"2026-05-06 20:4544"}
{"level":"info","message":"Middleware initialized","timestamp":"2026-05-06 20:4623"}
{"level":"info","message":"Middleware initialized","timestamp":"2026-05-06 20:4625"}
{"level":"info","message":"Middleware initialized","timestamp":"2026-05-06 20:4839"}
{"level":"info","message":"Middleware initialized","timestamp":"2026-05-06 20:4921"}
{"level":"info","message":"Middleware initialized","timestamp":"2026-05-06 20:4922"}
{"level":"info","message":"Middleware initialized","timestamp":"2026-05-06 20:4925"}
{"level":"info","message":"Middleware initialized","timestamp":"2026-05-06 20:4949"}
{"level":"info","message":"Middleware initialized","timestamp":"2026-05-06 20:4952"}
{"level":"info","message":"Middleware initialized","timestamp":"2026-05-06 20:5047"}
{"level":"info","message":"Middleware initialized","timestamp":"2026-05-06 20:5048"}
{"level":"info","message":"Middleware initialized","timestamp":"2026-05-06 20:5225"}
{"level":"info","message":"Middleware initialized","timestamp":"2026-05-06 20:5413"}
{"level":"error","message":"SyntaxError: Expected double-quoted property name in JSON at position 20 (line 4 column 1)","method":"PATCH","stack":"SyntaxError: Expected double-quoted property name in JSON at position 20 (line 4 column 1)\n    at JSON.parse (<anonymous>)\n    at parse (/home/ecz/Folder/Programming/Backend/pdvProject/node_modules/body-parser/lib/types/json.js:74:19)\n    at /home/ecz/Folder/Programming/Backend/pdvProject/node_modules/body-parser/lib/read.js:163:18\n    at AsyncResource.runInAsyncScope (node:async_hooks:228:14)\n    at invokeCallback (/home/ecz/Folder/Programming/Backend/pdvProject/node_modules/raw-body/index.js:238:16)\n    at done (/home/ecz/Folder/Programming/Backend/pdvProject/node_modules/raw-body/index.js:227:7)\n    at IncomingMessage.onEnd (/home/ecz/Folder/Programming/Backend/pdvProject/node_modules/raw-body/index.js:287:7)\n    at IncomingMessage.emit (node:events:508:28)\n    at endReadableNT (node:internal/streams/readable:1729:12)\n    at process.processTicksAndRejections (node:internal/process/task_queues:90:21)","timestamp":"2026-05-06 20:5442","url":"/stock/8","userId":"Anonymous"}
{"level":"info","message":"Middleware initialized","timestamp":"2026-05-06 20:5457"}
{"level":"info","message":"Middleware initialized","timestamp":"2026-05-06 20:5500"}
{"level":"info","message":"Middleware initialized","timestamp":"2026-05-06 20:5503"}
{"level":"info","message":"Middleware initialized","timestamp":"2026-05-06 20:5508"}
{"level":"info","message":"Middleware initialized","timestamp":"2026-05-06 20:5511"}
{"level":"info","message":"Middleware initialized","timestamp":"2026-05-06 20:5514"}
{"level":"info","message":"Middleware initialized","timestamp":"2026-05-06 20:5522"}
{"level":"info","message":"Middleware initialized","timestamp":"2026-05-06 20:5525"}
{"level":"info","message":"Middleware initialized","timestamp":"2026-05-06 20:5536"}
{"level":"info","message":"Middleware initialized","timestamp":"2026-05-06 20:5537"}
{"level":"info","message":"Middleware initialized","timestamp":"2026-05-06 20:5539"}
{"level":"info","message":"Middleware initialized","timestamp":"2026-05-06 20:5543"}
{"level":"error","message":"SyntaxError: Expected double-quoted property name in JSON at position 20 (line 4 column 1)","method":"PATCH","stack":"SyntaxError: Expected double-quoted property name in JSON at position 20 (line 4 column 1)\n    at JSON.parse (<anonymous>)\n    at parse (/home/ecz/Folder/Programming/Backend/pdvProject/node_modules/body-parser/lib/types/json.js:74:19)\n    at /home/ecz/Folder/Programming/Backend/pdvProject/node_modules/body-parser/lib/read.js:163:18\n    at AsyncResource.runInAsyncScope (node:async_hooks:228:14)\n    at invokeCallback (/home/ecz/Folder/Programming/Backend/pdvProject/node_modules/raw-body/index.js:238:16)\n    at done (/home/ecz/Folder/Programming/Backend/pdvProject/node_modules/raw-body/index.js:227:7)\n    at IncomingMessage.onEnd (/home/ecz/Folder/Programming/Backend/pdvProject/node_modules/raw-body/index.js:287:7)\n    at IncomingMessage.emit (node:events:508:28)\n    at endReadableNT (node:internal/streams/readable:1729:12)\n    at process.processTicksAndRejections (node:internal/process/task_queues:90:21)","timestamp":"2026-05-06 20:5544","url":"/stock/8","userId":"Anonymous"}
{"level":"error","message":"Error: Required field is missing","method":"PATCH","stack":"Error: Required field is missing\n    at adjustment (/home/ecz/Folder/Programming/Backend/pdvProject/src/controller/stockController.js:30:70)\n    at Layer.handleRequest (/home/ecz/Folder/Programming/Backend/pdvProject/node_modules/router/lib/layer.js:152:17)\n    at next (/home/ecz/Folder/Programming/Backend/pdvProject/node_modules/router/lib/route.js:157:13)\n    at jsonBodyRequired (/home/ecz/Folder/Programming/Backend/pdvProject/src/middlewares/jsonBodyRequired.js:6:5)\n    at Layer.handleRequest (/home/ecz/Folder/Programming/Backend/pdvProject/node_modules/router/lib/layer.js:152:17)\n    at next (/home/ecz/Folder/Programming/Backend/pdvProject/node_modules/router/lib/route.js:157:13)\n    at loginRequired (/home/ecz/Folder/Programming/Backend/pdvProject/src/middlewares/loginRequired.js:20:16)\n    at Layer.handleRequest (/home/ecz/Folder/Programming/Backend/pdvProject/node_modules/router/lib/layer.js:152:17)\n    at next (/home/ecz/Folder/Programming/Backend/pdvProject/node_modules/router/lib/route.js:157:13)\n    at Route.dispatch (/home/ecz/Folder/Programming/Backend/pdvProject/node_modules/router/lib/route.js:117:3)","timestamp":"2026-05-06 20:5603","url":"/stock/8","userId":2}
{"level":"info","message":"Middleware initialized","timestamp":"2026-05-06 20:5649"}
{"level":"info","message":"Middleware initialized","timestamp":"2026-05-06 21:0255"}
{"level":"info","message":"Middleware initialized","timestamp":"2026-05-06 21:0319"}
{"level":"info","message":"Middleware initialized","timestamp":"2026-05-06 21:0324"}
{"level":"info","message":"Middleware initialized","timestamp":"2026-05-06 21:0325"}
{"level":"info","message":"Middleware initialized","timestamp":"2026-05-06 21:0330"}
{"level":"info","message":"Middleware initialized","timestamp":"2026-05-06 21:0344"}
{"level":"info","message":"Middleware initialized","timestamp":"2026-05-06 21:0348"}
{"level":"info","message":"Middleware initialized","timestamp":"2026-05-06 21:0359"}
{"level":"info","message":"Middleware initialized","timestamp":"2026-05-06 21:0458"}
{"level":"info","message":"Middleware initialized","timestamp":"2026-05-06 21:0514"}
{"level":"info","message":"Middleware initialized","timestamp":"2026-05-06 21:0539"}
{"level":"info","message":"Middleware initialized","timestamp":"2026-05-06 21:0546"}
{"level":"info","message":"Middleware initialized","timestamp":"2026-05-06 21:1034"}
{"level":"info","message":"Middleware initialized","timestamp":"2026-05-06 21:1044"}
{"level":"error","message":"TypeError: products is not iterable","method":"POST","stack":"TypeError: products is not iterable\n    at /home/ecz/Folder/Programming/Backend/pdvProject/src/service/StockService.js:30:59\n    at process.processTicksAndRejections (node:internal/process/task_queues:104:5)\n    at async /home/ecz/Folder/Programming/Backend/pdvProject/node_modules/sequelize/lib/sequelize.js:507:18\n    at async StockService.createPurchase (/home/ecz/Folder/Programming/Backend/pdvProject/src/service/StockService.js:24:30)\n    at async purchase (/home/ecz/Folder/Programming/Backend/pdvProject/src/controller/stockController.js:13:30)","timestamp":"2026-05-06 21:1353","url":"/stock","userId":2}
{"level":"info","message":"Middleware initialized","timestamp":"2026-05-06 21:1438"}
{"level":"info","message":"Middleware initialized","timestamp":"2026-05-06 21:1444"}
{"level":"info","message":"Middleware initialized","timestamp":"2026-05-06 21:1454"}
{"level":"info","message":"Middleware initialized","timestamp":"2026-05-06 21:1456"}
{"level":"info","message":"Middleware initialized","timestamp":"2026-05-06 21:1507"}
{"level":"info","message":"Middleware initialized","timestamp":"2026-05-06 21:1510"}
{"level":"info","message":"Middleware initialized","timestamp":"2026-05-06 21:1516"}
{"level":"error","message":"ReferenceError: Console is not defined","method":"POST","stack":"ReferenceError: Console is not defined\n    at purchase (/home/ecz/Folder/Programming/Backend/pdvProject/src/controller/stockController.js:12:13)\n    at Layer.handleRequest (/home/ecz/Folder/Programming/Backend/pdvProject/node_modules/router/lib/layer.js:152:17)\n    at next (/home/ecz/Folder/Programming/Backend/pdvProject/node_modules/router/lib/route.js:157:13)\n    at jsonBodyRequired (/home/ecz/Folder/Programming/Backend/pdvProject/src/middlewares/jsonBodyRequired.js:6:5)\n    at Layer.handleRequest (/home/ecz/Folder/Programming/Backend/pdvProject/node_modules/router/lib/layer.js:152:17)\n    at next (/home/ecz/Folder/Programming/Backend/pdvProject/node_modules/router/lib/route.js:157:13)\n    at loginRequired (/home/ecz/Folder/Programming/Backend/pdvProject/src/middlewares/loginRequired.js:20:16)\n    at Layer.handleRequest (/home/ecz/Folder/Programming/Backend/pdvProject/node_modules/router/lib/layer.js:152:17)\n    at next (/home/ecz/Folder/Programming/Backend/pdvProject/node_modules/router/lib/route.js:157:13)\n    at Route.dispatch (/home/ecz/Folder/Programming/Backend/pdvProject/node_modules/router/lib/route.js:117:3)","timestamp":"2026-05-06 21:1519","url":"/stock","userId":2}
{"level":"info","message":"Middleware initialized","timestamp":"2026-05-06 21:1539"}
{"level":"error","message":"TypeError: products is not iterable","method":"POST","stack":"TypeError: products is not iterable\n    at /home/ecz/Folder/Programming/Backend/pdvProject/src/service/StockService.js:30:59\n    at process.processTicksAndRejections (node:internal/process/task_queues:104:5)\n    at async /home/ecz/Folder/Programming/Backend/pdvProject/node_modules/sequelize/lib/sequelize.js:507:18\n    at async StockService.createPurchase (/home/ecz/Folder/Programming/Backend/pdvProject/src/service/StockService.js:24:30)\n    at async purchase (/home/ecz/Folder/Programming/Backend/pdvProject/src/controller/stockController.js:13:30)","timestamp":"2026-05-06 21:1541","url":"/stock","userId":2}
{"level":"info","message":"Middleware initialized","timestamp":"2026-05-06 21:1806"}
{"level":"info","message":"Middleware initialized","timestamp":"2026-05-06 21:2050"}
{"level":"info","message":"Middleware initialized","timestamp":"2026-05-07 10:1020"}
{"level":"error","message":"Error: Required fields is missing check inputs and try  again","method":"POST","stack":"Error: Required fields is missing check inputs and try  again\n    at purchase (/home/ecz/Folder/Programming/Backend/pdvProject/src/controller/stockController.js:13:23)\n    at Layer.handleRequest (/home/ecz/Folder/Programming/Backend/pdvProject/node_modules/router/lib/layer.js:152:17)\n    at next (/home/ecz/Folder/Programming/Backend/pdvProject/node_modules/router/lib/route.js:157:13)\n    at jsonBodyRequired (/home/ecz/Folder/Programming/Backend/pdvProject/src/middlewares/jsonBodyRequired.js:6:5)\n    at Layer.handleRequest (/home/ecz/Folder/Programming/Backend/pdvProject/node_modules/router/lib/layer.js:152:17)\n    at next (/home/ecz/Folder/Programming/Backend/pdvProject/node_modules/router/lib/route.js:157:13)\n    at loginRequired (/home/ecz/Folder/Programming/Backend/pdvProject/src/middlewares/loginRequired.js:20:16)\n    at Layer.handleRequest (/home/ecz/Folder/Programming/Backend/pdvProject/node_modules/router/lib/layer.js:152:17)\n    at next (/home/ecz/Folder/Programming/Backend/pdvProject/node_modules/router/lib/route.js:157:13)\n    at Route.dispatch (/home/ecz/Folder/Programming/Backend/pdvProject/node_modules/router/lib/route.js:117:3)","timestamp":"2026-05-07 10:1029","url":"/stock","userId":2}
{"level":"info","message":"Middleware initialized","timestamp":"2026-05-07 10:1048"}
{"level":"info","message":"Middleware initialized","timestamp":"2026-05-07 10:1412"}
{"level":"info","message":"Middleware initialized","timestamp":"2026-05-07 10:1428"}
{"level":"info","message":"Middleware initialized","timestamp":"2026-05-07 10:1449"}
{"level":"info","message":"Middleware initialized","timestamp":"2026-05-07 11:3615"}
{"level":"info","message":"Middleware initialized","timestamp":"2026-05-07 11:3853"}
{"level":"info","message":"Middleware initialized","timestamp":"2026-05-07 11:3856"}
{"level":"info","message":"Middleware initialized","timestamp":"2026-05-07 11:4039"}
{"level":"info","message":"Middleware initialized","timestamp":"2026-05-07 11:4040"}
{"level":"info","message":"Middleware initialized","timestamp":"2026-05-07 11:4044"}
{"level":"info","message":"Middleware initialized","timestamp":"2026-05-07 11:4046"}
{"level":"info","message":"Middleware initialized","timestamp":"2026-05-07 11:4051"}
{"level":"info","message":"Middleware initialized","timestamp":"2026-05-07 11:4052"}
{"level":"info","message":"Middleware initialized","timestamp":"2026-05-07 11:4058"}
{"level":"info","message":"Middleware initialized","timestamp":"2026-05-07 11:4108"}
{"level":"info","message":"Middleware initialized","timestamp":"2026-05-07 11:4122"}
{"level":"info","message":"Middleware initialized","timestamp":"2026-05-07 11:4124"}
{"level":"info","message":"Middleware initialized","timestamp":"2026-05-07 11:4126"}
{"level":"info","message":"Middleware initialized","timestamp":"2026-05-07 11:4132"}
{"level":"info","message":"Middleware initialized","timestamp":"2026-05-07 11:4144"}
{"level":"info","message":"Middleware initialized","timestamp":"2026-05-07 11:4153"}
{"level":"info","message":"Middleware initialized","timestamp":"2026-05-07 11:4203"}
{"level":"info","message":"Middleware initialized","timestamp":"2026-05-07 11:4206"}
{"level":"info","message":"Middleware initialized","timestamp":"2026-05-07 11:4212"}
{"level":"info","message":"Middleware initialized","timestamp":"2026-05-07 11:4225"}
{"level":"info","message":"Middleware initialized","timestamp":"2026-05-07 11:4227"}
{"level":"info","message":"Middleware initialized","timestamp":"2026-05-07 11:4231"}
{"level":"info","message":"Middleware initialized","timestamp":"2026-05-07 11:4532"}
{"level":"info","message":"Middleware initialized","timestamp":"2026-05-07 11:4536"}
{"level":"info","message":"Middleware initialized","timestamp":"2026-05-07 11:4541"}
{"level":"info","message":"Middleware initialized","timestamp":"2026-05-07 11:4545"}
{"level":"info","message":"Middleware initialized","timestamp":"2026-05-07 11:4548"}
{"level":"info","message":"Middleware initialized","timestamp":"2026-05-07 11:4623"}
{"level":"info","message":"Middleware initialized","timestamp":"2026-05-07 11:4630"}
{"level":"info","message":"Middleware initialized","timestamp":"2026-05-07 11:4632"}
{"level":"info","message":"Middleware initialized","timestamp":"2026-05-07 11:4633"}
{"level":"info","message":"Middleware initialized","timestamp":"2026-05-07 11:4754"}
{"level":"info","message":"Middleware initialized","timestamp":"2026-05-07 11:5111"}
{"level":"info","message":"Middleware initialized","timestamp":"2026-05-07 11:5112"}
{"level":"info","message":"Middleware initialized","timestamp":"2026-05-07 11:5116"}
{"level":"info","message":"Middleware initialized","timestamp":"2026-05-07 11:5127"}
{"level":"info","message":"Middleware initialized","timestamp":"2026-05-07 12:1018"}
{"level":"info","message":"Middleware initialized","timestamp":"2026-05-07 12:1021"}
{"level":"info","message":"Middleware initialized","timestamp":"2026-05-07 12:1026"}
{"level":"info","message":"Middleware initialized","timestamp":"2026-05-07 12:1031"}
{"level":"info","message":"Middleware initialized","timestamp":"2026-05-07 12:1228"}
{"level":"info","message":"Middleware initialized","timestamp":"2026-05-07 12:1233"}
{"level":"info","message":"Middleware initialized","timestamp":"2026-05-07 12:1314"}
{"level":"info","message":"Middleware initialized","timestamp":"2026-05-07 12:1659"}
{"level":"info","message":"Middleware initialized","timestamp":"2026-05-07 12:1715"}
{"level":"info","message":"Middleware initialized","timestamp":"2026-05-07 12:1735"}
{"level":"info","message":"Middleware initialized","timestamp":"2026-05-07 12:1738"}
{"level":"info","message":"Middleware initialized","timestamp":"2026-05-07 12:1748"}
{"level":"info","message":"Middleware initialized","timestamp":"2026-05-07 12:1755"}
{"level":"info","message":"Middleware initialized","timestamp":"2026-05-07 12:1824"}
{"level":"info","message":"Middleware initialized","timestamp":"2026-05-07 12:1826"}
{"level":"info","message":"Middleware initialized","timestamp":"2026-05-07 12:1828"}
{"level":"info","message":"Middleware initialized","timestamp":"2026-05-07 12:1833"}
{"level":"info","message":"Middleware initialized","timestamp":"2026-05-07 12:1836"}
{"level":"info","message":"Middleware initialized","timestamp":"2026-05-07 12:1912"}
{"level":"info","message":"Middleware initialized","timestamp":"2026-05-07 12:1914"}
{"level":"info","message":"Middleware initialized","timestamp":"2026-05-07 12:1937"}
{"level":"info","message":"Middleware initialized","timestamp":"2026-05-07 12:1942"}
{"level":"info","message":"Middleware initialized","timestamp":"2026-05-07 12:1944"}
{"level":"info","message":"Middleware initialized","timestamp":"2026-05-07 12:1948"}
{"level":"info","message":"Middleware initialized","timestamp":"2026-05-07 12:1950"}
{"level":"info","message":"Middleware initialized","timestamp":"2026-05-07 12:2025"}
{"level":"info","message":"Middleware initialized","timestamp":"2026-05-07 12:2051"}
{"level":"info","message":"Middleware initialized","timestamp":"2026-05-07 12:2108"}
{"level":"info","message":"Middleware initialized","timestamp":"2026-05-07 12:2111"}
{"level":"info","message":"Middleware initialized","timestamp":"2026-05-07 12:3025"}
{"level":"error","message":"Error: Shift transaction has already been  opened","method":"POST","stack":"Error: Shift transaction has already been  opened\n    at /home/ecz/Folder/Programming/Backend/pdvProject/src/service/CashierService.js:31:27\n    at process.processTicksAndRejections (node:internal/process/task_queues:104:5)\n    at async /home/ecz/Folder/Programming/Backend/pdvProject/node_modules/sequelize/lib/sequelize.js:507:18\n    at async CashierService.open (/home/ecz/Folder/Programming/Backend/pdvProject/src/service/CashierService.js:22:28)\n    at async open (/home/ecz/Folder/Programming/Backend/pdvProject/src/controller/cashierController.js:21:27)","timestamp":"2026-05-07 12:3208","url":"/cashier","userId":1}
{"level":"info","message":"Middleware initialized","timestamp":"2026-05-07 12:3514"}
{"level":"error","message":"SequelizeValidationError: notNull Violation: ShiftDeposit.amount cannot be null","method":"POST","stack":"SequelizeValidationError: notNull Violation: ShiftDeposit.amount cannot be null\n    at InstanceValidator._validate (/home/ecz/Folder/Programming/Backend/pdvProject/node_modules/sequelize/lib/instance-validator.js:50:13)\n    at process.processTicksAndRejections (node:internal/process/task_queues:104:5)\n    at async InstanceValidator._validateAndRunHooks (/home/ecz/Folder/Programming/Backend/pdvProject/node_modules/sequelize/lib/instance-validator.js:60:7)\n    at async InstanceValidator.validate (/home/ecz/Folder/Programming/Backend/pdvProject/node_modules/sequelize/lib/instance-validator.js:54:12)\n    at async ShiftDeposit.save (/home/ecz/Folder/Programming/Backend/pdvProject/node_modules/sequelize/lib/model.js:2426:7)\n    at async ShiftDeposit.create (/home/ecz/Folder/Programming/Backend/pdvProject/node_modules/sequelize/lib/model.js:1362:12)\n    at async /home/ecz/Folder/Programming/Backend/pdvProject/src/service/CashierService.js:76:33\n    at async /home/ecz/Folder/Programming/Backend/pdvProject/node_modules/sequelize/lib/sequelize.js:507:18\n    at async CashierService.deposit (/home/ecz/Folder/Programming/Backend/pdvProject/src/service/CashierService.js:75:33)\n    at async deposit (/home/ecz/Folder/Programming/Backend/pdvProject/src/controller/cashierController.js:57:29)","timestamp":"2026-05-07 12:3605","url":"/cashier/24/deposits","userId":1}
{"level":"info","message":"Middleware initialized","timestamp":"2026-05-07 12:3832"}
{"level":"info","message":"Middleware initialized","timestamp":"2026-05-07 12:3841"}
{"level":"info","message":"Middleware initialized","timestamp":"2026-05-07 12:3848"}
{"level":"info","message":"Middleware initialized","timestamp":"2026-05-07 12:3901"}
{"level":"info","message":"Middleware initialized","timestamp":"2026-05-07 12:3903"}
{"level":"error","message":"Error: Deposit value must be provided and greater than zero","method":"POST","stack":"Error: Deposit value must be provided and greater than zero\n    at deposit (/home/ecz/Folder/Programming/Backend/pdvProject/src/controller/cashierController.js:54:23)\n    at Layer.handleRequest (/home/ecz/Folder/Programming/Backend/pdvProject/node_modules/router/lib/layer.js:152:17)\n    at next (/home/ecz/Folder/Programming/Backend/pdvProject/node_modules/router/lib/route.js:157:13)\n    at loginRequired (/home/ecz/Folder/Programming/Backend/pdvProject/src/middlewares/loginRequired.js:20:16)\n    at Layer.handleRequest (/home/ecz/Folder/Programming/Backend/pdvProject/node_modules/router/lib/layer.js:152:17)\n    at next (/home/ecz/Folder/Programming/Backend/pdvProject/node_modules/router/lib/route.js:157:13)\n    at Route.dispatch (/home/ecz/Folder/Programming/Backend/pdvProject/node_modules/router/lib/route.js:117:3)\n    at handle (/home/ecz/Folder/Programming/Backend/pdvProject/node_modules/router/index.js:435:11)\n    at Layer.handleRequest (/home/ecz/Folder/Programming/Backend/pdvProject/node_modules/router/lib/layer.js:152:17)\n    at /home/ecz/Folder/Programming/Backend/pdvProject/node_modules/router/index.js:295:15","timestamp":"2026-05-07 12:3908","url":"/cashier/24/deposits","userId":1}
{"level":"info","message":"Middleware initialized","timestamp":"2026-05-07 12:4439"}
{"level":"error","message":"Error: Required fields is missing check inputs and try  again","method":"POST","stack":"Error: Required fields is missing check inputs and try  again\n    at purchase (/home/ecz/Folder/Programming/Backend/pdvProject/src/controller/stockController.js:13:23)\n    at Layer.handleRequest (/home/ecz/Folder/Programming/Backend/pdvProject/node_modules/router/lib/layer.js:152:17)\n    at next (/home/ecz/Folder/Programming/Backend/pdvProject/node_modules/router/lib/route.js:157:13)\n    at jsonBodyRequired (/home/ecz/Folder/Programming/Backend/pdvProject/src/middlewares/jsonBodyRequired.js:6:5)\n    at Layer.handleRequest (/home/ecz/Folder/Programming/Backend/pdvProject/node_modules/router/lib/layer.js:152:17)\n    at next (/home/ecz/Folder/Programming/Backend/pdvProject/node_modules/router/lib/route.js:157:13)\n    at loginRequired (/home/ecz/Folder/Programming/Backend/pdvProject/src/middlewares/loginRequired.js:20:16)\n    at Layer.handleRequest (/home/ecz/Folder/Programming/Backend/pdvProject/node_modules/router/lib/layer.js:152:17)\n    at next (/home/ecz/Folder/Programming/Backend/pdvProject/node_modules/router/lib/route.js:157:13)\n    at Route.dispatch (/home/ecz/Folder/Programming/Backend/pdvProject/node_modules/router/lib/route.js:117:3)","timestamp":"2026-05-07 12:4446","url":"/stock","userId":1}
{"level":"error","message":"Error: withdraw amount must be lesser than zero (negative)","method":"POST","stack":"Error: withdraw amount must be lesser than zero (negative)\n    at withdraw (/home/ecz/Folder/Programming/Backend/pdvProject/src/controller/cashierController.js:81:23)\n    at Layer.handleRequest (/home/ecz/Folder/Programming/Backend/pdvProject/node_modules/router/lib/layer.js:152:17)\n    at next (/home/ecz/Folder/Programming/Backend/pdvProject/node_modules/router/lib/route.js:157:13)\n    at loginRequired (/home/ecz/Folder/Programming/Backend/pdvProject/src/middlewares/loginRequired.js:20:16)\n    at Layer.handleRequest (/home/ecz/Folder/Programming/Backend/pdvProject/node_modules/router/lib/layer.js:152:17)\n    at next (/home/ecz/Folder/Programming/Backend/pdvProject/node_modules/router/lib/route.js:157:13)\n    at Route.dispatch (/home/ecz/Folder/Programming/Backend/pdvProject/node_modules/router/lib/route.js:117:3)\n    at handle (/home/ecz/Folder/Programming/Backend/pdvProject/node_modules/router/index.js:435:11)\n    at Layer.handleRequest (/home/ecz/Folder/Programming/Backend/pdvProject/node_modules/router/lib/layer.js:152:17)\n    at /home/ecz/Folder/Programming/Backend/pdvProject/node_modules/router/index.js:295:15","timestamp":"2026-05-07 12:4525","url":"/cashier/24/withdraws","userId":1}
{"level":"error","message":"Error: Reason must be provided to withdraw operations","method":"POST","stack":"Error: Reason must be provided to withdraw operations\n    at withdraw (/home/ecz/Folder/Programming/Backend/pdvProject/src/controller/cashierController.js:77:23)\n    at Layer.handleRequest (/home/ecz/Folder/Programming/Backend/pdvProject/node_modules/router/lib/layer.js:152:17)\n    at next (/home/ecz/Folder/Programming/Backend/pdvProject/node_modules/router/lib/route.js:157:13)\n    at loginRequired (/home/ecz/Folder/Programming/Backend/pdvProject/src/middlewares/loginRequired.js:20:16)\n    at Layer.handleRequest (/home/ecz/Folder/Programming/Backend/pdvProject/node_modules/router/lib/layer.js:152:17)\n    at next (/home/ecz/Folder/Programming/Backend/pdvProject/node_modules/router/lib/route.js:157:13)\n    at Route.dispatch (/home/ecz/Folder/Programming/Backend/pdvProject/node_modules/router/lib/route.js:117:3)\n    at handle (/home/ecz/Folder/Programming/Backend/pdvProject/node_modules/router/index.js:435:11)\n    at Layer.handleRequest (/home/ecz/Folder/Programming/Backend/pdvProject/node_modules/router/lib/layer.js:152:17)\n    at /home/ecz/Folder/Programming/Backend/pdvProject/node_modules/router/index.js:295:15","timestamp":"2026-05-07 12:4550","url":"/cashier/24/withdraws","userId":1}
{"level":"error","message":"Error: Reason must be provided to withdraw operations","method":"POST","stack":"Error: Reason must be provided to withdraw operations\n    at withdraw (/home/ecz/Folder/Programming/Backend/pdvProject/src/controller/cashierController.js:77:23)\n    at Layer.handleRequest (/home/ecz/Folder/Programming/Backend/pdvProject/node_modules/router/lib/layer.js:152:17)\n    at next (/home/ecz/Folder/Programming/Backend/pdvProject/node_modules/router/lib/route.js:157:13)\n    at loginRequired (/home/ecz/Folder/Programming/Backend/pdvProject/src/middlewares/loginRequired.js:20:16)\n    at Layer.handleRequest (/home/ecz/Folder/Programming/Backend/pdvProject/node_modules/router/lib/layer.js:152:17)\n    at next (/home/ecz/Folder/Programming/Backend/pdvProject/node_modules/router/lib/route.js:157:13)\n    at Route.dispatch (/home/ecz/Folder/Programming/Backend/pdvProject/node_modules/router/lib/route.js:117:3)\n    at handle (/home/ecz/Folder/Programming/Backend/pdvProject/node_modules/router/index.js:435:11)\n    at Layer.handleRequest (/home/ecz/Folder/Programming/Backend/pdvProject/node_modules/router/lib/layer.js:152:17)\n    at /home/ecz/Folder/Programming/Backend/pdvProject/node_modules/router/index.js:295:15","timestamp":"2026-05-07 12:4557","url":"/cashier/24/withdraws","userId":1}
{"level":"info","message":"Middleware initialized","timestamp":"2026-05-07 12:5225"}
{"level":"info","message":"Middleware initialized","timestamp":"2026-05-07 12:5227"}
{"level":"info","message":"Middleware initialized","timestamp":"2026-05-08 16:2148"}
{"level":"info","message":"Middleware initialized","timestamp":"2026-05-08 16:2909"}
{"level":"info","message":"Middleware initialized","timestamp":"2026-05-08 16:3108"}
{"level":"info","message":"Middleware initialized","timestamp":"2026-05-08 16:3242"}
{"level":"info","message":"Middleware initialized","timestamp":"2026-05-08 16:3318"}
{"level":"info","message":"Middleware initialized","timestamp":"2026-05-08 16:3348"}
{"level":"info","message":"Middleware initialized","timestamp":"2026-05-08 16:3351"}
{"level":"info","message":"Middleware initialized","timestamp":"2026-05-08 16:3354"}
{"level":"info","message":"Middleware initialized","timestamp":"2026-05-08 16:3408"}
{"level":"info","message":"Middleware initialized","timestamp":"2026-05-08 16:3410"}
{"level":"info","message":"Middleware initialized","timestamp":"2026-05-08 16:3417"}
{"level":"info","message":"Middleware initialized","timestamp":"2026-05-08 16:3446"}
{"level":"info","message":"Middleware initialized","timestamp":"2026-05-08 16:3448"}
{"level":"info","message":"Middleware initialized","timestamp":"2026-05-08 16:3451"}
{"level":"info","message":"Middleware initialized","timestamp":"2026-05-08 16:3457"}
{"level":"info","message":"Middleware initialized","timestamp":"2026-05-08 16:3506"}
{"level":"info","message":"Middleware initialized","timestamp":"2026-05-08 16:3509"}
{"level":"info","message":"Middleware initialized","timestamp":"2026-05-08 16:3516"}
{"level":"info","message":"Middleware initialized","timestamp":"2026-05-08 16:3612"}
{"level":"info","message":"Middleware initialized","timestamp":"2026-05-08 16:3620"}
{"level":"info","message":"Middleware initialized","timestamp":"2026-05-08 16:3633"}
{"level":"info","message":"Middleware initialized","timestamp":"2026-05-08 16:3659"}
{"level":"error","message":"Error: field mismatch data","method":"GET","stack":"Error: field mismatch data\n    at show (/home/ecz/Folder/Programming/Backend/pdvProject/src/controller/saleController.js:71:23)\n    at Layer.handleRequest (/home/ecz/Folder/Programming/Backend/pdvProject/node_modules/router/lib/layer.js:152:17)\n    at next (/home/ecz/Folder/Programming/Backend/pdvProject/node_modules/router/lib/route.js:157:13)\n    at loginRequired (/home/ecz/Folder/Programming/Backend/pdvProject/src/middlewares/loginRequired.js:20:16)\n    at Layer.handleRequest (/home/ecz/Folder/Programming/Backend/pdvProject/node_modules/router/lib/layer.js:152:17)\n    at next (/home/ecz/Folder/Programming/Backend/pdvProject/node_modules/router/lib/route.js:157:13)\n    at Route.dispatch (/home/ecz/Folder/Programming/Backend/pdvProject/node_modules/router/lib/route.js:117:3)\n    at handle (/home/ecz/Folder/Programming/Backend/pdvProject/node_modules/router/index.js:435:11)\n    at Layer.handleRequest (/home/ecz/Folder/Programming/Backend/pdvProject/node_modules/router/lib/layer.js:152:17)\n    at /home/ecz/Folder/Programming/Backend/pdvProject/node_modules/router/index.js:295:15","timestamp":"2026-05-08 16:3736","url":"/sales/10","userId":2}
{"level":"info","message":"Middleware initialized","timestamp":"2026-05-08 16:3828"}
{"level":"info","message":"Middleware initialized","timestamp":"2026-05-08 16:3831"}
{"level":"info","message":"Middleware initialized","timestamp":"2026-05-08 16:3838"}
{"level":"info","message":"Middleware initialized","timestamp":"2026-05-08 16:3840"}
{"level":"info","message":"Middleware initialized","timestamp":"2026-05-08 16:3844"}
{"level":"error","message":"Error: field mismatch data","method":"GET","stack":"Error: field mismatch data\n    at show (/home/ecz/Folder/Programming/Backend/pdvProject/src/controller/saleController.js:72:23)\n    at Layer.handleRequest (/home/ecz/Folder/Programming/Backend/pdvProject/node_modules/router/lib/layer.js:152:17)\n    at next (/home/ecz/Folder/Programming/Backend/pdvProject/node_modules/router/lib/route.js:157:13)\n    at loginRequired (/home/ecz/Folder/Programming/Backend/pdvProject/src/middlewares/loginRequired.js:20:16)\n    at Layer.handleRequest (/home/ecz/Folder/Programming/Backend/pdvProject/node_modules/router/lib/layer.js:152:17)\n    at next (/home/ecz/Folder/Programming/Backend/pdvProject/node_modules/router/lib/route.js:157:13)\n    at Route.dispatch (/home/ecz/Folder/Programming/Backend/pdvProject/node_modules/router/lib/route.js:117:3)\n    at handle (/home/ecz/Folder/Programming/Backend/pdvProject/node_modules/router/index.js:435:11)\n    at Layer.handleRequest (/home/ecz/Folder/Programming/Backend/pdvProject/node_modules/router/lib/layer.js:152:17)\n    at /home/ecz/Folder/Programming/Backend/pdvProject/node_modules/router/index.js:295:15","timestamp":"2026-05-08 16:3846","url":"/sales/10","userId":2}
{"level":"info","message":"Middleware initialized","timestamp":"2026-05-08 16:3923"}
{"level":"info","message":"Middleware initialized","timestamp":"2026-05-08 16:4146"}
{"level":"info","message":"Middleware initialized","timestamp":"2026-05-08 16:4214"}
{"level":"info","message":"Middleware initialized","timestamp":"2026-05-08 16:4310"}
{"level":"info","message":"Middleware initialized","timestamp":"2026-05-08 16:4327"}
{"level":"info","message":"Middleware initialized","timestamp":"2026-05-08 16:4330"}
{"level":"info","message":"Middleware initialized","timestamp":"2026-05-08 16:4335"}
{"level":"info","message":"Middleware initialized","timestamp":"2026-05-08 16:4349"}
{"level":"info","message":"Middleware initialized","timestamp":"2026-05-08 16:4407"}
{"level":"info","message":"Middleware initialized","timestamp":"2026-05-08 16:4409"}
{"level":"info","message":"Middleware initialized","timestamp":"2026-05-08 16:4414"}
{"level":"info","message":"Middleware initialized","timestamp":"2026-05-08 16:4416"}
{"level":"error","message":"ReferenceError: id is not defined","method":"GET","stack":"ReferenceError: id is not defined\n    at show (/home/ecz/Folder/Programming/Backend/pdvProject/src/controller/saleController.js:71:13)\n    at Layer.handleRequest (/home/ecz/Folder/Programming/Backend/pdvProject/node_modules/router/lib/layer.js:152:17)\n    at next (/home/ecz/Folder/Programming/Backend/pdvProject/node_modules/router/lib/route.js:157:13)\n    at loginRequired (/home/ecz/Folder/Programming/Backend/pdvProject/src/middlewares/loginRequired.js:20:16)\n    at Layer.handleRequest (/home/ecz/Folder/Programming/Backend/pdvProject/node_modules/router/lib/layer.js:152:17)\n    at next (/home/ecz/Folder/Programming/Backend/pdvProject/node_modules/router/lib/route.js:157:13)\n    at Route.dispatch (/home/ecz/Folder/Programming/Backend/pdvProject/node_modules/router/lib/route.js:117:3)\n    at handle (/home/ecz/Folder/Programming/Backend/pdvProject/node_modules/router/index.js:435:11)\n    at Layer.handleRequest (/home/ecz/Folder/Programming/Backend/pdvProject/node_modules/router/lib/layer.js:152:17)\n    at /home/ecz/Folder/Programming/Backend/pdvProject/node_modules/router/index.js:295:15","timestamp":"2026-05-08 16:4420","url":"/sales/10","userId":2}
{"level":"info","message":"Middleware initialized","timestamp":"2026-05-08 16:4437"}
{"level":"info","message":"Middleware initialized","timestamp":"2026-05-08 16:4440"}
{"level":"error","message":"ReferenceError: id is not defined","method":"GET","stack":"ReferenceError: id is not defined\n    at show (/home/ecz/Folder/Programming/Backend/pdvProject/src/controller/saleController.js:71:13)\n    at Layer.handleRequest (/home/ecz/Folder/Programming/Backend/pdvProject/node_modules/router/lib/layer.js:152:17)\n    at next (/home/ecz/Folder/Programming/Backend/pdvProject/node_modules/router/lib/route.js:157:13)\n    at loginRequired (/home/ecz/Folder/Programming/Backend/pdvProject/src/middlewares/loginRequired.js:20:16)\n    at Layer.handleRequest (/home/ecz/Folder/Programming/Backend/pdvProject/node_modules/router/lib/layer.js:152:17)\n    at next (/home/ecz/Folder/Programming/Backend/pdvProject/node_modules/router/lib/route.js:157:13)\n    at Route.dispatch (/home/ecz/Folder/Programming/Backend/pdvProject/node_modules/router/lib/route.js:117:3)\n    at handle (/home/ecz/Folder/Programming/Backend/pdvProject/node_modules/router/index.js:435:11)\n    at Layer.handleRequest (/home/ecz/Folder/Programming/Backend/pdvProject/node_modules/router/lib/layer.js:152:17)\n    at /home/ecz/Folder/Programming/Backend/pdvProject/node_modules/router/index.js:295:15","timestamp":"2026-05-08 16:4451","url":"/sales/10","userId":2}
{"level":"info","message":"Middleware initialized","timestamp":"2026-05-08 16:4524"}
{"level":"info","message":"Middleware initialized","timestamp":"2026-05-08 16:4604"}
{"level":"info","message":"Middleware initialized","timestamp":"2026-05-08 16:4618"}
{"level":"info","message":"Middleware initialized","timestamp":"2026-05-08 16:4642"}
{"level":"info","message":"Middleware initialized","timestamp":"2026-05-08 16:4649"}
{"level":"info","message":"Middleware initialized","timestamp":"2026-05-08 16:4700"}
{"level":"info","message":"Middleware initialized","timestamp":"2026-05-08 16:4708"}
{"level":"info","message":"Middleware initialized","timestamp":"2026-05-08 16:4710"}
{"level":"info","message":"Middleware initialized","timestamp":"2026-05-08 16:4711"}
{"level":"info","message":"Middleware initialized","timestamp":"2026-05-08 16:4728"}
{"level":"info","message":"Middleware initialized","timestamp":"2026-05-08 16:4744"}
{"level":"info","message":"Middleware initialized","timestamp":"2026-05-08 16:4759"}
{"level":"info","message":"Middleware initialized","timestamp":"2026-05-08 16:4803"}
{"level":"info","message":"Middleware initialized","timestamp":"2026-05-08 16:4808"}
{"level":"info","message":"Middleware initialized","timestamp":"2026-05-08 16:4810"}
{"level":"info","message":"Middleware initialized","timestamp":"2026-05-08 16:4822"}
{"level":"info","message":"Middleware initialized","timestamp":"2026-05-08 16:4826"}
{"level":"info","message":"Middleware initialized","timestamp":"2026-05-08 16:4830"}
{"level":"info","message":"Middleware initialized","timestamp":"2026-05-08 16:4838"}
{"level":"info","message":"Middleware initialized","timestamp":"2026-05-08 16:4840"}
{"level":"info","message":"Middleware initialized","timestamp":"2026-05-08 16:4842"}
{"level":"info","message":"Middleware initialized","timestamp":"2026-05-08 16:4845"}
{"level":"info","message":"Middleware initialized","timestamp":"2026-05-08 16:4850"}
{"level":"info","message":"Middleware initialized","timestamp":"2026-05-08 16:4852"}
{"level":"info","message":"Middleware initialized","timestamp":"2026-05-08 16:5104"}
{"level":"info","message":"Middleware initialized","timestamp":"2026-05-08 16:5108"}
{"level":"info","message":"Middleware initialized","timestamp":"2026-05-08 16:5111"}
{"level":"info","message":"Middleware initialized","timestamp":"2026-05-08 16:5137"}
{"level":"info","message":"Middleware initialized","timestamp":"2026-05-08 16:5138"}
{"level":"info","message":"Middleware initialized","timestamp":"2026-05-08 16:5147"}
{"level":"info","message":"Middleware initialized","timestamp":"2026-05-08 16:5151"}
{"level":"info","message":"Middleware initialized","timestamp":"2026-05-08 16:5153"}
{"level":"info","message":"Middleware initialized","timestamp":"2026-05-08 16:5339"}
{"level":"error","message":"SequelizeEagerLoadingError: User is associated to Order using an alias. You've included an alias (seller), but it does not match the alias(es) defined in your association (user).","method":"GET","stack":"SequelizeEagerLoadingError: User is associated to Order using an alias. You've included an alias (seller), but it does not match the alias(es) defined in your association (user).\n    at Order._getIncludedAssociation (/home/ecz/Folder/Programming/Backend/pdvProject/node_modules/sequelize/lib/model.js:574:15)\n    at Order._validateIncludedElement (/home/ecz/Folder/Programming/Backend/pdvProject/node_modules/sequelize/lib/model.js:502:53)\n    at /home/ecz/Folder/Programming/Backend/pdvProject/node_modules/sequelize/lib/model.js:421:37\n    at Array.map (<anonymous>)\n    at Order._validateIncludedElements (/home/ecz/Folder/Programming/Backend/pdvProject/node_modules/sequelize/lib/model.js:417:39)\n    at Order.findAll (/home/ecz/Folder/Programming/Backend/pdvProject/node_modules/sequelize/lib/model.js:1124:12)\n    at process.processTicksAndRejections (node:internal/process/task_queues:104:5)\n    at async Order.findOne (/home/ecz/Folder/Programming/Backend/pdvProject/node_modules/sequelize/lib/model.js:1240:12)\n    at async Order.findByPk (/home/ecz/Folder/Programming/Backend/pdvProject/node_modules/sequelize/lib/model.js:1221:12)\n    at async show (/home/ecz/Folder/Programming/Backend/pdvProject/src/controller/saleController.js:79:26)","timestamp":"2026-05-08 16:5340","url":"/sales/21","userId":2}
{"level":"info","message":"Middleware initialized","timestamp":"2026-05-08 16:5352"}
{"level":"info","message":"Middleware initialized","timestamp":"2026-05-08 16:5517"}
{"level":"info","message":"Middleware initialized","timestamp":"2026-05-08 16:5536"}
{"level":"info","message":"Middleware initialized","timestamp":"2026-05-08 16:5648"}
{"level":"info","message":"Middleware initialized","timestamp":"2026-05-08 16:5650"}
{"level":"info","message":"Middleware initialized","timestamp":"2026-05-08 16:5655"}
{"level":"info","message":"Middleware initialized","timestamp":"2026-05-08 16:5659"}
{"level":"info","message":"Middleware initialized","timestamp":"2026-05-08 16:5703"}
{"level":"info","message":"Middleware initialized","timestamp":"2026-05-08 16:5709"}
{"level":"info","message":"Middleware initialized","timestamp":"2026-05-08 16:5714"}
{"level":"info","message":"Middleware initialized","timestamp":"2026-05-08 16:5718"}
{"level":"error","message":"Error: Error fetching sale","method":"GET","stack":"Error: Error fetching sale\n    at SaleService.getSale (/home/ecz/Folder/Programming/Backend/pdvProject/src/service/SaleService.js:184:19)\n    at show (/home/ecz/Folder/Programming/Backend/pdvProject/src/controller/saleController.js:79:44)\n    at Layer.handleRequest (/home/ecz/Folder/Programming/Backend/pdvProject/node_modules/router/lib/layer.js:152:17)\n    at next (/home/ecz/Folder/Programming/Backend/pdvProject/node_modules/router/lib/route.js:157:13)\n    at loginRequired (/home/ecz/Folder/Programming/Backend/pdvProject/src/middlewares/loginRequired.js:20:16)\n    at Layer.handleRequest (/home/ecz/Folder/Programming/Backend/pdvProject/node_modules/router/lib/layer.js:152:17)\n    at next (/home/ecz/Folder/Programming/Backend/pdvProject/node_modules/router/lib/route.js:157:13)\n    at Route.dispatch (/home/ecz/Folder/Programming/Backend/pdvProject/node_modules/router/lib/route.js:117:3)\n    at handle (/home/ecz/Folder/Programming/Backend/pdvProject/node_modules/router/index.js:435:11)\n    at Layer.handleRequest (/home/ecz/Folder/Programming/Backend/pdvProject/node_modules/router/lib/layer.js:152:17)","timestamp":"2026-05-08 16:5722","url":"/sales/20","userId":2}
{"level":"info","message":"Middleware initialized","timestamp":"2026-05-08 16:5742"}
{"level":"info","message":"Middleware initialized","timestamp":"2026-05-08 16:5744"}
{"level":"error","message":"Error: Sale not found","method":"GET","stack":"Error: Sale not found\n    at show (/home/ecz/Folder/Programming/Backend/pdvProject/src/controller/saleController.js:81:23)\n    at process.processTicksAndRejections (node:internal/process/task_queues:104:5)","timestamp":"2026-05-08 16:5807","url":"/sales/25","userId":2}
{"level":"info","message":"Middleware initialized","timestamp":"2026-05-08 16:5830"}
{"level":"info","message":"Middleware initialized","timestamp":"2026-05-08 16:5842"}
{"level":"info","message":"Middleware initialized","timestamp":"2026-05-08 16:5905"}
{"level":"info","message":"Middleware initialized","timestamp":"2026-05-08 16:5914"}
{"level":"info","message":"Middleware initialized","timestamp":"2026-05-08 17:0021"}
{"level":"info","message":"Middleware initialized","timestamp":"2026-05-08 17:0026"}
{"level":"info","message":"Middleware initialized","timestamp":"2026-05-08 17:0045"}
{"level":"info","message":"Middleware initialized","timestamp":"2026-05-08 17:0050"}
{"level":"info","message":"Middleware initialized","timestamp":"2026-05-08 17:0057"}
{"level":"info","message":"Middleware initialized","timestamp":"2026-05-08 17:0100"}
{"level":"info","message":"Middleware initialized","timestamp":"2026-05-08 17:0113"}
{"level":"info","message":"Middleware initialized","timestamp":"2026-05-08 17:0144"}
{"level":"info","message":"Middleware initialized","timestamp":"2026-05-08 17:0202"}
{"level":"info","message":"Middleware initialized","timestamp":"2026-05-08 17:0208"}
{"level":"info","message":"Middleware initialized","timestamp":"2026-05-08 17:0230"}
{"level":"info","message":"Middleware initialized","timestamp":"2026-05-08 17:0254"}
{"level":"info","message":"Middleware initialized","timestamp":"2026-05-08 17:0312"}
{"level":"info","message":"Middleware initialized","timestamp":"2026-05-08 17:0318"}
{"level":"info","message":"Middleware initialized","timestamp":"2026-05-08 17:0319"}
{"level":"info","message":"Middleware initialized","timestamp":"2026-05-08 17:0343"}
{"level":"info","message":"Middleware initialized","timestamp":"2026-05-08 17:0411"}
{"level":"info","message":"Middleware initialized","timestamp":"2026-05-08 17:0417"}
{"level":"info","message":"Middleware initialized","timestamp":"2026-05-08 17:0419"}
{"level":"info","message":"Middleware initialized","timestamp":"2026-05-08 17:0446"}
{"level":"info","message":"Middleware initialized","timestamp":"2026-05-08 17:0536"}
{"level":"info","message":"Middleware initialized","timestamp":"2026-05-08 17:0554"}
{"level":"info","message":"Middleware initialized","timestamp":"2026-05-08 17:0558"}
{"level":"info","message":"Middleware initialized","timestamp":"2026-05-08 17:0636"}
{"level":"info","message":"Middleware initialized","timestamp":"2026-05-08 17:0722"}
{"level":"info","message":"Middleware initialized","timestamp":"2026-05-08 17:0726"}
{"level":"info","message":"Middleware initialized","timestamp":"2026-05-08 17:0736"}
{"level":"error","message":"Error: Sale not found","method":"GET","stack":"Error: Sale not found\n    at show (/home/ecz/Folder/Programming/Backend/pdvProject/src/controller/saleController.js:82:23)\n    at process.processTicksAndRejections (node:internal/process/task_queues:104:5)","timestamp":"2026-05-08 17:0739","url":"/sales/25","userId":2}
{"level":"info","message":"Middleware initialized","timestamp":"2026-05-08 17:0849"}
{"level":"info","message":"Middleware initialized","timestamp":"2026-05-08 17:0939"}
{"level":"info","message":"Middleware initialized","timestamp":"2026-05-08 17:0943"}
{"level":"info","message":"Middleware initialized","timestamp":"2026-05-08 17:1041"}
{"level":"info","message":"Middleware initialized","timestamp":"2026-05-08 17:1043"}
{"level":"info","message":"Middleware initialized","timestamp":"2026-05-08 17:1055"}
{"level":"info","message":"Middleware initialized","timestamp":"2026-05-08 17:1102"}
{"level":"info","message":"Middleware initialized","timestamp":"2026-05-08 17:1103"}
{"level":"info","message":"Middleware initialized","timestamp":"2026-05-08 17:1105"}
{"level":"info","message":"Middleware initialized","timestamp":"2026-05-08 17:1106"}
{"level":"info","message":"Middleware initialized","timestamp":"2026-05-08 17:1110"}
{"level":"info","message":"Middleware initialized","timestamp":"2026-05-08 17:1112"}
{"level":"info","message":"Middleware initialized","timestamp":"2026-05-08 17:1113"}
{"level":"info","message":"Middleware initialized","timestamp":"2026-05-08 17:1115"}
{"level":"info","message":"Middleware initialized","timestamp":"2026-05-08 17:1127"}
{"level":"info","message":"Middleware initialized","timestamp":"2026-05-08 17:1131"}
{"level":"info","message":"Middleware initialized","timestamp":"2026-05-08 17:1143"}
{"level":"info","message":"Middleware initialized","timestamp":"2026-05-08 17:1207"}
{"level":"info","message":"Middleware initialized","timestamp":"2026-05-08 17:1217"}
{"level":"info","message":"Middleware initialized","timestamp":"2026-05-08 17:1219"}
{"level":"info","message":"Middleware initialized","timestamp":"2026-05-08 17:1225"}
{"level":"info","message":"Middleware initialized","timestamp":"2026-05-08 17:1227"}
{"level":"info","message":"Middleware initialized","timestamp":"2026-05-08 17:1231"}
{"level":"info","message":"Middleware initialized","timestamp":"2026-05-08 17:1239"}
{"level":"info","message":"Middleware initialized","timestamp":"2026-05-08 17:1242"}
{"level":"info","message":"Middleware initialized","timestamp":"2026-05-08 17:1308"}
{"level":"info","message":"Middleware initialized","timestamp":"2026-05-08 17:1309"}
{"level":"info","message":"Middleware initialized","timestamp":"2026-05-08 17:1312"}
{"level":"info","message":"Middleware initialized","timestamp":"2026-05-08 17:1314"}
{"level":"info","message":"Middleware initialized","timestamp":"2026-05-08 17:1326"}
{"level":"info","message":"Middleware initialized","timestamp":"2026-05-08 17:1330"}
{"level":"info","message":"Middleware initialized","timestamp":"2026-05-08 17:1349"}
{"level":"info","message":"Middleware initialized","timestamp":"2026-05-08 17:1350"}
{"level":"info","message":"Middleware initialized","timestamp":"2026-05-08 17:1410"}
{"level":"info","message":"Middleware initialized","timestamp":"2026-05-08 17:1417"}
{"level":"info","message":"Middleware initialized","timestamp":"2026-05-08 17:1423"}
{"level":"info","message":"Middleware initialized","timestamp":"2026-05-08 17:1429"}
{"level":"info","message":"Middleware initialized","timestamp":"2026-05-08 17:1435"}
{"level":"info","message":"Middleware initialized","timestamp":"2026-05-08 17:1440"}
{"level":"info","message":"Middleware initialized","timestamp":"2026-05-08 17:1442"}
{"level":"info","message":"Middleware initialized","timestamp":"2026-05-08 17:1448"}
{"level":"info","message":"Middleware initialized","timestamp":"2026-05-08 17:1632"}
{"level":"info","message":"Middleware initialized","timestamp":"2026-05-08 17:1639"}
{"level":"info","message":"Middleware initialized","timestamp":"2026-05-08 17:1648"}
{"level":"info","message":"Middleware initialized","timestamp":"2026-05-08 17:1703"}
{"level":"info","message":"Middleware initialized","timestamp":"2026-05-08 17:1927"}
{"level":"info","message":"Middleware initialized","timestamp":"2026-05-08 17:2020"}
{"level":"info","message":"Middleware initialized","timestamp":"2026-05-08 17:2043"}
{"level":"info","message":"Middleware initialized","timestamp":"2026-05-08 17:2045"}
{"level":"info","message":"Middleware initialized","timestamp":"2026-05-08 17:2055"}
{"level":"info","message":"Middleware initialized","timestamp":"2026-05-08 17:2132"}
{"level":"info","message":"Middleware initialized","timestamp":"2026-05-08 17:2135"}
{"level":"info","message":"Middleware initialized","timestamp":"2026-05-08 17:2147"}
{"level":"info","message":"Middleware initialized","timestamp":"2026-05-08 17:2149"}
{"level":"info","message":"Middleware initialized","timestamp":"2026-05-08 17:2152"}
{"level":"info","message":"Middleware initialized","timestamp":"2026-05-08 17:2204"}
{"level":"info","message":"Middleware initialized","timestamp":"2026-05-08 17:2235"}
{"level":"error","message":"Error: Error: ","method":"GET","stack":"Error: Error: \n    at SaleService.index (/home/ecz/Folder/Programming/Backend/pdvProject/src/service/SaleService.js:160:19)\n    at index (/home/ecz/Folder/Programming/Backend/pdvProject/src/controller/saleController.js:56:46)\n    at Layer.handleRequest (/home/ecz/Folder/Programming/Backend/pdvProject/node_modules/router/lib/layer.js:152:17)\n    at next (/home/ecz/Folder/Programming/Backend/pdvProject/node_modules/router/lib/route.js:157:13)\n    at loginRequired (/home/ecz/Folder/Programming/Backend/pdvProject/src/middlewares/loginRequired.js:20:16)\n    at Layer.handleRequest (/home/ecz/Folder/Programming/Backend/pdvProject/node_modules/router/lib/layer.js:152:17)\n    at next (/home/ecz/Folder/Programming/Backend/pdvProject/node_modules/router/lib/route.js:157:13)\n    at Route.dispatch (/home/ecz/Folder/Programming/Backend/pdvProject/node_modules/router/lib/route.js:117:3)\n    at handle (/home/ecz/Folder/Programming/Backend/pdvProject/node_modules/router/index.js:435:11)\n    at Layer.handleRequest (/home/ecz/Folder/Programming/Backend/pdvProject/node_modules/router/lib/layer.js:152:17)","timestamp":"2026-05-08 17:2416","url":"/sales?shiftId=23","userId":2}
{"level":"info","message":"Middleware initialized","timestamp":"2026-05-08 17:2516"}
{"level":"info","message":"Middleware initialized","timestamp":"2026-05-08 17:2530"}
{"level":"info","message":"Middleware initialized","timestamp":"2026-05-08 17:2540"}
{"level":"info","message":"Middleware initialized","timestamp":"2026-05-08 17:2542"}
{"level":"info","message":"Middleware initialized","timestamp":"2026-05-08 17:2548"}
{"level":"error","message":"ReferenceError: initialDate is not defined","method":"GET","stack":"ReferenceError: initialDate is not defined\n    at index (/home/ecz/Folder/Programming/Backend/pdvProject/src/controller/saleController.js:56:70)\n    at Layer.handleRequest (/home/ecz/Folder/Programming/Backend/pdvProject/node_modules/router/lib/layer.js:152:17)\n    at next (/home/ecz/Folder/Programming/Backend/pdvProject/node_modules/router/lib/route.js:157:13)\n    at loginRequired (/home/ecz/Folder/Programming/Backend/pdvProject/src/middlewares/loginRequired.js:20:16)\n    at Layer.handleRequest (/home/ecz/Folder/Programming/Backend/pdvProject/node_modules/router/lib/layer.js:152:17)\n    at next (/home/ecz/Folder/Programming/Backend/pdvProject/node_modules/router/lib/route.js:157:13)\n    at Route.dispatch (/home/ecz/Folder/Programming/Backend/pdvProject/node_modules/router/lib/route.js:117:3)\n    at handle (/home/ecz/Folder/Programming/Backend/pdvProject/node_modules/router/index.js:435:11)\n    at Layer.handleRequest (/home/ecz/Folder/Programming/Backend/pdvProject/node_modules/router/lib/layer.js:152:17)\n    at /home/ecz/Folder/Programming/Backend/pdvProject/node_modules/router/index.js:295:15","timestamp":"2026-05-08 17:2602","url":"/sales?shiftId=23","userId":2}
{"level":"info","message":"Middleware initialized","timestamp":"2026-05-08 17:2628"}
{"level":"info","message":"Middleware initialized","timestamp":"2026-05-08 17:2631"}
{"level":"info","message":"Middleware initialized","timestamp":"2026-05-08 17:2639"}
{"level":"info","message":"Middleware initialized","timestamp":"2026-05-08 17:2643"}
{"level":"info","message":"Middleware initialized","timestamp":"2026-05-08 17:2656"}
{"level":"error","message":"ReferenceError: initialDate is not defined","method":"GET","stack":"ReferenceError: initialDate is not defined\n    at index (/home/ecz/Folder/Programming/Backend/pdvProject/src/controller/saleController.js:52:65)\n    at Layer.handleRequest (/home/ecz/Folder/Programming/Backend/pdvProject/node_modules/router/lib/layer.js:152:17)\n    at next (/home/ecz/Folder/Programming/Backend/pdvProject/node_modules/router/lib/route.js:157:13)\n    at loginRequired (/home/ecz/Folder/Programming/Backend/pdvProject/src/middlewares/loginRequired.js:20:16)\n    at Layer.handleRequest (/home/ecz/Folder/Programming/Backend/pdvProject/node_modules/router/lib/layer.js:152:17)\n    at next (/home/ecz/Folder/Programming/Backend/pdvProject/node_modules/router/lib/route.js:157:13)\n    at Route.dispatch (/home/ecz/Folder/Programming/Backend/pdvProject/node_modules/router/lib/route.js:117:3)\n    at handle (/home/ecz/Folder/Programming/Backend/pdvProject/node_modules/router/index.js:435:11)\n    at Layer.handleRequest (/home/ecz/Folder/Programming/Backend/pdvProject/node_modules/router/lib/layer.js:152:17)\n    at /home/ecz/Folder/Programming/Backend/pdvProject/node_modules/router/index.js:295:15","timestamp":"2026-05-08 17:2704","url":"/sales?shiftId=23","userId":2}
{"level":"info","message":"Middleware initialized","timestamp":"2026-05-08 17:2832"}
{"level":"info","message":"Middleware initialized","timestamp":"2026-05-08 17:2833"}
{"level":"info","message":"Middleware initialized","timestamp":"2026-05-08 17:2845"}
{"level":"info","message":"Middleware initialized","timestamp":"2026-05-08 17:2858"}
{"level":"error","message":"ReferenceError: initialDate is not defined","method":"GET","stack":"ReferenceError: initialDate is not defined\n    at index (/home/ecz/Folder/Programming/Backend/pdvProject/src/controller/saleController.js:52:65)\n    at Layer.handleRequest (/home/ecz/Folder/Programming/Backend/pdvProject/node_modules/router/lib/layer.js:152:17)\n    at next (/home/ecz/Folder/Programming/Backend/pdvProject/node_modules/router/lib/route.js:157:13)\n    at loginRequired (/home/ecz/Folder/Programming/Backend/pdvProject/src/middlewares/loginRequired.js:20:16)\n    at Layer.handleRequest (/home/ecz/Folder/Programming/Backend/pdvProject/node_modules/router/lib/layer.js:152:17)\n    at next (/home/ecz/Folder/Programming/Backend/pdvProject/node_modules/router/lib/route.js:157:13)\n    at Route.dispatch (/home/ecz/Folder/Programming/Backend/pdvProject/node_modules/router/lib/route.js:117:3)\n    at handle (/home/ecz/Folder/Programming/Backend/pdvProject/node_modules/router/index.js:435:11)\n    at Layer.handleRequest (/home/ecz/Folder/Programming/Backend/pdvProject/node_modules/router/lib/layer.js:152:17)\n    at /home/ecz/Folder/Programming/Backend/pdvProject/node_modules/router/index.js:295:15","timestamp":"2026-05-08 17:2901","url":"/sales?shiftId=23","userId":2}
{"level":"info","message":"Middleware initialized","timestamp":"2026-05-08 17:2952"}
{"level":"info","message":"Middleware initialized","timestamp":"2026-05-08 17:3116"}
{"level":"info","message":"Middleware initialized","timestamp":"2026-05-08 17:3118"}
{"level":"info","message":"Middleware initialized","timestamp":"2026-05-08 17:3127"}
{"level":"info","message":"Middleware initialized","timestamp":"2026-05-08 17:3130"}
{"level":"info","message":"Middleware initialized","timestamp":"2026-05-08 17:3131"}
{"level":"info","message":"Middleware initialized","timestamp":"2026-05-08 17:3136"}
{"level":"info","message":"Middleware initialized","timestamp":"2026-05-08 17:3139"}
{"level":"info","message":"Middleware initialized","timestamp":"2026-05-08 17:4421"}
{"level":"info","message":"Middleware initialized","timestamp":"2026-05-08 17:4427"}
{"level":"info","message":"Middleware initialized","timestamp":"2026-05-08 17:4429"}
{"level":"info","message":"Middleware initialized","timestamp":"2026-05-08 17:4541"}
{"level":"info","message":"Middleware initialized","timestamp":"2026-05-08 17:5211"}
{"level":"info","message":"Middleware initialized","timestamp":"2026-05-08 17:5215"}
{"level":"info","message":"Middleware initialized","timestamp":"2026-05-08 17:5217"}
{"level":"info","message":"Middleware initialized","timestamp":"2026-05-08 17:5222"}
{"level":"info","message":"Middleware initialized","timestamp":"2026-05-08 17:5225"}
{"level":"info","message":"Middleware initialized","timestamp":"2026-05-08 17:5228"}
{"level":"info","message":"Middleware initialized","timestamp":"2026-05-08 17:5517"}
{"level":"info","message":"Middleware initialized","timestamp":"2026-05-08 17:5706"}
{"level":"info","message":"Middleware initialized","timestamp":"2026-05-08 17:5709"}
{"level":"info","message":"Middleware initialized","timestamp":"2026-05-08 17:5711"}
{"level":"info","message":"Middleware initialized","timestamp":"2026-05-08 17:5724"}
{"level":"info","message":"Middleware initialized","timestamp":"2026-05-08 17:5726"}
{"level":"info","message":"Middleware initialized","timestamp":"2026-05-08 17:5948"}
{"level":"info","message":"Middleware initialized","timestamp":"2026-05-08 17:5951"}
{"level":"info","message":"Middleware initialized","timestamp":"2026-05-08 17:5958"}
{"level":"info","message":"Middleware initialized","timestamp":"2026-05-08 18:0001"}
{"level":"info","message":"Middleware initialized","timestamp":"2026-05-08 18:0052"}
{"level":"info","message":"Middleware initialized","timestamp":"2026-05-08 18:0241"}
{"level":"info","message":"Middleware initialized","timestamp":"2026-05-08 18:0242"}
{"level":"info","message":"Middleware initialized","timestamp":"2026-05-08 18:0302"}
{"level":"info","message":"Middleware initialized","timestamp":"2026-05-08 18:0304"}
{"level":"info","message":"Middleware initialized","timestamp":"2026-05-08 18:0312"}
{"level":"info","message":"Middleware initialized","timestamp":"2026-05-08 18:0326"}
{"level":"info","message":"Middleware initialized","timestamp":"2026-05-08 18:0341"}
{"level":"info","message":"Middleware initialized","timestamp":"2026-05-08 18:0352"}
{"level":"info","message":"Middleware initialized","timestamp":"2026-05-08 18:0355"}
{"level":"info","message":"Middleware initialized","timestamp":"2026-05-08 18:0403"}
{"level":"error","message":"Error: Filter paramethers are missing","method":"GET","stack":"Error: Filter paramethers are missing\n    at index (/home/ecz/Folder/Programming/Backend/pdvProject/src/controller/saleController.js:54:23)\n    at Layer.handleRequest (/home/ecz/Folder/Programming/Backend/pdvProject/node_modules/router/lib/layer.js:152:17)\n    at next (/home/ecz/Folder/Programming/Backend/pdvProject/node_modules/router/lib/route.js:157:13)\n    at loginRequired (/home/ecz/Folder/Programming/Backend/pdvProject/src/middlewares/loginRequired.js:20:16)\n    at Layer.handleRequest (/home/ecz/Folder/Programming/Backend/pdvProject/node_modules/router/lib/layer.js:152:17)\n    at next (/home/ecz/Folder/Programming/Backend/pdvProject/node_modules/router/lib/route.js:157:13)\n    at Route.dispatch (/home/ecz/Folder/Programming/Backend/pdvProject/node_modules/router/lib/route.js:117:3)\n    at handle (/home/ecz/Folder/Programming/Backend/pdvProject/node_modules/router/index.js:435:11)\n    at Layer.handleRequest (/home/ecz/Folder/Programming/Backend/pdvProject/node_modules/router/lib/layer.js:152:17)\n    at /home/ecz/Folder/Programming/Backend/pdvProject/node_modules/router/index.js:295:15","timestamp":"2026-05-08 18:0424","url":"/sales","userId":2}
{"level":"info","message":"Middleware initialized","timestamp":"2026-05-08 18:0642"}
{"level":"info","message":"Middleware initialized","timestamp":"2026-05-08 18:0648"}
{"level":"info","message":"Middleware initialized","timestamp":"2026-05-08 18:0811"}
{"level":"info","message":"Middleware initialized","timestamp":"2026-05-08 18:0817"}
{"level":"info","message":"Middleware initialized","timestamp":"2026-05-08 18:0821"}
{"level":"info","message":"Middleware initialized","timestamp":"2026-05-08 18:0827"}
{"level":"info","message":"Middleware initialized","timestamp":"2026-05-08 18:0832"}
{"level":"info","message":"Middleware initialized","timestamp":"2026-05-08 18:0836"}
{"level":"info","message":"Middleware initialized","timestamp":"2026-05-08 18:0837"}
{"level":"info","message":"Middleware initialized","timestamp":"2026-05-08 18:0840"}
{"level":"info","message":"Middleware initialized","timestamp":"2026-05-08 18:0848"}
{"level":"info","message":"Middleware initialized","timestamp":"2026-05-08 18:0853"}
{"level":"info","message":"Middleware initialized","timestamp":"2026-05-08 18:1320"}
{"level":"info","message":"Middleware initialized","timestamp":"2026-05-08 18:1555"}
{"level":"info","message":"Middleware initialized","timestamp":"2026-05-08 18:1558"}
{"level":"info","message":"Middleware initialized","timestamp":"2026-05-08 18:1635"}
{"level":"info","message":"Middleware initialized","timestamp":"2026-05-08 18:1637"}
{"level":"info","message":"Middleware initialized","timestamp":"2026-05-08 18:1639"}
{"level":"info","message":"Middleware initialized","timestamp":"2026-05-08 18:1652"}
{"level":"info","message":"Middleware initialized","timestamp":"2026-05-08 18:1653"}
{"level":"info","message":"Middleware initialized","timestamp":"2026-05-08 18:1944"}
{"level":"info","message":"Middleware initialized","timestamp":"2026-05-08 18:1951"}
{"level":"info","message":"Middleware initialized","timestamp":"2026-05-08 18:2009"}
{"level":"error","message":"Error: Error: ","method":"GET","stack":"Error: Error: \n    at SaleService.index (/home/ecz/Folder/Programming/Backend/pdvProject/src/service/SaleService.js:167:19)\n    at index (/home/ecz/Folder/Programming/Backend/pdvProject/src/controller/saleController.js:62:46)\n    at Layer.handleRequest (/home/ecz/Folder/Programming/Backend/pdvProject/node_modules/router/lib/layer.js:152:17)\n    at next (/home/ecz/Folder/Programming/Backend/pdvProject/node_modules/router/lib/route.js:157:13)\n    at loginRequired (/home/ecz/Folder/Programming/Backend/pdvProject/src/middlewares/loginRequired.js:20:16)\n    at Layer.handleRequest (/home/ecz/Folder/Programming/Backend/pdvProject/node_modules/router/lib/layer.js:152:17)\n    at next (/home/ecz/Folder/Programming/Backend/pdvProject/node_modules/router/lib/route.js:157:13)\n    at Route.dispatch (/home/ecz/Folder/Programming/Backend/pdvProject/node_modules/router/lib/route.js:117:3)\n    at handle (/home/ecz/Folder/Programming/Backend/pdvProject/node_modules/router/index.js:435:11)\n    at Layer.handleRequest (/home/ecz/Folder/Programming/Backend/pdvProject/node_modules/router/lib/layer.js:152:17)","timestamp":"2026-05-08 18:2010","url":"/sales?endDate=2026-04-01","userId":2}
{"level":"info","message":"Middleware initialized","timestamp":"2026-05-08 18:2047"}
{"level":"info","message":"Middleware initialized","timestamp":"2026-05-08 18:2053"}
{"level":"error","message":"Error: Required filters does not match","method":"GET","stack":"Error: Required filters does not match\n    at SaleService.index (/home/ecz/Folder/Programming/Backend/pdvProject/src/service/SaleService.js:119:23)\n    at index (/home/ecz/Folder/Programming/Backend/pdvProject/src/controller/saleController.js:62:46)\n    at Layer.handleRequest (/home/ecz/Folder/Programming/Backend/pdvProject/node_modules/router/lib/layer.js:152:17)\n    at next (/home/ecz/Folder/Programming/Backend/pdvProject/node_modules/router/lib/route.js:157:13)\n    at loginRequired (/home/ecz/Folder/Programming/Backend/pdvProject/src/middlewares/loginRequired.js:20:16)\n    at Layer.handleRequest (/home/ecz/Folder/Programming/Backend/pdvProject/node_modules/router/lib/layer.js:152:17)\n    at next (/home/ecz/Folder/Programming/Backend/pdvProject/node_modules/router/lib/route.js:157:13)\n    at Route.dispatch (/home/ecz/Folder/Programming/Backend/pdvProject/node_modules/router/lib/route.js:117:3)\n    at handle (/home/ecz/Folder/Programming/Backend/pdvProject/node_modules/router/index.js:435:11)\n    at Layer.handleRequest (/home/ecz/Folder/Programming/Backend/pdvProject/node_modules/router/lib/layer.js:152:17)","timestamp":"2026-05-08 18:2055","url":"/sales?endDate=2026-04-01","userId":2}
{"level":"error","message":"Error: Required filters does not match","method":"GET","stack":"Error: Required filters does not match\n    at SaleService.index (/home/ecz/Folder/Programming/Backend/pdvProject/src/service/SaleService.js:119:23)\n    at index (/home/ecz/Folder/Programming/Backend/pdvProject/src/controller/saleController.js:62:46)\n    at Layer.handleRequest (/home/ecz/Folder/Programming/Backend/pdvProject/node_modules/router/lib/layer.js:152:17)\n    at next (/home/ecz/Folder/Programming/Backend/pdvProject/node_modules/router/lib/route.js:157:13)\n    at loginRequired (/home/ecz/Folder/Programming/Backend/pdvProject/src/middlewares/loginRequired.js:20:16)\n    at Layer.handleRequest (/home/ecz/Folder/Programming/Backend/pdvProject/node_modules/router/lib/layer.js:152:17)\n    at next (/home/ecz/Folder/Programming/Backend/pdvProject/node_modules/router/lib/route.js:157:13)\n    at Route.dispatch (/home/ecz/Folder/Programming/Backend/pdvProject/node_modules/router/lib/route.js:117:3)\n    at handle (/home/ecz/Folder/Programming/Backend/pdvProject/node_modules/router/index.js:435:11)\n    at Layer.handleRequest (/home/ecz/Folder/Programming/Backend/pdvProject/node_modules/router/lib/layer.js:152:17)","timestamp":"2026-05-08 18:2140","url":"/sales?endDate=2026-04-01","userId":2}
{"level":"info","message":"Middleware initialized","timestamp":"2026-05-08 18:2212"}
{"level":"info","message":"Middleware initialized","timestamp":"2026-05-08 18:2226"}
{"level":"info","message":"Middleware initialized","timestamp":"2026-05-08 18:2250"}
{"level":"info","message":"Middleware initialized","timestamp":"2026-05-08 18:2255"}
{"level":"info","message":"Middleware initialized","timestamp":"2026-05-08 18:2301"}
{"level":"info","message":"Middleware initialized","timestamp":"2026-05-08 18:2304"}
{"level":"info","message":"Middleware initialized","timestamp":"2026-05-08 18:2306"}
{"level":"info","message":"Middleware initialized","timestamp":"2026-05-08 18:2346"}
{"level":"info","message":"Middleware initialized","timestamp":"2026-05-08 18:2351"}
{"level":"info","message":"Middleware initialized","timestamp":"2026-05-08 18:2353"}
{"level":"error","message":"Error: Required filters does not match","method":"GET","stack":"Error: Required filters does not match\n    at SaleService.index (/home/ecz/Folder/Programming/Backend/pdvProject/src/service/SaleService.js:119:23)\n    at index (/home/ecz/Folder/Programming/Backend/pdvProject/src/controller/saleController.js:62:46)\n    at Layer.handleRequest (/home/ecz/Folder/Programming/Backend/pdvProject/node_modules/router/lib/layer.js:152:17)\n    at next (/home/ecz/Folder/Programming/Backend/pdvProject/node_modules/router/lib/route.js:157:13)\n    at loginRequired (/home/ecz/Folder/Programming/Backend/pdvProject/src/middlewares/loginRequired.js:20:16)\n    at Layer.handleRequest (/home/ecz/Folder/Programming/Backend/pdvProject/node_modules/router/lib/layer.js:152:17)\n    at next (/home/ecz/Folder/Programming/Backend/pdvProject/node_modules/router/lib/route.js:157:13)\n    at Route.dispatch (/home/ecz/Folder/Programming/Backend/pdvProject/node_modules/router/lib/route.js:117:3)\n    at handle (/home/ecz/Folder/Programming/Backend/pdvProject/node_modules/router/index.js:435:11)\n    at Layer.handleRequest (/home/ecz/Folder/Programming/Backend/pdvProject/node_modules/router/lib/layer.js:152:17)","timestamp":"2026-05-08 18:2406","url":"/sales?endDate=2026-04-01","userId":2}
{"level":"info","message":"Middleware initialized","timestamp":"2026-05-08 18:2452"}
{"level":"info","message":"Middleware initialized","timestamp":"2026-05-08 18:2457"}
{"level":"info","message":"Middleware initialized","timestamp":"2026-05-08 18:2459"}
{"level":"info","message":"Middleware initialized","timestamp":"2026-05-08 18:2506"}
{"level":"info","message":"Middleware initialized","timestamp":"2026-05-08 18:2510"}
{"level":"info","message":"Middleware initialized","timestamp":"2026-05-08 18:2512"}
{"level":"info","message":"Middleware initialized","timestamp":"2026-05-08 18:2517"}
{"level":"info","message":"Middleware initialized","timestamp":"2026-05-08 18:2522"}
{"level":"info","message":"Middleware initialized","timestamp":"2026-05-08 18:2524"}
{"level":"info","message":"Middleware initialized","timestamp":"2026-05-08 18:2528"}
{"level":"info","message":"Middleware initialized","timestamp":"2026-05-08 18:2530"}
{"level":"info","message":"Middleware initialized","timestamp":"2026-05-08 18:2534"}
{"level":"info","message":"Middleware initialized","timestamp":"2026-05-08 18:2539"}
{"level":"info","message":"Middleware initialized","timestamp":"2026-05-08 18:2546"}
{"level":"error","message":"Error: Required filters does not match","method":"GET","stack":"Error: Required filters does not match\n    at SaleService.index (/home/ecz/Folder/Programming/Backend/pdvProject/src/service/SaleService.js:119:23)\n    at index (/home/ecz/Folder/Programming/Backend/pdvProject/src/controller/saleController.js:62:46)\n    at Layer.handleRequest (/home/ecz/Folder/Programming/Backend/pdvProject/node_modules/router/lib/layer.js:152:17)\n    at next (/home/ecz/Folder/Programming/Backend/pdvProject/node_modules/router/lib/route.js:157:13)\n    at loginRequired (/home/ecz/Folder/Programming/Backend/pdvProject/src/middlewares/loginRequired.js:20:16)\n    at Layer.handleRequest (/home/ecz/Folder/Programming/Backend/pdvProject/node_modules/router/lib/layer.js:152:17)\n    at next (/home/ecz/Folder/Programming/Backend/pdvProject/node_modules/router/lib/route.js:157:13)\n    at Route.dispatch (/home/ecz/Folder/Programming/Backend/pdvProject/node_modules/router/lib/route.js:117:3)\n    at handle (/home/ecz/Folder/Programming/Backend/pdvProject/node_modules/router/index.js:435:11)\n    at Layer.handleRequest (/home/ecz/Folder/Programming/Backend/pdvProject/node_modules/router/lib/layer.js:152:17)","timestamp":"2026-05-08 18:2548","url":"/sales?endDate=2026-04-01","userId":2}
{"level":"error","message":"Error: Required filters does not match","method":"GET","stack":"Error: Required filters does not match\n    at SaleService.index (/home/ecz/Folder/Programming/Backend/pdvProject/src/service/SaleService.js:119:23)\n    at index (/home/ecz/Folder/Programming/Backend/pdvProject/src/controller/saleController.js:62:46)\n    at Layer.handleRequest (/home/ecz/Folder/Programming/Backend/pdvProject/node_modules/router/lib/layer.js:152:17)\n    at next (/home/ecz/Folder/Programming/Backend/pdvProject/node_modules/router/lib/route.js:157:13)\n    at loginRequired (/home/ecz/Folder/Programming/Backend/pdvProject/src/middlewares/loginRequired.js:20:16)\n    at Layer.handleRequest (/home/ecz/Folder/Programming/Backend/pdvProject/node_modules/router/lib/layer.js:152:17)\n    at next (/home/ecz/Folder/Programming/Backend/pdvProject/node_modules/router/lib/route.js:157:13)\n    at Route.dispatch (/home/ecz/Folder/Programming/Backend/pdvProject/node_modules/router/lib/route.js:117:3)\n    at handle (/home/ecz/Folder/Programming/Backend/pdvProject/node_modules/router/index.js:435:11)\n    at Layer.handleRequest (/home/ecz/Folder/Programming/Backend/pdvProject/node_modules/router/lib/layer.js:152:17)","timestamp":"2026-05-08 18:2629","url":"/sales?endDate=2026-04-01&initialDate=2026-04-10","userId":2}
{"level":"info","message":"Middleware initialized","timestamp":"2026-05-08 18:2644"}
{"level":"error","message":"Error: Required filters does not match","method":"GET","stack":"Error: Required filters does not match\n    at SaleService.index (/home/ecz/Folder/Programming/Backend/pdvProject/src/service/SaleService.js:119:23)\n    at index (/home/ecz/Folder/Programming/Backend/pdvProject/src/controller/saleController.js:62:46)\n    at Layer.handleRequest (/home/ecz/Folder/Programming/Backend/pdvProject/node_modules/router/lib/layer.js:152:17)\n    at next (/home/ecz/Folder/Programming/Backend/pdvProject/node_modules/router/lib/route.js:157:13)\n    at loginRequired (/home/ecz/Folder/Programming/Backend/pdvProject/src/middlewares/loginRequired.js:20:16)\n    at Layer.handleRequest (/home/ecz/Folder/Programming/Backend/pdvProject/node_modules/router/lib/layer.js:152:17)\n    at next (/home/ecz/Folder/Programming/Backend/pdvProject/node_modules/router/lib/route.js:157:13)\n    at Route.dispatch (/home/ecz/Folder/Programming/Backend/pdvProject/node_modules/router/lib/route.js:117:3)\n    at handle (/home/ecz/Folder/Programming/Backend/pdvProject/node_modules/router/index.js:435:11)\n    at Layer.handleRequest (/home/ecz/Folder/Programming/Backend/pdvProject/node_modules/router/lib/layer.js:152:17)","timestamp":"2026-05-08 18:2648","url":"/sales?endDate=2026-04-01&initialDate=2026-04-10","userId":2}
{"level":"error","message":"Error: Required filters does not match","method":"GET","stack":"Error: Required filters does not match\n    at SaleService.index (/home/ecz/Folder/Programming/Backend/pdvProject/src/service/SaleService.js:119:23)\n    at index (/home/ecz/Folder/Programming/Backend/pdvProject/src/controller/saleController.js:62:46)\n    at Layer.handleRequest (/home/ecz/Folder/Programming/Backend/pdvProject/node_modules/router/lib/layer.js:152:17)\n    at next (/home/ecz/Folder/Programming/Backend/pdvProject/node_modules/router/lib/route.js:157:13)\n    at loginRequired (/home/ecz/Folder/Programming/Backend/pdvProject/src/middlewares/loginRequired.js:20:16)\n    at Layer.handleRequest (/home/ecz/Folder/Programming/Backend/pdvProject/node_modules/router/lib/layer.js:152:17)\n    at next (/home/ecz/Folder/Programming/Backend/pdvProject/node_modules/router/lib/route.js:157:13)\n    at Route.dispatch (/home/ecz/Folder/Programming/Backend/pdvProject/node_modules/router/lib/route.js:117:3)\n    at handle (/home/ecz/Folder/Programming/Backend/pdvProject/node_modules/router/index.js:435:11)\n    at Layer.handleRequest (/home/ecz/Folder/Programming/Backend/pdvProject/node_modules/router/lib/layer.js:152:17)","timestamp":"2026-05-08 18:2755","url":"/sales?initialDate=2026-04-10&endDate=2026-04-01","userId":2}
{"level":"error","message":"Error: Filter paramethers are missing","method":"GET","stack":"Error: Filter paramethers are missing\n    at index (/home/ecz/Folder/Programming/Backend/pdvProject/src/controller/saleController.js:54:23)\n    at Layer.handleRequest (/home/ecz/Folder/Programming/Backend/pdvProject/node_modules/router/lib/layer.js:152:17)\n    at next (/home/ecz/Folder/Programming/Backend/pdvProject/node_modules/router/lib/route.js:157:13)\n    at loginRequired (/home/ecz/Folder/Programming/Backend/pdvProject/src/middlewares/loginRequired.js:20:16)\n    at Layer.handleRequest (/home/ecz/Folder/Programming/Backend/pdvProject/node_modules/router/lib/layer.js:152:17)\n    at next (/home/ecz/Folder/Programming/Backend/pdvProject/node_modules/router/lib/route.js:157:13)\n    at Route.dispatch (/home/ecz/Folder/Programming/Backend/pdvProject/node_modules/router/lib/route.js:117:3)\n    at handle (/home/ecz/Folder/Programming/Backend/pdvProject/node_modules/router/index.js:435:11)\n    at Layer.handleRequest (/home/ecz/Folder/Programming/Backend/pdvProject/node_modules/router/lib/layer.js:152:17)\n    at /home/ecz/Folder/Programming/Backend/pdvProject/node_modules/router/index.js:295:15","timestamp":"2026-05-08 18:2824","url":"/sales?initialDate=2026-04-01","userId":2}
{"level":"info","message":"Middleware initialized","timestamp":"2026-05-08 18:2909"}
{"level":"info","message":"Middleware initialized","timestamp":"2026-05-08 18:2913"}
{"level":"error","message":"Error: Filter paramethers are missing","method":"GET","stack":"Error: Filter paramethers are missing\n    at index (/home/ecz/Folder/Programming/Backend/pdvProject/src/controller/saleController.js:55:23)\n    at Layer.handleRequest (/home/ecz/Folder/Programming/Backend/pdvProject/node_modules/router/lib/layer.js:152:17)\n    at next (/home/ecz/Folder/Programming/Backend/pdvProject/node_modules/router/lib/route.js:157:13)\n    at loginRequired (/home/ecz/Folder/Programming/Backend/pdvProject/src/middlewares/loginRequired.js:20:16)\n    at Layer.handleRequest (/home/ecz/Folder/Programming/Backend/pdvProject/node_modules/router/lib/layer.js:152:17)\n    at next (/home/ecz/Folder/Programming/Backend/pdvProject/node_modules/router/lib/route.js:157:13)\n    at Route.dispatch (/home/ecz/Folder/Programming/Backend/pdvProject/node_modules/router/lib/route.js:117:3)\n    at handle (/home/ecz/Folder/Programming/Backend/pdvProject/node_modules/router/index.js:435:11)\n    at Layer.handleRequest (/home/ecz/Folder/Programming/Backend/pdvProject/node_modules/router/lib/layer.js:152:17)\n    at /home/ecz/Folder/Programming/Backend/pdvProject/node_modules/router/index.js:295:15","timestamp":"2026-05-08 18:2919","url":"/sales?initialDate=2026-04-01","userId":2}
{"level":"info","message":"Middleware initialized","timestamp":"2026-05-08 18:3016"}
{"level":"info","message":"Middleware initialized","timestamp":"2026-05-08 18:3018"}
{"level":"info","message":"Middleware initialized","timestamp":"2026-05-08 18:3024"}
{"level":"info","message":"Middleware initialized","timestamp":"2026-05-08 18:3025"}
{"level":"error","message":"Error: Filter paramethers are missing","method":"GET","stack":"Error: Filter paramethers are missing\n    at index (/home/ecz/Folder/Programming/Backend/pdvProject/src/controller/saleController.js:55:23)\n    at Layer.handleRequest (/home/ecz/Folder/Programming/Backend/pdvProject/node_modules/router/lib/layer.js:152:17)\n    at next (/home/ecz/Folder/Programming/Backend/pdvProject/node_modules/router/lib/route.js:157:13)\n    at loginRequired (/home/ecz/Folder/Programming/Backend/pdvProject/src/middlewares/loginRequired.js:20:16)\n    at Layer.handleRequest (/home/ecz/Folder/Programming/Backend/pdvProject/node_modules/router/lib/layer.js:152:17)\n    at next (/home/ecz/Folder/Programming/Backend/pdvProject/node_modules/router/lib/route.js:157:13)\n    at Route.dispatch (/home/ecz/Folder/Programming/Backend/pdvProject/node_modules/router/lib/route.js:117:3)\n    at handle (/home/ecz/Folder/Programming/Backend/pdvProject/node_modules/router/index.js:435:11)\n    at Layer.handleRequest (/home/ecz/Folder/Programming/Backend/pdvProject/node_modules/router/lib/layer.js:152:17)\n    at /home/ecz/Folder/Programming/Backend/pdvProject/node_modules/router/index.js:295:15","timestamp":"2026-05-08 18:3027","url":"/sales?initialDate=2026-04-01","userId":2}
{"level":"info","message":"Middleware initialized","timestamp":"2026-05-08 18:3103"}
{"level":"info","message":"Middleware initialized","timestamp":"2026-05-08 18:3111"}
{"level":"info","message":"Middleware initialized","timestamp":"2026-05-08 18:3116"}
{"level":"info","message":"Middleware initialized","timestamp":"2026-05-08 18:3118"}
{"level":"error","message":"ReferenceError: initialDate is not defined","method":"GET","stack":"ReferenceError: initialDate is not defined\n    at index (/home/ecz/Folder/Programming/Backend/pdvProject/src/controller/saleController.js:52:40)\n    at Layer.handleRequest (/home/ecz/Folder/Programming/Backend/pdvProject/node_modules/router/lib/layer.js:152:17)\n    at next (/home/ecz/Folder/Programming/Backend/pdvProject/node_modules/router/lib/route.js:157:13)\n    at loginRequired (/home/ecz/Folder/Programming/Backend/pdvProject/src/middlewares/loginRequired.js:20:16)\n    at Layer.handleRequest (/home/ecz/Folder/Programming/Backend/pdvProject/node_modules/router/lib/layer.js:152:17)\n    at next (/home/ecz/Folder/Programming/Backend/pdvProject/node_modules/router/lib/route.js:157:13)\n    at Route.dispatch (/home/ecz/Folder/Programming/Backend/pdvProject/node_modules/router/lib/route.js:117:3)\n    at handle (/home/ecz/Folder/Programming/Backend/pdvProject/node_modules/router/index.js:435:11)\n    at Layer.handleRequest (/home/ecz/Folder/Programming/Backend/pdvProject/node_modules/router/lib/layer.js:152:17)\n    at /home/ecz/Folder/Programming/Backend/pdvProject/node_modules/router/index.js:295:15","timestamp":"2026-05-08 18:3119","url":"/sales?initialDate=2026-04-01","userId":2}
{"level":"info","message":"Middleware initialized","timestamp":"2026-05-08 18:3143"}
{"level":"info","message":"Middleware initialized","timestamp":"2026-05-08 18:3151"}
{"level":"info","message":"Middleware initialized","timestamp":"2026-05-08 18:3158"}
{"level":"error","message":"ReferenceError: intialDate is not defined","method":"GET","stack":"ReferenceError: intialDate is not defined\n    at index (/home/ecz/Folder/Programming/Backend/pdvProject/src/controller/saleController.js:55:30)\n    at Layer.handleRequest (/home/ecz/Folder/Programming/Backend/pdvProject/node_modules/router/lib/layer.js:152:17)\n    at next (/home/ecz/Folder/Programming/Backend/pdvProject/node_modules/router/lib/route.js:157:13)\n    at loginRequired (/home/ecz/Folder/Programming/Backend/pdvProject/src/middlewares/loginRequired.js:20:16)\n    at Layer.handleRequest (/home/ecz/Folder/Programming/Backend/pdvProject/node_modules/router/lib/layer.js:152:17)\n    at next (/home/ecz/Folder/Programming/Backend/pdvProject/node_modules/router/lib/route.js:157:13)\n    at Route.dispatch (/home/ecz/Folder/Programming/Backend/pdvProject/node_modules/router/lib/route.js:117:3)\n    at handle (/home/ecz/Folder/Programming/Backend/pdvProject/node_modules/router/index.js:435:11)\n    at Layer.handleRequest (/home/ecz/Folder/Programming/Backend/pdvProject/node_modules/router/lib/layer.js:152:17)\n    at /home/ecz/Folder/Programming/Backend/pdvProject/node_modules/router/index.js:295:15","timestamp":"2026-05-08 18:3200","url":"/sales?initialDate=2026-04-01","userId":2}
{"level":"info","message":"Middleware initialized","timestamp":"2026-05-08 18:3222"}
{"level":"info","message":"Middleware initialized","timestamp":"2026-05-08 18:3234"}
{"level":"info","message":"Middleware initialized","timestamp":"2026-05-08 18:3239"}
{"level":"error","message":"ReferenceError: intialDate is not defined","method":"GET","stack":"ReferenceError: intialDate is not defined\n    at index (/home/ecz/Folder/Programming/Backend/pdvProject/src/controller/saleController.js:57:71)\n    at Layer.handleRequest (/home/ecz/Folder/Programming/Backend/pdvProject/node_modules/router/lib/layer.js:152:17)\n    at next (/home/ecz/Folder/Programming/Backend/pdvProject/node_modules/router/lib/route.js:157:13)\n    at loginRequired (/home/ecz/Folder/Programming/Backend/pdvProject/src/middlewares/loginRequired.js:20:16)\n    at Layer.handleRequest (/home/ecz/Folder/Programming/Backend/pdvProject/node_modules/router/lib/layer.js:152:17)\n    at next (/home/ecz/Folder/Programming/Backend/pdvProject/node_modules/router/lib/route.js:157:13)\n    at Route.dispatch (/home/ecz/Folder/Programming/Backend/pdvProject/node_modules/router/lib/route.js:117:3)\n    at handle (/home/ecz/Folder/Programming/Backend/pdvProject/node_modules/router/index.js:435:11)\n    at Layer.handleRequest (/home/ecz/Folder/Programming/Backend/pdvProject/node_modules/router/lib/layer.js:152:17)\n    at /home/ecz/Folder/Programming/Backend/pdvProject/node_modules/router/index.js:295:15","timestamp":"2026-05-08 18:3301","url":"/sales?initialDate=2026-04-01&endDate=2026-04-10","userId":2}
{"level":"info","message":"Middleware initialized","timestamp":"2026-05-08 18:3335"}
{"level":"info","message":"Middleware initialized","timestamp":"2026-05-08 18:3337"}
{"level":"info","message":"Middleware initialized","timestamp":"2026-05-08 18:3338"}
{"level":"error","message":"ReferenceError: finalDate is not defined","method":"GET","stack":"ReferenceError: finalDate is not defined\n    at SaleService.index (/home/ecz/Folder/Programming/Backend/pdvProject/src/service/SaleService.js:110:32)\n    at index (/home/ecz/Folder/Programming/Backend/pdvProject/src/controller/saleController.js:62:46)\n    at Layer.handleRequest (/home/ecz/Folder/Programming/Backend/pdvProject/node_modules/router/lib/layer.js:152:17)\n    at next (/home/ecz/Folder/Programming/Backend/pdvProject/node_modules/router/lib/route.js:157:13)\n    at loginRequired (/home/ecz/Folder/Programming/Backend/pdvProject/src/middlewares/loginRequired.js:20:16)\n    at Layer.handleRequest (/home/ecz/Folder/Programming/Backend/pdvProject/node_modules/router/lib/layer.js:152:17)\n    at next (/home/ecz/Folder/Programming/Backend/pdvProject/node_modules/router/lib/route.js:157:13)\n    at Route.dispatch (/home/ecz/Folder/Programming/Backend/pdvProject/node_modules/router/lib/route.js:117:3)\n    at handle (/home/ecz/Folder/Programming/Backend/pdvProject/node_modules/router/index.js:435:11)\n    at Layer.handleRequest (/home/ecz/Folder/Programming/Backend/pdvProject/node_modules/router/lib/layer.js:152:17)","timestamp":"2026-05-08 18:3340","url":"/sales?initialDate=2026-04-01&endDate=2026-04-10","userId":2}
{"level":"info","message":"Middleware initialized","timestamp":"2026-05-08 18:3403"}
{"level":"info","message":"Middleware initialized","timestamp":"2026-05-08 18:3934"}
{"level":"info","message":"Middleware initialized","timestamp":"2026-05-08 18:4704"}
{"level":"info","message":"Middleware initialized","timestamp":"2026-05-08 18:4746"}
{"level":"info","message":"Middleware initialized","timestamp":"2026-05-08 18:4751"}
{"level":"info","message":"Middleware initialized","timestamp":"2026-05-08 18:4756"}
{"level":"info","message":"Middleware initialized","timestamp":"2026-05-08 18:4848"}
{"level":"info","message":"Middleware initialized","timestamp":"2026-05-08 18:4853"}
{"level":"info","message":"Middleware initialized","timestamp":"2026-05-08 18:4857"}
{"level":"info","message":"Middleware initialized","timestamp":"2026-05-08 18:4926"}
{"level":"info","message":"Middleware initialized","timestamp":"2026-05-08 18:4946"}
{"level":"info","message":"Middleware initialized","timestamp":"2026-05-08 18:4952"}
{"level":"info","message":"Middleware initialized","timestamp":"2026-05-08 18:4956"}
{"level":"info","message":"Middleware initialized","timestamp":"2026-05-08 18:5002"}
{"level":"info","message":"Middleware initialized","timestamp":"2026-05-08 18:5003"}
{"level":"info","message":"Middleware initialized","timestamp":"2026-05-08 18:5237"}
{"level":"info","message":"Middleware initialized","timestamp":"2026-05-08 18:5553"}
{"level":"info","message":"Middleware initialized","timestamp":"2026-05-08 18:5617"}
{"level":"info","message":"Middleware initialized","timestamp":"2026-05-08 18:5619"}
{"level":"info","message":"Middleware initialized","timestamp":"2026-05-08 18:5621"}
{"level":"info","message":"Middleware initialized","timestamp":"2026-05-08 18:5624"}
{"level":"info","message":"Middleware initialized","timestamp":"2026-05-08 18:5627"}
{"level":"info","message":"Middleware initialized","timestamp":"2026-05-08 18:5629"}
{"level":"info","message":"Middleware initialized","timestamp":"2026-05-08 18:5637"}
{"level":"info","message":"Middleware initialized","timestamp":"2026-05-08 18:5641"}
{"level":"info","message":"Middleware initialized","timestamp":"2026-05-08 18:5715"}
{"level":"info","message":"Middleware initialized","timestamp":"2026-05-08 18:5717"}
{"level":"info","message":"Middleware initialized","timestamp":"2026-05-08 18:5809"}
{"level":"info","message":"Middleware initialized","timestamp":"2026-05-08 19:3010"}
{"level":"error","message":"SequelizeDatabaseError: new row for relation \"stock\" violates check constraint \"check_qty_non_negative\"","method":"POST","stack":"Error\n    at Query.run (/home/ecz/Folder/Programming/Backend/pdvProject/node_modules/sequelize/lib/dialects/postgres/query.js:50:25)\n    at /home/ecz/Folder/Programming/Backend/pdvProject/node_modules/sequelize/lib/sequelize.js:315:28\n    at process.processTicksAndRejections (node:internal/process/task_queues:104:5)\n    at async PostgresQueryInterface.decrement (/home/ecz/Folder/Programming/Backend/pdvProject/node_modules/sequelize/lib/dialects/abstract/query-interface.js:421:12)\n    at async Stock.increment (/home/ecz/Folder/Programming/Backend/pdvProject/node_modules/sequelize/lib/model.js:2113:22)\n    at async /home/ecz/Folder/Programming/Backend/pdvProject/src/service/SaleService.js:65:17\n    at async /home/ecz/Folder/Programming/Backend/pdvProject/node_modules/sequelize/lib/sequelize.js:507:18\n    at async SaleService.createSale (/home/ecz/Folder/Programming/Backend/pdvProject/src/service/SaleService.js:29:24)\n    at async createSale (/home/ecz/Folder/Programming/Backend/pdvProject/src/controller/saleController.js:28:32)","timestamp":"2026-05-08 19:3017","url":"/sales","userId":2}
{"level":"info","message":"Middleware initialized","timestamp":"2026-05-08 19:3126"}
{"level":"info","message":"Middleware initialized","timestamp":"2026-05-08 19:3127"}
{"level":"info","message":"Middleware initialized","timestamp":"2026-05-08 19:3129"}
{"level":"info","message":"Middleware initialized","timestamp":"2026-05-08 19:3146"}
{"level":"info","message":"Middleware initialized","timestamp":"2026-05-08 19:3156"}
{"level":"error","message":"SequelizeDatabaseError: new row for relation \"stock\" violates check constraint \"check_qty_non_negative\"","method":"POST","stack":"Error\n    at Query.run (/home/ecz/Folder/Programming/Backend/pdvProject/node_modules/sequelize/lib/dialects/postgres/query.js:50:25)\n    at /home/ecz/Folder/Programming/Backend/pdvProject/node_modules/sequelize/lib/sequelize.js:315:28\n    at process.processTicksAndRejections (node:internal/process/task_queues:104:5)\n    at async PostgresQueryInterface.decrement (/home/ecz/Folder/Programming/Backend/pdvProject/node_modules/sequelize/lib/dialects/abstract/query-interface.js:421:12)\n    at async Stock.increment (/home/ecz/Folder/Programming/Backend/pdvProject/node_modules/sequelize/lib/model.js:2113:22)\n    at async /home/ecz/Folder/Programming/Backend/pdvProject/src/service/SaleService.js:65:17\n    at async /home/ecz/Folder/Programming/Backend/pdvProject/node_modules/sequelize/lib/sequelize.js:507:18\n    at async SaleService.createSale (/home/ecz/Folder/Programming/Backend/pdvProject/src/service/SaleService.js:29:24)\n    at async createSale (/home/ecz/Folder/Programming/Backend/pdvProject/src/controller/saleController.js:28:32)","timestamp":"2026-05-08 19:3203","url":"/sales","userId":2}
{"level":"info","message":"Middleware initialized","timestamp":"2026-05-08 19:3217"}
{"level":"error","message":"SequelizeDatabaseError: new row for relation \"stock\" violates check constraint \"check_qty_non_negative\"","method":"POST","stack":"Error\n    at Query.run (/home/ecz/Folder/Programming/Backend/pdvProject/node_modules/sequelize/lib/dialects/postgres/query.js:50:25)\n    at /home/ecz/Folder/Programming/Backend/pdvProject/node_modules/sequelize/lib/sequelize.js:315:28\n    at process.processTicksAndRejections (node:internal/process/task_queues:104:5)\n    at async PostgresQueryInterface.decrement (/home/ecz/Folder/Programming/Backend/pdvProject/node_modules/sequelize/lib/dialects/abstract/query-interface.js:421:12)\n    at async Stock.increment (/home/ecz/Folder/Programming/Backend/pdvProject/node_modules/sequelize/lib/model.js:2113:22)\n    at async /home/ecz/Folder/Programming/Backend/pdvProject/src/service/SaleService.js:65:17\n    at async /home/ecz/Folder/Programming/Backend/pdvProject/node_modules/sequelize/lib/sequelize.js:507:18\n    at async SaleService.createSale (/home/ecz/Folder/Programming/Backend/pdvProject/src/service/SaleService.js:29:24)\n    at async createSale (/home/ecz/Folder/Programming/Backend/pdvProject/src/controller/saleController.js:28:32)","timestamp":"2026-05-08 19:3220","url":"/sales","userId":2}
{"level":"info","message":"Middleware initialized","timestamp":"2026-05-08 19:3326"}
{"level":"info","message":"Middleware initialized","timestamp":"2026-05-08 19:3329"}
{"level":"error","message":"SequelizeDatabaseError: new row for relation \"stock\" violates check constraint \"check_qty_non_negative\"","method":"POST","stack":"Error\n    at Query.run (/home/ecz/Folder/Programming/Backend/pdvProject/node_modules/sequelize/lib/dialects/postgres/query.js:50:25)\n    at /home/ecz/Folder/Programming/Backend/pdvProject/node_modules/sequelize/lib/sequelize.js:315:28\n    at process.processTicksAndRejections (node:internal/process/task_queues:104:5)\n    at async PostgresQueryInterface.decrement (/home/ecz/Folder/Programming/Backend/pdvProject/node_modules/sequelize/lib/dialects/abstract/query-interface.js:421:12)\n    at async Stock.increment (/home/ecz/Folder/Programming/Backend/pdvProject/node_modules/sequelize/lib/model.js:2113:22)\n    at async /home/ecz/Folder/Programming/Backend/pdvProject/src/service/SaleService.js:65:17\n    at async /home/ecz/Folder/Programming/Backend/pdvProject/node_modules/sequelize/lib/sequelize.js:507:18\n    at async SaleService.createSale (/home/ecz/Folder/Programming/Backend/pdvProject/src/service/SaleService.js:29:24)\n    at async createSale (/home/ecz/Folder/Programming/Backend/pdvProject/src/controller/saleController.js:28:32)","timestamp":"2026-05-08 19:3330","url":"/sales","userId":2}
{"level":"error","message":"SequelizeDatabaseError: new row for relation \"stock\" violates check constraint \"check_qty_non_negative\"","method":"POST","stack":"Error\n    at Query.run (/home/ecz/Folder/Programming/Backend/pdvProject/node_modules/sequelize/lib/dialects/postgres/query.js:50:25)\n    at /home/ecz/Folder/Programming/Backend/pdvProject/node_modules/sequelize/lib/sequelize.js:315:28\n    at process.processTicksAndRejections (node:internal/process/task_queues:104:5)\n    at async PostgresQueryInterface.decrement (/home/ecz/Folder/Programming/Backend/pdvProject/node_modules/sequelize/lib/dialects/abstract/query-interface.js:421:12)\n    at async Stock.increment (/home/ecz/Folder/Programming/Backend/pdvProject/node_modules/sequelize/lib/model.js:2113:22)\n    at async /home/ecz/Folder/Programming/Backend/pdvProject/src/service/SaleService.js:65:17\n    at async /home/ecz/Folder/Programming/Backend/pdvProject/node_modules/sequelize/lib/sequelize.js:507:18\n    at async SaleService.createSale (/home/ecz/Folder/Programming/Backend/pdvProject/src/service/SaleService.js:29:24)\n    at async createSale (/home/ecz/Folder/Programming/Backend/pdvProject/src/controller/saleController.js:28:32)","timestamp":"2026-05-08 19:3331","url":"/sales","userId":2}
{"level":"info","message":"Middleware initialized","timestamp":"2026-05-08 19:3434"}
{"level":"info","message":"Middleware initialized","timestamp":"2026-05-08 19:3447"}
{"level":"info","message":"Middleware initialized","timestamp":"2026-05-08 19:3454"}
{"level":"info","message":"Middleware initialized","timestamp":"2026-05-08 19:3511"}
{"level":"error","message":"SequelizeDatabaseError: new row for relation \"stock\" violates check constraint \"check_qty_non_negative\"","method":"POST","stack":"Error\n    at Query.run (/home/ecz/Folder/Programming/Backend/pdvProject/node_modules/sequelize/lib/dialects/postgres/query.js:50:25)\n    at /home/ecz/Folder/Programming/Backend/pdvProject/node_modules/sequelize/lib/sequelize.js:315:28\n    at process.processTicksAndRejections (node:internal/process/task_queues:104:5)\n    at async PostgresQueryInterface.decrement (/home/ecz/Folder/Programming/Backend/pdvProject/node_modules/sequelize/lib/dialects/abstract/query-interface.js:421:12)\n    at async Stock.increment (/home/ecz/Folder/Programming/Backend/pdvProject/node_modules/sequelize/lib/model.js:2113:22)\n    at async /home/ecz/Folder/Programming/Backend/pdvProject/src/service/SaleService.js:65:17\n    at async /home/ecz/Folder/Programming/Backend/pdvProject/node_modules/sequelize/lib/sequelize.js:507:18\n    at async SaleService.createSale (/home/ecz/Folder/Programming/Backend/pdvProject/src/service/SaleService.js:29:24)\n    at async createSale (/home/ecz/Folder/Programming/Backend/pdvProject/src/controller/saleController.js:28:32)","timestamp":"2026-05-08 19:3544","url":"/sales","userId":2}
{"level":"info","message":"Middleware initialized","timestamp":"2026-05-08 19:3612"}
{"level":"info","message":"Middleware initialized","timestamp":"2026-05-08 19:3614"}
{"level":"info","message":"Middleware initialized","timestamp":"2026-05-08 19:3638"}
{"level":"info","message":"Middleware initialized","timestamp":"2026-05-08 19:3648"}
{"level":"error","message":"SequelizeDatabaseError: new row for relation \"stock\" violates check constraint \"check_qty_non_negative\"","method":"POST","stack":"Error\n    at Query.run (/home/ecz/Folder/Programming/Backend/pdvProject/node_modules/sequelize/lib/dialects/postgres/query.js:50:25)\n    at /home/ecz/Folder/Programming/Backend/pdvProject/node_modules/sequelize/lib/sequelize.js:315:28\n    at process.processTicksAndRejections (node:internal/process/task_queues:104:5)\n    at async PostgresQueryInterface.decrement (/home/ecz/Folder/Programming/Backend/pdvProject/node_modules/sequelize/lib/dialects/abstract/query-interface.js:421:12)\n    at async Stock.increment (/home/ecz/Folder/Programming/Backend/pdvProject/node_modules/sequelize/lib/model.js:2113:22)\n    at async /home/ecz/Folder/Programming/Backend/pdvProject/src/service/SaleService.js:65:17\n    at async /home/ecz/Folder/Programming/Backend/pdvProject/node_modules/sequelize/lib/sequelize.js:507:18\n    at async SaleService.createSale (/home/ecz/Folder/Programming/Backend/pdvProject/src/service/SaleService.js:29:24)\n    at async createSale (/home/ecz/Folder/Programming/Backend/pdvProject/src/controller/saleController.js:28:32)","timestamp":"2026-05-08 19:3650","url":"/sales","userId":2}
{"level":"info","message":"Middleware initialized","timestamp":"2026-05-08 19:3705"}
{"level":"info","message":"Middleware initialized","timestamp":"2026-05-08 19:3715"}
{"level":"error","message":"SequelizeDatabaseError: new row for relation \"stock\" violates check constraint \"check_qty_non_negative\"","method":"POST","stack":"Error\n    at Query.run (/home/ecz/Folder/Programming/Backend/pdvProject/node_modules/sequelize/lib/dialects/postgres/query.js:50:25)\n    at /home/ecz/Folder/Programming/Backend/pdvProject/node_modules/sequelize/lib/sequelize.js:315:28\n    at process.processTicksAndRejections (node:internal/process/task_queues:104:5)\n    at async PostgresQueryInterface.decrement (/home/ecz/Folder/Programming/Backend/pdvProject/node_modules/sequelize/lib/dialects/abstract/query-interface.js:421:12)\n    at async Stock.increment (/home/ecz/Folder/Programming/Backend/pdvProject/node_modules/sequelize/lib/model.js:2113:22)\n    at async /home/ecz/Folder/Programming/Backend/pdvProject/src/service/SaleService.js:65:17\n    at async /home/ecz/Folder/Programming/Backend/pdvProject/node_modules/sequelize/lib/sequelize.js:507:18\n    at async SaleService.createSale (/home/ecz/Folder/Programming/Backend/pdvProject/src/service/SaleService.js:29:24)\n    at async createSale (/home/ecz/Folder/Programming/Backend/pdvProject/src/controller/saleController.js:28:32)","timestamp":"2026-05-08 19:3717","url":"/sales","userId":2}
{"level":"info","message":"Middleware initialized","timestamp":"2026-05-09 10:5044"}
{"level":"info","message":"Middleware initialized","timestamp":"2026-05-09 10:5124"}
{"level":"info","message":"Middleware initialized","timestamp":"2026-05-09 10:5135"}
{"level":"info","message":"Middleware initialized","timestamp":"2026-05-09 10:5141"}
{"level":"error","message":"TypeError: Class constructor UserController cannot be invoked without 'new'","method":"GET","stack":"TypeError: Class constructor UserController cannot be invoked without 'new'\n    at Layer.handleRequest (/home/ecz/Folder/Programming/Backend/pdvProject/node_modules/router/lib/layer.js:152:17)\n    at trimPrefix (/home/ecz/Folder/Programming/Backend/pdvProject/node_modules/router/index.js:342:13)\n    at /home/ecz/Folder/Programming/Backend/pdvProject/node_modules/router/index.js:297:9\n    at processParams (/home/ecz/Folder/Programming/Backend/pdvProject/node_modules/router/index.js:582:12)\n    at next (/home/ecz/Folder/Programming/Backend/pdvProject/node_modules/router/index.js:291:5)\n    at /home/ecz/Folder/Programming/Backend/pdvProject/node_modules/express/lib/application.js:235:9\n    at /home/ecz/Folder/Programming/Backend/pdvProject/node_modules/router/index.js:688:15\n    at next (/home/ecz/Folder/Programming/Backend/pdvProject/node_modules/router/index.js:276:14)\n    at router.handle (/home/ecz/Folder/Programming/Backend/pdvProject/node_modules/router/index.js:186:3)\n    at app.handle (/home/ecz/Folder/Programming/Backend/pdvProject/node_modules/express/lib/application.js:177:15)","timestamp":"2026-05-09 10:5144","url":"/users/2","userId":"Anonymous"}
{"level":"info","message":"Middleware initialized","timestamp":"2026-05-09 10:5359"}
{"level":"info","message":"Middleware initialized","timestamp":"2026-05-09 11:0058"}
{"level":"info","message":"Middleware initialized","timestamp":"2026-05-09 11:0153"}
{"level":"info","message":"Middleware initialized","timestamp":"2026-05-09 11:0157"}
{"level":"info","message":"Middleware initialized","timestamp":"2026-05-09 11:0159"}
{"level":"info","message":"Middleware initialized","timestamp":"2026-05-09 11:0208"}
{"level":"info","message":"Middleware initialized","timestamp":"2026-05-09 11:0210"}
{"level":"info","message":"Middleware initialized","timestamp":"2026-05-09 11:0217"}
{"level":"info","message":"Middleware initialized","timestamp":"2026-05-09 11:0237"}
{"level":"info","message":"Middleware initialized","timestamp":"2026-05-09 11:0239"}
{"level":"info","message":"Middleware initialized","timestamp":"2026-05-09 11:0259"}
{"level":"info","message":"Middleware initialized","timestamp":"2026-05-09 11:0310"}
{"level":"info","message":"Middleware initialized","timestamp":"2026-05-09 11:0314"}
{"level":"info","message":"Middleware initialized","timestamp":"2026-05-09 11:0316"}
{"level":"info","message":"Middleware initialized","timestamp":"2026-05-09 11:0318"}
{"level":"info","message":"Middleware initialized","timestamp":"2026-05-09 11:0321"}
{"level":"info","message":"Middleware initialized","timestamp":"2026-05-09 11:0325"}
{"level":"error","message":"ReferenceError: phone is not defined","method":"GET","stack":"ReferenceError: phone is not defined\n    at UserService.show (/home/ecz/Folder/Programming/Backend/pdvProject/src/service/UserService.js:26:65)\n    at show (/home/ecz/Folder/Programming/Backend/pdvProject/src/controller/userController.js:51:44)\n    at Layer.handleRequest (/home/ecz/Folder/Programming/Backend/pdvProject/node_modules/router/lib/layer.js:152:17)\n    at next (/home/ecz/Folder/Programming/Backend/pdvProject/node_modules/router/lib/route.js:157:13)\n    at loginRequired (/home/ecz/Folder/Programming/Backend/pdvProject/src/middlewares/loginRequired.js:20:16)\n    at Layer.handleRequest (/home/ecz/Folder/Programming/Backend/pdvProject/node_modules/router/lib/layer.js:152:17)\n    at next (/home/ecz/Folder/Programming/Backend/pdvProject/node_modules/router/lib/route.js:157:13)\n    at Route.dispatch (/home/ecz/Folder/Programming/Backend/pdvProject/node_modules/router/lib/route.js:117:3)\n    at handle (/home/ecz/Folder/Programming/Backend/pdvProject/node_modules/router/index.js:435:11)\n    at Layer.handleRequest (/home/ecz/Folder/Programming/Backend/pdvProject/node_modules/router/lib/layer.js:152:17)","timestamp":"2026-05-09 11:0330","url":"/users/2","userId":2}
{"level":"info","message":"Middleware initialized","timestamp":"2026-05-09 11:0341"}
{"level":"info","message":"Middleware initialized","timestamp":"2026-05-09 11:0559"}
{"level":"info","message":"Middleware initialized","timestamp":"2026-05-09 11:0635"}
{"level":"info","message":"Middleware initialized","timestamp":"2026-05-09 11:0642"}
{"level":"info","message":"Middleware initialized","timestamp":"2026-05-09 11:0702"}
{"level":"info","message":"Middleware initialized","timestamp":"2026-05-09 11:0708"}
{"level":"info","message":"Middleware initialized","timestamp":"2026-05-09 11:0716"}
{"level":"info","message":"Middleware initialized","timestamp":"2026-05-09 11:0721"}
{"level":"info","message":"Middleware initialized","timestamp":"2026-05-09 11:0727"}
{"level":"info","message":"Middleware initialized","timestamp":"2026-05-09 11:0728"}
{"level":"info","message":"Middleware initialized","timestamp":"2026-05-09 11:0732"}
{"level":"info","message":"Middleware initialized","timestamp":"2026-05-09 11:0738"}
{"level":"info","message":"Middleware initialized","timestamp":"2026-05-09 11:0741"}
{"level":"info","message":"Middleware initialized","timestamp":"2026-05-09 11:0743"}
{"level":"info","message":"Middleware initialized","timestamp":"2026-05-09 11:0806"}
{"level":"info","message":"Middleware initialized","timestamp":"2026-05-09 11:0929"}
{"level":"info","message":"Middleware initialized","timestamp":"2026-05-09 11:0937"}
{"level":"info","message":"Middleware initialized","timestamp":"2026-05-09 11:0958"}
{"level":"info","message":"Middleware initialized","timestamp":"2026-05-09 11:1014"}
{"level":"info","message":"Middleware initialized","timestamp":"2026-05-09 11:1033"}
{"level":"info","message":"Middleware initialized","timestamp":"2026-05-09 11:1056"}
{"level":"info","message":"Middleware initialized","timestamp":"2026-05-09 11:1256"}
{"level":"info","message":"Middleware initialized","timestamp":"2026-05-09 11:1258"}
{"level":"info","message":"Middleware initialized","timestamp":"2026-05-09 11:1342"}
{"level":"info","message":"Middleware initialized","timestamp":"2026-05-09 11:1349"}
{"level":"info","message":"Middleware initialized","timestamp":"2026-05-09 11:1402"}
{"level":"info","message":"Middleware initialized","timestamp":"2026-05-09 11:1407"}
{"level":"info","message":"Middleware initialized","timestamp":"2026-05-09 11:1411"}
{"level":"info","message":"Middleware initialized","timestamp":"2026-05-09 11:1424"}
{"level":"info","message":"Middleware initialized","timestamp":"2026-05-09 11:1430"}
{"level":"info","message":"Middleware initialized","timestamp":"2026-05-09 11:1437"}
{"level":"error","message":"ReferenceError: name is not defined","method":"PUT","stack":"ReferenceError: name is not defined\n    at UserService.update (/home/ecz/Folder/Programming/Backend/pdvProject/src/service/UserService.js:65:35)\n    at process.processTicksAndRejections (node:internal/process/task_queues:104:5)\n    at async update (/home/ecz/Folder/Programming/Backend/pdvProject/src/controller/userController.js:80:33)","timestamp":"2026-05-09 11:1442","url":"/users","userId":2}
{"level":"info","message":"Middleware initialized","timestamp":"2026-05-09 11:1537"}
{"level":"error","message":"ReferenceError: name is not defined","method":"PUT","stack":"ReferenceError: name is not defined\n    at UserService.update (/home/ecz/Folder/Programming/Backend/pdvProject/src/service/UserService.js:65:35)\n    at process.processTicksAndRejections (node:internal/process/task_queues:104:5)\n    at async update (/home/ecz/Folder/Programming/Backend/pdvProject/src/controller/userController.js:80:33)","timestamp":"2026-05-09 11:1611","url":"/users","userId":2}
{"level":"error","message":"ReferenceError: name is not defined","method":"PUT","stack":"ReferenceError: name is not defined\n    at UserService.update (/home/ecz/Folder/Programming/Backend/pdvProject/src/service/UserService.js:65:35)\n    at process.processTicksAndRejections (node:internal/process/task_queues:104:5)\n    at async update (/home/ecz/Folder/Programming/Backend/pdvProject/src/controller/userController.js:80:33)","timestamp":"2026-05-09 11:1622","url":"/users","userId":2}
{"level":"info","message":"Middleware initialized","timestamp":"2026-05-09 11:1733"}
{"level":"info","message":"Middleware initialized","timestamp":"2026-05-09 11:1746"}
{"level":"info","message":"Middleware initialized","timestamp":"2026-05-09 11:1749"}
{"level":"info","message":"Middleware initialized","timestamp":"2026-05-09 11:1751"}
{"level":"info","message":"Middleware initialized","timestamp":"2026-05-09 11:1753"}
{"level":"info","message":"Middleware initialized","timestamp":"2026-05-09 11:1755"}
{"level":"info","message":"Middleware initialized","timestamp":"2026-05-09 11:1758"}
{"level":"info","message":"Middleware initialized","timestamp":"2026-05-09 11:1802"}
{"level":"error","message":"ReferenceError: name is not defined","method":"PUT","stack":"ReferenceError: name is not defined\n    at UserService.update (/home/ecz/Folder/Programming/Backend/pdvProject/src/service/UserService.js:67:17)\n    at process.processTicksAndRejections (node:internal/process/task_queues:104:5)\n    at async update (/home/ecz/Folder/Programming/Backend/pdvProject/src/controller/userController.js:80:33)","timestamp":"2026-05-09 11:1827","url":"/users","userId":2}
{"level":"error","message":"ReferenceError: name is not defined","method":"PUT","stack":"ReferenceError: name is not defined\n    at UserService.update (/home/ecz/Folder/Programming/Backend/pdvProject/src/service/UserService.js:67:17)\n    at process.processTicksAndRejections (node:internal/process/task_queues:104:5)\n    at async update (/home/ecz/Folder/Programming/Backend/pdvProject/src/controller/userController.js:80:33)","timestamp":"2026-05-09 11:1849","url":"/users","userId":2}
{"level":"info","message":"Middleware initialized","timestamp":"2026-05-09 11:2357"}
{"level":"info","message":"Middleware initialized","timestamp":"2026-05-09 11:2400"}
{"level":"info","message":"Middleware initialized","timestamp":"2026-05-09 11:2403"}
{"level":"info","message":"Middleware initialized","timestamp":"2026-05-09 11:2411"}
{"level":"info","message":"Middleware initialized","timestamp":"2026-05-09 11:2428"}
{"level":"info","message":"Middleware initialized","timestamp":"2026-05-09 11:2432"}
{"level":"info","message":"Middleware initialized","timestamp":"2026-05-09 11:2433"}
{"level":"info","message":"Middleware initialized","timestamp":"2026-05-09 11:2437"}
{"level":"info","message":"Middleware initialized","timestamp":"2026-05-09 11:2541"}
{"level":"info","message":"Middleware initialized","timestamp":"2026-05-09 11:2625"}
{"level":"info","message":"Middleware initialized","timestamp":"2026-05-09 11:2635"}
{"level":"error","message":"ReferenceError: name is not defined","method":"PUT","stack":"ReferenceError: name is not defined\n    at UserService.update (/home/ecz/Folder/Programming/Backend/pdvProject/src/service/UserService.js:67:17)\n    at process.processTicksAndRejections (node:internal/process/task_queues:104:5)\n    at async update (/home/ecz/Folder/Programming/Backend/pdvProject/src/controller/userController.js:80:33)","timestamp":"2026-05-09 11:2850","url":"/users","userId":2}
{"level":"info","message":"Middleware initialized","timestamp":"2026-05-09 11:2911"}
{"level":"info","message":"Middleware initialized","timestamp":"2026-05-09 11:2914"}
{"level":"error","message":"ReferenceError: Cannot access 'id' before initialization","method":"PUT","stack":"ReferenceError: Cannot access 'id' before initialization\n    at UserService.update (/home/ecz/Folder/Programming/Backend/pdvProject/src/service/UserService.js:55:46)\n    at update (/home/ecz/Folder/Programming/Backend/pdvProject/src/controller/userController.js:80:51)\n    at Layer.handleRequest (/home/ecz/Folder/Programming/Backend/pdvProject/node_modules/router/lib/layer.js:152:17)\n    at next (/home/ecz/Folder/Programming/Backend/pdvProject/node_modules/router/lib/route.js:157:13)\n    at jsonBodyRequired (/home/ecz/Folder/Programming/Backend/pdvProject/src/middlewares/jsonBodyRequired.js:6:5)\n    at Layer.handleRequest (/home/ecz/Folder/Programming/Backend/pdvProject/node_modules/router/lib/layer.js:152:17)\n    at next (/home/ecz/Folder/Programming/Backend/pdvProject/node_modules/router/lib/route.js:157:13)\n    at loginRequired (/home/ecz/Folder/Programming/Backend/pdvProject/src/middlewares/loginRequired.js:20:16)\n    at Layer.handleRequest (/home/ecz/Folder/Programming/Backend/pdvProject/node_modules/router/lib/layer.js:152:17)\n    at next (/home/ecz/Folder/Programming/Backend/pdvProject/node_modules/router/lib/route.js:157:13)","timestamp":"2026-05-09 11:2917","url":"/users","userId":2}
{"level":"info","message":"Middleware initialized","timestamp":"2026-05-09 11:2938"}
{"level":"error","message":"ReferenceError: response is not defined","method":"PUT","stack":"ReferenceError: response is not defined\n    at UserService.update (/home/ecz/Folder/Programming/Backend/pdvProject/src/service/UserService.js:74:13)\n    at process.processTicksAndRejections (node:internal/process/task_queues:104:5)\n    at async update (/home/ecz/Folder/Programming/Backend/pdvProject/src/controller/userController.js:80:33)","timestamp":"2026-05-09 11:2942","url":"/users","userId":2}
{"level":"info","message":"Middleware initialized","timestamp":"2026-05-09 11:2953"}
{"level":"info","message":"Middleware initialized","timestamp":"2026-05-09 11:3001"}
{"level":"info","message":"Middleware initialized","timestamp":"2026-05-09 11:3004"}
{"level":"info","message":"Middleware initialized","timestamp":"2026-05-09 11:3021"}
{"level":"info","message":"Middleware initialized","timestamp":"2026-05-09 11:3115"}
{"level":"info","message":"Middleware initialized","timestamp":"2026-05-09 11:3221"}
{"level":"info","message":"Middleware initialized","timestamp":"2026-05-09 11:3228"}
{"level":"info","message":"Middleware initialized","timestamp":"2026-05-09 11:3257"}
{"level":"info","message":"Middleware initialized","timestamp":"2026-05-09 11:3259"}
{"level":"info","message":"Middleware initialized","timestamp":"2026-05-09 11:3337"}
{"level":"info","message":"Middleware initialized","timestamp":"2026-05-09 11:3341"}
{"level":"info","message":"Middleware initialized","timestamp":"2026-05-09 11:3343"}
{"level":"info","message":"Middleware initialized","timestamp":"2026-05-09 11:3615"}
{"level":"info","message":"Middleware initialized","timestamp":"2026-05-09 11:3637"}
{"level":"info","message":"Middleware initialized","timestamp":"2026-05-09 11:3642"}
{"level":"info","message":"Middleware initialized","timestamp":"2026-05-09 11:3650"}
{"level":"info","message":"Middleware initialized","timestamp":"2026-05-09 11:3710"}
{"level":"info","message":"Middleware initialized","timestamp":"2026-05-09 11:3712"}
{"level":"info","message":"Middleware initialized","timestamp":"2026-05-09 11:3714"}
{"level":"info","message":"Middleware initialized","timestamp":"2026-05-09 11:3718"}
{"level":"info","message":"Middleware initialized","timestamp":"2026-05-09 11:3723"}
{"level":"info","message":"Middleware initialized","timestamp":"2026-05-09 11:3731"}
{"level":"info","message":"Middleware initialized","timestamp":"2026-05-09 11:3805"}
{"level":"info","message":"Middleware initialized","timestamp":"2026-05-09 11:3818"}
{"level":"info","message":"Middleware initialized","timestamp":"2026-05-09 11:3822"}
{"level":"info","message":"Middleware initialized","timestamp":"2026-05-09 11:3924"}
{"level":"info","message":"Middleware initialized","timestamp":"2026-05-09 11:3928"}
{"level":"info","message":"Middleware initialized","timestamp":"2026-05-09 11:3934"}
{"level":"info","message":"Middleware initialized","timestamp":"2026-05-09 11:3936"}
{"level":"info","message":"Middleware initialized","timestamp":"2026-05-09 11:3944"}
{"level":"info","message":"Middleware initialized","timestamp":"2026-05-09 11:3949"}
{"level":"info","message":"Middleware initialized","timestamp":"2026-05-09 11:3953"}
{"level":"info","message":"Middleware initialized","timestamp":"2026-05-09 11:3958"}
{"level":"info","message":"Middleware initialized","timestamp":"2026-05-09 11:3959"}
{"level":"info","message":"Middleware initialized","timestamp":"2026-05-09 11:4001"}
{"level":"info","message":"Middleware initialized","timestamp":"2026-05-09 11:4007"}
{"level":"info","message":"Middleware initialized","timestamp":"2026-05-09 11:4054"}
{"level":"info","message":"Middleware initialized","timestamp":"2026-05-09 11:4129"}
{"level":"info","message":"Middleware initialized","timestamp":"2026-05-09 11:4132"}
{"level":"info","message":"Middleware initialized","timestamp":"2026-05-09 11:4200"}
{"level":"info","message":"Middleware initialized","timestamp":"2026-05-09 11:4224"}
{"level":"info","message":"Middleware initialized","timestamp":"2026-05-09 11:4244"}
{"level":"info","message":"Middleware initialized","timestamp":"2026-05-09 11:4312"}
{"level":"info","message":"Middleware initialized","timestamp":"2026-05-09 11:4320"}
{"level":"info","message":"Middleware initialized","timestamp":"2026-05-09 11:4331"}
{"level":"info","message":"Middleware initialized","timestamp":"2026-05-09 11:4339"}
{"level":"info","message":"Middleware initialized","timestamp":"2026-05-09 11:5550"}
{"level":"info","message":"Middleware initialized","timestamp":"2026-05-09 11:5654"}
{"level":"info","message":"Middleware initialized","timestamp":"2026-05-09 11:5720"}
{"level":"info","message":"Middleware initialized","timestamp":"2026-05-09 12:0818"}
{"level":"info","message":"Middleware initialized","timestamp":"2026-05-09 12:0829"}
{"level":"info","message":"Middleware initialized","timestamp":"2026-05-09 12:0832"}
{"level":"info","message":"Middleware initialized","timestamp":"2026-05-09 12:0836"}
{"level":"info","message":"Middleware initialized","timestamp":"2026-05-09 12:0840"}
{"level":"info","message":"Middleware initialized","timestamp":"2026-05-09 12:0930"}
{"level":"info","message":"Middleware initialized","timestamp":"2026-05-09 12:1005"}
{"level":"info","message":"Middleware initialized","timestamp":"2026-05-09 12:1007"}
{"level":"info","message":"Middleware initialized","timestamp":"2026-05-09 12:1013"}
{"level":"info","message":"Middleware initialized","timestamp":"2026-05-09 12:1014"}
{"level":"info","message":"Middleware initialized","timestamp":"2026-05-09 12:1139"}
{"level":"info","message":"Middleware initialized","timestamp":"2026-05-09 12:1142"}
{"level":"info","message":"Middleware initialized","timestamp":"2026-05-09 12:1149"}
{"level":"info","message":"Middleware initialized","timestamp":"2026-05-09 12:1158"}
{"level":"info","message":"Middleware initialized","timestamp":"2026-05-09 12:1203"}
{"level":"info","message":"Middleware initialized","timestamp":"2026-05-09 12:1206"}
{"level":"info","message":"Middleware initialized","timestamp":"2026-05-09 12:1245"}
{"level":"info","message":"Middleware initialized","timestamp":"2026-05-09 12:1258"}
{"level":"info","message":"Middleware initialized","timestamp":"2026-05-09 13:2716"}
{"level":"info","message":"Middleware initialized","timestamp":"2026-05-09 13:2805"}
{"level":"info","message":"Middleware initialized","timestamp":"2026-05-09 13:3113"}
{"level":"info","message":"Middleware initialized","timestamp":"2026-05-09 13:3151"}
{"level":"info","message":"Middleware initialized","timestamp":"2026-05-09 13:3221"}
{"level":"info","message":"Middleware initialized","timestamp":"2026-05-09 13:3227"}
{"level":"info","message":"Middleware initialized","timestamp":"2026-05-09 13:3512"}
{"level":"info","message":"Middleware initialized","timestamp":"2026-05-09 14:2402"}
{"level":"info","message":"Middleware initialized","timestamp":"2026-05-09 14:2413"}
{"level":"info","message":"Middleware initialized","timestamp":"2026-05-09 14:2417"}
{"level":"info","message":"Middleware initialized","timestamp":"2026-05-09 14:2814"}
{"level":"info","message":"Middleware initialized","timestamp":"2026-05-09 14:3026"}
{"level":"info","message":"Middleware initialized","timestamp":"2026-05-09 14:3101"}
{"level":"info","message":"Middleware initialized","timestamp":"2026-05-09 14:3108"}
{"level":"info","message":"Middleware initialized","timestamp":"2026-05-09 14:3110"}
{"level":"info","message":"Middleware initialized","timestamp":"2026-05-09 14:3246"}
{"level":"info","message":"Middleware initialized","timestamp":"2026-05-09 14:3249"}
{"level":"info","message":"Middleware initialized","timestamp":"2026-05-09 14:3306"}
{"level":"info","message":"Middleware initialized","timestamp":"2026-05-09 14:3315"}
{"level":"info","message":"Middleware initialized","timestamp":"2026-05-09 14:3321"}
{"level":"info","message":"Middleware initialized","timestamp":"2026-05-09 14:3327"}
{"level":"info","message":"Middleware initialized","timestamp":"2026-05-09 14:3407"}
{"level":"info","message":"Middleware initialized","timestamp":"2026-05-09 14:3411"}
{"level":"info","message":"Middleware initialized","timestamp":"2026-05-09 14:3412"}
{"level":"info","message":"Middleware initialized","timestamp":"2026-05-09 14:3446"}
{"level":"info","message":"Middleware initialized","timestamp":"2026-05-09 14:3503"}
{"level":"info","message":"Middleware initialized","timestamp":"2026-05-09 14:3505"}
{"level":"info","message":"Middleware initialized","timestamp":"2026-05-09 14:3523"}
{"level":"info","message":"Middleware initialized","timestamp":"2026-05-09 14:3611"}
{"level":"info","message":"Middleware initialized","timestamp":"2026-05-09 14:3617"}
{"level":"info","message":"Middleware initialized","timestamp":"2026-05-09 14:3618"}
{"level":"info","message":"Middleware initialized","timestamp":"2026-05-09 14:3630"}
{"level":"info","message":"Middleware initialized","timestamp":"2026-05-09 14:3634"}
{"level":"info","message":"Middleware initialized","timestamp":"2026-05-09 14:3713"}
{"level":"info","message":"Middleware initialized","timestamp":"2026-05-09 14:3732"}
{"level":"info","message":"Middleware initialized","timestamp":"2026-05-09 14:3735"}
{"level":"info","message":"Middleware initialized","timestamp":"2026-05-09 14:3739"}
{"level":"info","message":"Middleware initialized","timestamp":"2026-05-09 14:3753"}
{"level":"info","message":"Middleware initialized","timestamp":"2026-05-09 14:3757"}
{"level":"info","message":"Middleware initialized","timestamp":"2026-05-09 14:3802"}
{"level":"info","message":"Middleware initialized","timestamp":"2026-05-09 14:3819"}
{"level":"info","message":"Middleware initialized","timestamp":"2026-05-09 14:3849"}
{"level":"info","message":"Middleware initialized","timestamp":"2026-05-09 14:3905"}
{"level":"info","message":"Middleware initialized","timestamp":"2026-05-09 14:3910"}
{"level":"info","message":"Middleware initialized","timestamp":"2026-05-09 14:3919"}
{"level":"info","message":"Middleware initialized","timestamp":"2026-05-09 14:3924"}
{"level":"info","message":"Middleware initialized","timestamp":"2026-05-09 14:3939"}
{"level":"info","message":"Middleware initialized","timestamp":"2026-05-09 14:4200"}
{"level":"info","message":"Middleware initialized","timestamp":"2026-05-09 14:4201"}
{"level":"info","message":"Middleware initialized","timestamp":"2026-05-09 14:4240"}
{"level":"info","message":"Middleware initialized","timestamp":"2026-05-09 14:5324"}
{"level":"info","message":"Middleware initialized","timestamp":"2026-05-09 14:5332"}
{"level":"info","message":"Middleware initialized","timestamp":"2026-05-09 14:5334"}
{"level":"info","message":"Middleware initialized","timestamp":"2026-05-09 14:5346"}
{"level":"info","message":"Middleware initialized","timestamp":"2026-05-09 14:5442"}
{"level":"info","message":"Middleware initialized","timestamp":"2026-05-09 14:5447"}
{"level":"info","message":"Middleware initialized","timestamp":"2026-05-09 14:5448"}
{"level":"info","message":"Middleware initialized","timestamp":"2026-05-09 14:5504"}
{"level":"info","message":"Middleware initialized","timestamp":"2026-05-09 14:5517"}
{"level":"info","message":"Middleware initialized","timestamp":"2026-05-09 14:5520"}
{"level":"info","message":"Middleware initialized","timestamp":"2026-05-09 14:5523"}
{"level":"info","message":"Middleware initialized","timestamp":"2026-05-09 14:5534"}
{"level":"info","message":"Middleware initialized","timestamp":"2026-05-09 14:5844"}
{"level":"info","message":"Middleware initialized","timestamp":"2026-05-09 14:5859"}
{"level":"info","message":"Middleware initialized","timestamp":"2026-05-09 14:5900"}
{"level":"info","message":"Middleware initialized","timestamp":"2026-05-09 14:5913"}
{"level":"info","message":"Middleware initialized","timestamp":"2026-05-09 14:5919"}
{"level":"info","message":"Middleware initialized","timestamp":"2026-05-09 14:5921"}
{"level":"info","message":"Middleware initialized","timestamp":"2026-05-09 14:5922"}
{"level":"info","message":"Middleware initialized","timestamp":"2026-05-09 14:5927"}
{"level":"info","message":"Middleware initialized","timestamp":"2026-05-09 14:5931"}
{"level":"info","message":"Middleware initialized","timestamp":"2026-05-09 14:5933"}
{"level":"info","message":"Middleware initialized","timestamp":"2026-05-09 14:5935"}
{"level":"info","message":"Middleware initialized","timestamp":"2026-05-09 14:5940"}
{"level":"info","message":"Middleware initialized","timestamp":"2026-05-09 14:5949"}
{"level":"info","message":"Middleware initialized","timestamp":"2026-05-09 15:0248"}
{"level":"error","message":"Error: Missing where attribute in the options parameter","method":"PUT","stack":"Error: Missing where attribute in the options parameter\n    at ProviderService.update (/home/ecz/Folder/Programming/Backend/pdvProject/src/service/ProviderService.js:70:19)\n    at process.processTicksAndRejections (node:internal/process/task_queues:104:5)\n    at async update (/home/ecz/Folder/Programming/Backend/pdvProject/src/controller/providerController.js:53:29)","timestamp":"2026-05-09 15:0421","url":"/providers/1","userId":2}
{"level":"info","message":"Middleware initialized","timestamp":"2026-05-09 15:0519"}
{"level":"info","message":"Middleware initialized","timestamp":"2026-05-09 15:0732"}
{"level":"info","message":"Middleware initialized","timestamp":"2026-05-09 15:1014"}
{"level":"info","message":"Middleware initialized","timestamp":"2026-05-09 15:1016"}
{"level":"info","message":"Middleware initialized","timestamp":"2026-05-09 15:1020"}
{"level":"error","message":"ReferenceError: lastName is not defined","method":"POST","stack":"ReferenceError: lastName is not defined\n    at ProviderService.store (/home/ecz/Folder/Programming/Backend/pdvProject/src/service/ProviderService.js:8:60)\n    at store (/home/ecz/Folder/Programming/Backend/pdvProject/src/controller/providerController.js:14:52)\n    at Layer.handleRequest (/home/ecz/Folder/Programming/Backend/pdvProject/node_modules/router/lib/layer.js:152:17)\n    at next (/home/ecz/Folder/Programming/Backend/pdvProject/node_modules/router/lib/route.js:157:13)\n    at jsonBodyRequired (/home/ecz/Folder/Programming/Backend/pdvProject/src/middlewares/jsonBodyRequired.js:6:5)\n    at Layer.handleRequest (/home/ecz/Folder/Programming/Backend/pdvProject/node_modules/router/lib/layer.js:152:17)\n    at next (/home/ecz/Folder/Programming/Backend/pdvProject/node_modules/router/lib/route.js:157:13)\n    at loginRequired (/home/ecz/Folder/Programming/Backend/pdvProject/src/middlewares/loginRequired.js:20:16)\n    at Layer.handleRequest (/home/ecz/Folder/Programming/Backend/pdvProject/node_modules/router/lib/layer.js:152:17)\n    at next (/home/ecz/Folder/Programming/Backend/pdvProject/node_modules/router/lib/route.js:157:13)","timestamp":"2026-05-09 15:1347","url":"/providers","userId":2}
{"level":"info","message":"Middleware initialized","timestamp":"2026-05-09 15:1448"}
{"level":"info","message":"Middleware initialized","timestamp":"2026-05-09 15:1521"}
{"level":"info","message":"Middleware initialized","timestamp":"2026-05-09 15:1525"}
{"level":"info","message":"Middleware initialized","timestamp":"2026-05-09 15:1607"}
{"level":"info","message":"Middleware initialized","timestamp":"2026-05-09 15:1636"}
{"level":"info","message":"Middleware initialized","timestamp":"2026-05-09 15:1641"}
{"level":"info","message":"Middleware initialized","timestamp":"2026-05-09 15:1645"}
{"level":"info","message":"Middleware initialized","timestamp":"2026-05-09 15:1716"}
{"level":"info","message":"Middleware initialized","timestamp":"2026-05-09 15:1716"}
{"level":"info","message":"Middleware initialized","timestamp":"2026-05-09 15:1723"}
{"level":"error","message":"SequelizeValidationError: Validation error: Invalid email format","method":"POST","stack":"SequelizeValidationError: Validation error: Invalid email format\n    at InstanceValidator._validate (/home/ecz/Folder/Programming/Backend/pdvProject/node_modules/sequelize/lib/instance-validator.js:50:13)\n    at process.processTicksAndRejections (node:internal/process/task_queues:104:5)\n    at async InstanceValidator._validateAndRunHooks (/home/ecz/Folder/Programming/Backend/pdvProject/node_modules/sequelize/lib/instance-validator.js:60:7)\n    at async InstanceValidator.validate (/home/ecz/Folder/Programming/Backend/pdvProject/node_modules/sequelize/lib/instance-validator.js:54:12)\n    at async Provider.save (/home/ecz/Folder/Programming/Backend/pdvProject/node_modules/sequelize/lib/model.js:2426:7)\n    at async Provider.create (/home/ecz/Folder/Programming/Backend/pdvProject/node_modules/sequelize/lib/model.js:1362:12)\n    at async ProviderService.store (/home/ecz/Folder/Programming/Backend/pdvProject/src/service/ProviderService.js:8:30)\n    at async store (/home/ecz/Folder/Programming/Backend/pdvProject/src/controller/providerController.js:14:30)","timestamp":"2026-05-09 15:1853","url":"/providers","userId":2}
{"level":"error","message":"SequelizeValidationError: Validation error: Invalid Brazilian phone number format,\nValidation error: phone field can not be empty","method":"POST","stack":"SequelizeValidationError: Validation error: Invalid Brazilian phone number format,\nValidation error: phone field can not be empty\n    at InstanceValidator._validate (/home/ecz/Folder/Programming/Backend/pdvProject/node_modules/sequelize/lib/instance-validator.js:50:13)\n    at process.processTicksAndRejections (node:internal/process/task_queues:104:5)\n    at async InstanceValidator._validateAndRunHooks (/home/ecz/Folder/Programming/Backend/pdvProject/node_modules/sequelize/lib/instance-validator.js:60:7)\n    at async InstanceValidator.validate (/home/ecz/Folder/Programming/Backend/pdvProject/node_modules/sequelize/lib/instance-validator.js:54:12)\n    at async Provider.save (/home/ecz/Folder/Programming/Backend/pdvProject/node_modules/sequelize/lib/model.js:2426:7)\n    at async Provider.create (/home/ecz/Folder/Programming/Backend/pdvProject/node_modules/sequelize/lib/model.js:1362:12)\n    at async ProviderService.store (/home/ecz/Folder/Programming/Backend/pdvProject/src/service/ProviderService.js:8:30)\n    at async store (/home/ecz/Folder/Programming/Backend/pdvProject/src/controller/providerController.js:14:30)","timestamp":"2026-05-09 15:1915","url":"/providers","userId":2}
{"level":"info","message":"Middleware initialized","timestamp":"2026-05-09 15:1939"}
{"level":"error","message":"SequelizeValidationError: Validation error: Invalid Brazilian phone number format,\nValidation error: phone field can not be empty","method":"POST","stack":"SequelizeValidationError: Validation error: Invalid Brazilian phone number format,\nValidation error: phone field can not be empty\n    at InstanceValidator._validate (/home/ecz/Folder/Programming/Backend/pdvProject/node_modules/sequelize/lib/instance-validator.js:50:13)\n    at process.processTicksAndRejections (node:internal/process/task_queues:104:5)\n    at async InstanceValidator._validateAndRunHooks (/home/ecz/Folder/Programming/Backend/pdvProject/node_modules/sequelize/lib/instance-validator.js:60:7)\n    at async InstanceValidator.validate (/home/ecz/Folder/Programming/Backend/pdvProject/node_modules/sequelize/lib/instance-validator.js:54:12)\n    at async Provider.save (/home/ecz/Folder/Programming/Backend/pdvProject/node_modules/sequelize/lib/model.js:2426:7)\n    at async Provider.create (/home/ecz/Folder/Programming/Backend/pdvProject/node_modules/sequelize/lib/model.js:1362:12)\n    at async ProviderService.store (/home/ecz/Folder/Programming/Backend/pdvProject/src/service/ProviderService.js:8:30)\n    at async store (/home/ecz/Folder/Programming/Backend/pdvProject/src/controller/providerController.js:14:30)","timestamp":"2026-05-09 15:1944","url":"/providers","userId":2}
{"level":"error","message":"SequelizeValidationError: Validation error: Invalid Brazilian phone number format,\nValidation error: phone field can not be empty","method":"POST","stack":"SequelizeValidationError: Validation error: Invalid Brazilian phone number format,\nValidation error: phone field can not be empty\n    at InstanceValidator._validate (/home/ecz/Folder/Programming/Backend/pdvProject/node_modules/sequelize/lib/instance-validator.js:50:13)\n    at process.processTicksAndRejections (node:internal/process/task_queues:104:5)\n    at async InstanceValidator._validateAndRunHooks (/home/ecz/Folder/Programming/Backend/pdvProject/node_modules/sequelize/lib/instance-validator.js:60:7)\n    at async InstanceValidator.validate (/home/ecz/Folder/Programming/Backend/pdvProject/node_modules/sequelize/lib/instance-validator.js:54:12)\n    at async Provider.save (/home/ecz/Folder/Programming/Backend/pdvProject/node_modules/sequelize/lib/model.js:2426:7)\n    at async Provider.create (/home/ecz/Folder/Programming/Backend/pdvProject/node_modules/sequelize/lib/model.js:1362:12)\n    at async ProviderService.store (/home/ecz/Folder/Programming/Backend/pdvProject/src/service/ProviderService.js:8:30)\n    at async store (/home/ecz/Folder/Programming/Backend/pdvProject/src/controller/providerController.js:14:30)","timestamp":"2026-05-09 15:1947","url":"/providers","userId":2}
{"level":"info","message":"Middleware initialized","timestamp":"2026-05-09 15:2003"}
{"level":"info","message":"Middleware initialized","timestamp":"2026-05-09 15:2013"}
{"level":"info","message":"Middleware initialized","timestamp":"2026-05-09 15:2017"}
{"level":"error","message":"SequelizeValidationError: Validation error: Invalid Brazilian phone number format","method":"POST","stack":"SequelizeValidationError: Validation error: Invalid Brazilian phone number format\n    at InstanceValidator._validate (/home/ecz/Folder/Programming/Backend/pdvProject/node_modules/sequelize/lib/instance-validator.js:50:13)\n    at process.processTicksAndRejections (node:internal/process/task_queues:104:5)\n    at async InstanceValidator._validateAndRunHooks (/home/ecz/Folder/Programming/Backend/pdvProject/node_modules/sequelize/lib/instance-validator.js:60:7)\n    at async InstanceValidator.validate (/home/ecz/Folder/Programming/Backend/pdvProject/node_modules/sequelize/lib/instance-validator.js:54:12)\n    at async Provider.save (/home/ecz/Folder/Programming/Backend/pdvProject/node_modules/sequelize/lib/model.js:2426:7)\n    at async Provider.create (/home/ecz/Folder/Programming/Backend/pdvProject/node_modules/sequelize/lib/model.js:1362:12)\n    at async ProviderService.store (/home/ecz/Folder/Programming/Backend/pdvProject/src/service/ProviderService.js:8:30)\n    at async store (/home/ecz/Folder/Programming/Backend/pdvProject/src/controller/providerController.js:14:30)","timestamp":"2026-05-09 15:2019","url":"/providers","userId":2}
{"level":"info","message":"Middleware initialized","timestamp":"2026-05-09 15:2032"}
{"level":"info","message":"Middleware initialized","timestamp":"2026-05-09 15:2038"}
{"level":"info","message":"Middleware initialized","timestamp":"2026-05-09 15:2042"}
{"level":"error","message":"Error: Cannot access 'Provider' before initialization","method":"DELETE","stack":"Error: Cannot access 'Provider' before initialization\n    at ProviderService.softDelete (/home/ecz/Folder/Programming/Backend/pdvProject/src/service/ProviderService.js:90:19)\n    at softDelete (/home/ecz/Folder/Programming/Backend/pdvProject/src/controller/providerController.js:67:51)\n    at Layer.handleRequest (/home/ecz/Folder/Programming/Backend/pdvProject/node_modules/router/lib/layer.js:152:17)\n    at next (/home/ecz/Folder/Programming/Backend/pdvProject/node_modules/router/lib/route.js:157:13)\n    at loginRequired (/home/ecz/Folder/Programming/Backend/pdvProject/src/middlewares/loginRequired.js:20:16)\n    at Layer.handleRequest (/home/ecz/Folder/Programming/Backend/pdvProject/node_modules/router/lib/layer.js:152:17)\n    at next (/home/ecz/Folder/Programming/Backend/pdvProject/node_modules/router/lib/route.js:157:13)\n    at Route.dispatch (/home/ecz/Folder/Programming/Backend/pdvProject/node_modules/router/lib/route.js:117:3)\n    at handle (/home/ecz/Folder/Programming/Backend/pdvProject/node_modules/router/index.js:435:11)\n    at Layer.handleRequest (/home/ecz/Folder/Programming/Backend/pdvProject/node_modules/router/lib/layer.js:152:17)","timestamp":"2026-05-09 15:2215","url":"/providers/4","userId":2}
{"level":"info","message":"Middleware initialized","timestamp":"2026-05-09 15:2246"}
{"level":"info","message":"Middleware initialized","timestamp":"2026-05-09 15:2402"}
{"level":"info","message":"Middleware initialized","timestamp":"2026-05-09 15:2428"}
{"level":"info","message":"Middleware initialized","timestamp":"2026-05-09 15:2615"}
{"level":"info","message":"Middleware initialized","timestamp":"2026-05-09 15:2626"}
{"level":"info","message":"Middleware initialized","timestamp":"2026-05-09 15:2647"}
{"level":"info","message":"Middleware initialized","timestamp":"2026-05-09 15:2648"}
{"level":"info","message":"Middleware initialized","timestamp":"2026-05-09 15:2650"}
{"level":"info","message":"Middleware initialized","timestamp":"2026-05-09 15:2738"}
{"level":"info","message":"Middleware initialized","timestamp":"2026-05-09 15:2740"}
{"level":"info","message":"Middleware initialized","timestamp":"2026-05-09 15:2801"}
{"level":"info","message":"Middleware initialized","timestamp":"2026-05-09 15:3030"}
{"level":"info","message":"Middleware initialized","timestamp":"2026-05-09 15:3032"}
{"level":"info","message":"Middleware initialized","timestamp":"2026-05-09 15:3055"}
{"level":"info","message":"Middleware initialized","timestamp":"2026-05-09 15:3057"}
{"level":"info","message":"Middleware initialized","timestamp":"2026-05-09 15:3109"}
{"level":"info","message":"Middleware initialized","timestamp":"2026-05-09 15:3148"}
{"level":"info","message":"Middleware initialized","timestamp":"2026-05-09 15:3230"}
{"level":"info","message":"Middleware initialized","timestamp":"2026-05-09 15:3233"}
{"level":"info","message":"Middleware initialized","timestamp":"2026-05-09 15:3251"}
{"level":"info","message":"Middleware initialized","timestamp":"2026-05-09 15:3342"}
{"level":"info","message":"Middleware initialized","timestamp":"2026-05-09 15:3344"}
{"level":"info","message":"Middleware initialized","timestamp":"2026-05-09 15:3358"}
{"level":"info","message":"Middleware initialized","timestamp":"2026-05-09 15:3359"}
{"level":"info","message":"Middleware initialized","timestamp":"2026-05-09 15:3413"}
{"level":"info","message":"Middleware initialized","timestamp":"2026-05-09 15:3502"}
{"level":"info","message":"Middleware initialized","timestamp":"2026-05-09 15:3559"}
{"level":"info","message":"Middleware initialized","timestamp":"2026-05-09 15:3640"}
{"level":"info","message":"Middleware initialized","timestamp":"2026-05-09 15:3644"}
{"level":"info","message":"Middleware initialized","timestamp":"2026-05-09 15:3655"}
{"level":"error","message":"ReferenceError: Provider is not defined","method":"PATCH","stack":"ReferenceError: Provider is not defined\n    at restore (/home/ecz/Folder/Programming/Backend/pdvProject/src/controller/providerController.js:99:13)\n    at process.processTicksAndRejections (node:internal/process/task_queues:104:5)","timestamp":"2026-05-09 15:3744","url":"/providers/4/restore","userId":2}
{"level":"info","message":"Middleware initialized","timestamp":"2026-05-09 15:3815"}
{"level":"info","message":"Middleware initialized","timestamp":"2026-05-09 15:3816"}
{"level":"error","message":"ReferenceError: Provider is not defined","method":"PATCH","stack":"ReferenceError: Provider is not defined\n    at restore (/home/ecz/Folder/Programming/Backend/pdvProject/src/controller/providerController.js:99:13)\n    at process.processTicksAndRejections (node:internal/process/task_queues:104:5)","timestamp":"2026-05-09 15:3818","url":"/providers/4/restore","userId":2}
{"level":"info","message":"Middleware initialized","timestamp":"2026-05-09 15:3910"}
{"level":"info","message":"Middleware initialized","timestamp":"2026-05-09 15:3914"}
{"level":"info","message":"Middleware initialized","timestamp":"2026-05-09 15:3924"}
{"level":"info","message":"Middleware initialized","timestamp":"2026-05-09 15:3936"}
{"level":"info","message":"Middleware initialized","timestamp":"2026-05-09 15:3939"}
{"level":"info","message":"Middleware initialized","timestamp":"2026-05-09 15:3941"}
{"level":"info","message":"Middleware initialized","timestamp":"2026-05-09 15:3946"}
{"level":"info","message":"Middleware initialized","timestamp":"2026-05-09 15:4008"}
{"level":"info","message":"Middleware initialized","timestamp":"2026-05-09 15:4054"}
{"level":"info","message":"Middleware initialized","timestamp":"2026-05-09 15:4116"}
{"level":"info","message":"Middleware initialized","timestamp":"2026-05-12 20:4740"}
{"level":"error","message":"Error: Illegal arguments: string, undefined","method":"POST","stack":"Error: Illegal arguments: string, undefined\n    at _async (/home/ecz/Folder/Programming/Backend/pdvProject/node_modules/bcryptjs/umd/index.js:305:15)\n    at /home/ecz/Folder/Programming/Backend/pdvProject/node_modules/bcryptjs/umd/index.js:335:11\n    at new Promise (<anonymous>)\n    at Object.compare (/home/ecz/Folder/Programming/Backend/pdvProject/node_modules/bcryptjs/umd/index.js:334:16)\n    at User.validatePassword (/home/ecz/Folder/Programming/Backend/pdvProject/src/model/UserModel.js:122:23)\n    at store (/home/ecz/Folder/Programming/Backend/pdvProject/src/controller/tokenController.js:22:30)\n    at process.processTicksAndRejections (node:internal/process/task_queues:104:5)","timestamp":"2026-05-12 21:0157","url":"/tokens","userId":"Anonymous"}
{"level":"error","message":"Error: Illegal arguments: string, undefined","method":"POST","stack":"Error: Illegal arguments: string, undefined\n    at _async (/home/ecz/Folder/Programming/Backend/pdvProject/node_modules/bcryptjs/umd/index.js:305:15)\n    at /home/ecz/Folder/Programming/Backend/pdvProject/node_modules/bcryptjs/umd/index.js:335:11\n    at new Promise (<anonymous>)\n    at Object.compare (/home/ecz/Folder/Programming/Backend/pdvProject/node_modules/bcryptjs/umd/index.js:334:16)\n    at User.validatePassword (/home/ecz/Folder/Programming/Backend/pdvProject/src/model/UserModel.js:122:23)\n    at store (/home/ecz/Folder/Programming/Backend/pdvProject/src/controller/tokenController.js:22:30)\n    at process.processTicksAndRejections (node:internal/process/task_queues:104:5)","timestamp":"2026-05-12 21:0259","url":"/tokens","userId":"Anonymous"}
{"level":"error","message":"Error: Illegal arguments: string, undefined","method":"POST","stack":"Error: Illegal arguments: string, undefined\n    at _async (/home/ecz/Folder/Programming/Backend/pdvProject/node_modules/bcryptjs/umd/index.js:305:15)\n    at /home/ecz/Folder/Programming/Backend/pdvProject/node_modules/bcryptjs/umd/index.js:335:11\n    at new Promise (<anonymous>)\n    at Object.compare (/home/ecz/Folder/Programming/Backend/pdvProject/node_modules/bcryptjs/umd/index.js:334:16)\n    at User.validatePassword (/home/ecz/Folder/Programming/Backend/pdvProject/src/model/UserModel.js:122:23)\n    at store (/home/ecz/Folder/Programming/Backend/pdvProject/src/controller/tokenController.js:22:30)\n    at process.processTicksAndRejections (node:internal/process/task_queues:104:5)","timestamp":"2026-05-12 21:0322","url":"/tokens","userId":"Anonymous"}
{"level":"error","message":"Error: Illegal arguments: string, undefined","method":"POST","stack":"Error: Illegal arguments: string, undefined\n    at _async (/home/ecz/Folder/Programming/Backend/pdvProject/node_modules/bcryptjs/umd/index.js:305:15)\n    at /home/ecz/Folder/Programming/Backend/pdvProject/node_modules/bcryptjs/umd/index.js:335:11\n    at new Promise (<anonymous>)\n    at Object.compare (/home/ecz/Folder/Programming/Backend/pdvProject/node_modules/bcryptjs/umd/index.js:334:16)\n    at User.validatePassword (/home/ecz/Folder/Programming/Backend/pdvProject/src/model/UserModel.js:122:23)\n    at store (/home/ecz/Folder/Programming/Backend/pdvProject/src/controller/tokenController.js:22:30)\n    at process.processTicksAndRejections (node:internal/process/task_queues:104:5)","timestamp":"2026-05-12 21:0416","url":"/tokens","userId":"Anonymous"}
{"level":"error","message":"Error: Illegal arguments: string, undefined","method":"POST","stack":"Error: Illegal arguments: string, undefined\n    at _async (/home/ecz/Folder/Programming/Backend/pdvProject/node_modules/bcryptjs/umd/index.js:305:15)\n    at /home/ecz/Folder/Programming/Backend/pdvProject/node_modules/bcryptjs/umd/index.js:335:11\n    at new Promise (<anonymous>)\n    at Object.compare (/home/ecz/Folder/Programming/Backend/pdvProject/node_modules/bcryptjs/umd/index.js:334:16)\n    at User.validatePassword (/home/ecz/Folder/Programming/Backend/pdvProject/src/model/UserModel.js:122:23)\n    at store (/home/ecz/Folder/Programming/Backend/pdvProject/src/controller/tokenController.js:22:30)\n    at process.processTicksAndRejections (node:internal/process/task_queues:104:5)","timestamp":"2026-05-12 21:1103","url":"/tokens","userId":"Anonymous"}
{"level":"error","message":"Error: Illegal arguments: string, undefined","method":"POST","stack":"Error: Illegal arguments: string, undefined\n    at _async (/home/ecz/Folder/Programming/Backend/pdvProject/node_modules/bcryptjs/umd/index.js:305:15)\n    at /home/ecz/Folder/Programming/Backend/pdvProject/node_modules/bcryptjs/umd/index.js:335:11\n    at new Promise (<anonymous>)\n    at Object.compare (/home/ecz/Folder/Programming/Backend/pdvProject/node_modules/bcryptjs/umd/index.js:334:16)\n    at User.validatePassword (/home/ecz/Folder/Programming/Backend/pdvProject/src/model/UserModel.js:122:23)\n    at store (/home/ecz/Folder/Programming/Backend/pdvProject/src/controller/tokenController.js:22:30)\n    at process.processTicksAndRejections (node:internal/process/task_queues:104:5)","timestamp":"2026-05-12 21:1112","url":"/tokens","userId":"Anonymous"}
{"level":"error","message":"Error: Illegal arguments: string, undefined","method":"POST","stack":"Error: Illegal arguments: string, undefined\n    at _async (/home/ecz/Folder/Programming/Backend/pdvProject/node_modules/bcryptjs/umd/index.js:305:15)\n    at /home/ecz/Folder/Programming/Backend/pdvProject/node_modules/bcryptjs/umd/index.js:335:11\n    at new Promise (<anonymous>)\n    at Object.compare (/home/ecz/Folder/Programming/Backend/pdvProject/node_modules/bcryptjs/umd/index.js:334:16)\n    at User.validatePassword (/home/ecz/Folder/Programming/Backend/pdvProject/src/model/UserModel.js:122:23)\n    at store (/home/ecz/Folder/Programming/Backend/pdvProject/src/controller/tokenController.js:22:30)\n    at process.processTicksAndRejections (node:internal/process/task_queues:104:5)","timestamp":"2026-05-12 21:1131","url":"/tokens","userId":"Anonymous"}
{"level":"error","message":"Error: Illegal arguments: string, undefined","method":"POST","stack":"Error: Illegal arguments: string, undefined\n    at _async (/home/ecz/Folder/Programming/Backend/pdvProject/node_modules/bcryptjs/umd/index.js:305:15)\n    at /home/ecz/Folder/Programming/Backend/pdvProject/node_modules/bcryptjs/umd/index.js:335:11\n    at new Promise (<anonymous>)\n    at Object.compare (/home/ecz/Folder/Programming/Backend/pdvProject/node_modules/bcryptjs/umd/index.js:334:16)\n    at User.validatePassword (/home/ecz/Folder/Programming/Backend/pdvProject/src/model/UserModel.js:122:23)\n    at store (/home/ecz/Folder/Programming/Backend/pdvProject/src/controller/tokenController.js:22:30)\n    at process.processTicksAndRejections (node:internal/process/task_queues:104:5)","timestamp":"2026-05-12 21:1648","url":"/tokens","userId":"Anonymous"}
{"level":"error","message":"Error: Illegal arguments: string, undefined","method":"POST","stack":"Error: Illegal arguments: string, undefined\n    at _async (/home/ecz/Folder/Programming/Backend/pdvProject/node_modules/bcryptjs/umd/index.js:305:15)\n    at /home/ecz/Folder/Programming/Backend/pdvProject/node_modules/bcryptjs/umd/index.js:335:11\n    at new Promise (<anonymous>)\n    at Object.compare (/home/ecz/Folder/Programming/Backend/pdvProject/node_modules/bcryptjs/umd/index.js:334:16)\n    at User.validatePassword (/home/ecz/Folder/Programming/Backend/pdvProject/src/model/UserModel.js:122:23)\n    at store (/home/ecz/Folder/Programming/Backend/pdvProject/src/controller/tokenController.js:22:30)\n    at process.processTicksAndRejections (node:internal/process/task_queues:104:5)","timestamp":"2026-05-12 21:1927","url":"/tokens","userId":"Anonymous"}
{"level":"error","message":"Error: Illegal arguments: string, undefined","method":"POST","stack":"Error: Illegal arguments: string, undefined\n    at _async (/home/ecz/Folder/Programming/Backend/pdvProject/node_modules/bcryptjs/umd/index.js:305:15)\n    at /home/ecz/Folder/Programming/Backend/pdvProject/node_modules/bcryptjs/umd/index.js:335:11\n    at new Promise (<anonymous>)\n    at Object.compare (/home/ecz/Folder/Programming/Backend/pdvProject/node_modules/bcryptjs/umd/index.js:334:16)\n    at User.validatePassword (/home/ecz/Folder/Programming/Backend/pdvProject/src/model/UserModel.js:122:23)\n    at store (/home/ecz/Folder/Programming/Backend/pdvProject/src/controller/tokenController.js:22:30)\n    at process.processTicksAndRejections (node:internal/process/task_queues:104:5)","timestamp":"2026-05-12 21:1952","url":"/tokens","userId":"Anonymous"}
{"level":"info","message":"Middleware initialized","timestamp":"2026-05-12 21:2005"}
{"level":"info","message":"Middleware initialized","timestamp":"2026-05-12 21:3732"}
{"level":"error","message":"SequelizeDatabaseError: invalid input syntax for type integer: \"list\"","method":"GET","stack":"Error\n    at Query.run (/home/ecz/Folder/Programming/Backend/pdvProject/node_modules/sequelize/lib/dialects/postgres/query.js:50:25)\n    at /home/ecz/Folder/Programming/Backend/pdvProject/node_modules/sequelize/lib/sequelize.js:315:28\n    at process.processTicksAndRejections (node:internal/process/task_queues:104:5)\n    at async PostgresQueryInterface.select (/home/ecz/Folder/Programming/Backend/pdvProject/node_modules/sequelize/lib/dialects/abstract/query-interface.js:407:12)\n    at async Client.findAll (/home/ecz/Folder/Programming/Backend/pdvProject/node_modules/sequelize/lib/model.js:1140:21)\n    at async Client.findOne (/home/ecz/Folder/Programming/Backend/pdvProject/node_modules/sequelize/lib/model.js:1240:12)\n    at async Client.findByPk (/home/ecz/Folder/Programming/Backend/pdvProject/node_modules/sequelize/lib/model.js:1221:12)\n    at async ClientService.show (/home/ecz/Folder/Programming/Backend/pdvProject/src/service/ClientService.js:44:28)\n    at async show (/home/ecz/Folder/Programming/Backend/pdvProject/src/controller/clientController.js:33:28)","timestamp":"2026-05-12 21:3826","url":"/clients/list","userId":3}
{"level":"info","message":"Middleware initialized","timestamp":"2026-05-12 22:1310"}
{"level":"error","message":"Error: There is not opened shift currently","method":"GET","stack":"Error: There is not opened shift currently\n    at CashierService.getOpenedShift (/home/ecz/Folder/Programming/Backend/pdvProject/src/service/CashierService.js:312:31)\n    at process.processTicksAndRejections (node:internal/process/task_queues:104:5)\n    at async getOpenedShift (/home/ecz/Folder/Programming/Backend/pdvProject/src/controller/cashierController.js:195:27)","timestamp":"2026-05-12 22:1313","url":"/cashier/active","userId":1}
{"level":"info","message":"Middleware initialized","timestamp":"2026-05-12 22:3654"}
{"level":"info","message":"Middleware initialized","timestamp":"2026-05-12 22:3704"}
{"level":"info","message":"Middleware initialized","timestamp":"2026-05-12 22:3826"}
{"level":"info","message":"Middleware initialized","timestamp":"2026-05-12 22:3849"}
{"level":"info","message":"Middleware initialized","timestamp":"2026-05-12 23:0159"}
{"level":"info","message":"Middleware initialized","timestamp":"2026-05-12 23:0229"}
{"level":"info","message":"Middleware initialized","timestamp":"2026-05-12 23:0417"}
{"level":"info","message":"Middleware initialized","timestamp":"2026-05-12 23:0430"}
{"level":"info","message":"Middleware initialized","timestamp":"2026-05-12 23:0539"}
{"level":"info","message":"Middleware initialized","timestamp":"2026-05-12 23:0545"}
{"level":"error","message":"Error: Transactions not found check date paramethers and try again","method":"GET","stack":"Error: Transactions not found check date paramethers and try again\n    at CashierService.filterByDate (/home/ecz/Folder/Programming/Backend/pdvProject/src/service/CashierService.js:209:23)\n    at process.processTicksAndRejections (node:internal/process/task_queues:104:5)\n    at async filterByDate (/home/ecz/Folder/Programming/Backend/pdvProject/src/controller/cashierController.js:134:28)","timestamp":"2026-05-12 23:0608","url":"/cashier?initialDate=2026-04-01&endDate=2026-05-12","userId":2}
{"level":"error","message":"Error: Transactions not found check date paramethers and try again","method":"GET","stack":"Error: Transactions not found check date paramethers and try again\n    at CashierService.filterByDate (/home/ecz/Folder/Programming/Backend/pdvProject/src/service/CashierService.js:209:23)\n    at process.processTicksAndRejections (node:internal/process/task_queues:104:5)\n    at async filterByDate (/home/ecz/Folder/Programming/Backend/pdvProject/src/controller/cashierController.js:134:28)","timestamp":"2026-05-12 23:0805","url":"/cashier?initialDate=2026-04-01&endDate=2026-05-12","userId":2}
{"level":"info","message":"Middleware initialized","timestamp":"2026-05-12 23:0930"}
{"level":"error","message":"Error: Transactions not found check date paramethers and try again","method":"GET","stack":"Error: Transactions not found check date paramethers and try again\n    at CashierService.filterByDate (/home/ecz/Folder/Programming/Backend/pdvProject/src/service/CashierService.js:209:23)\n    at process.processTicksAndRejections (node:internal/process/task_queues:104:5)\n    at async filterByDate (/home/ecz/Folder/Programming/Backend/pdvProject/src/controller/cashierController.js:134:28)","timestamp":"2026-05-12 23:0933","url":"/cashier?initialDate=2026-04-01&endDate=2026-05-12","userId":2}
{"level":"error","message":"Error: Transactions not found check date paramethers and try again","method":"GET","stack":"Error: Transactions not found check date paramethers and try again\n    at CashierService.filterByDate (/home/ecz/Folder/Programming/Backend/pdvProject/src/service/CashierService.js:209:23)\n    at process.processTicksAndRejections (node:internal/process/task_queues:104:5)\n    at async filterByDate (/home/ecz/Folder/Programming/Backend/pdvProject/src/controller/cashierController.js:134:28)","timestamp":"2026-05-12 23:1010","url":"/cashier?initialDate=2026-04-01&endDate=2026-05-12","userId":2}
{"level":"error","message":"Error: Transactions not found check date paramethers and try again","method":"GET","stack":"Error: Transactions not found check date paramethers and try again\n    at CashierService.filterByDate (/home/ecz/Folder/Programming/Backend/pdvProject/src/service/CashierService.js:209:23)\n    at process.processTicksAndRejections (node:internal/process/task_queues:104:5)\n    at async filterByDate (/home/ecz/Folder/Programming/Backend/pdvProject/src/controller/cashierController.js:134:28)","timestamp":"2026-05-12 23:1023","url":"/cashier?initialDate=2026-04-01&endDate=2026-05-12","userId":2}
{"level":"info","message":"Middleware initialized","timestamp":"2026-05-12 23:1042"}
{"level":"error","message":"Error: Transactions not found check date paramethers and try again","method":"GET","stack":"Error: Transactions not found check date paramethers and try again\n    at CashierService.filterByDate (/home/ecz/Folder/Programming/Backend/pdvProject/src/service/CashierService.js:209:23)\n    at process.processTicksAndRejections (node:internal/process/task_queues:104:5)\n    at async filterByDate (/home/ecz/Folder/Programming/Backend/pdvProject/src/controller/cashierController.js:134:28)","timestamp":"2026-05-12 23:1046","url":"/cashier?initialDate=2026-04-01&endDate=2026-05-12","userId":2}
{"level":"info","message":"Middleware initialized","timestamp":"2026-05-12 23:1235"}
{"level":"info","message":"Middleware initialized","timestamp":"2026-05-12 23:3002"}
{"level":"error","message":"Error: field mismatch data","method":"GET","stack":"Error: field mismatch data\n    at show (/home/ecz/Folder/Programming/Backend/pdvProject/src/controller/saleController.js:73:23)\n    at Layer.handleRequest (/home/ecz/Folder/Programming/Backend/pdvProject/node_modules/router/lib/layer.js:152:17)\n    at next (/home/ecz/Folder/Programming/Backend/pdvProject/node_modules/router/lib/route.js:157:13)\n    at loginRequired (/home/ecz/Folder/Programming/Backend/pdvProject/src/middlewares/loginRequired.js:20:16)\n    at Layer.handleRequest (/home/ecz/Folder/Programming/Backend/pdvProject/node_modules/router/lib/layer.js:152:17)\n    at next (/home/ecz/Folder/Programming/Backend/pdvProject/node_modules/router/lib/route.js:157:13)\n    at Route.dispatch (/home/ecz/Folder/Programming/Backend/pdvProject/node_modules/router/lib/route.js:117:3)\n    at handle (/home/ecz/Folder/Programming/Backend/pdvProject/node_modules/router/index.js:435:11)\n    at Layer.handleRequest (/home/ecz/Folder/Programming/Backend/pdvProject/node_modules/router/lib/layer.js:152:17)\n    at /home/ecz/Folder/Programming/Backend/pdvProject/node_modules/router/index.js:295:15","timestamp":"2026-05-12 23:4101","url":"/sales/filter?initialDate=2026-05-01&finalDate=2026-05-12","userId":2}
{"level":"info","message":"Middleware initialized","timestamp":"2026-05-13 10:4649"}
{"level":"info","message":"Middleware initialized","timestamp":"2026-05-13 11:2012"}
{"level":"info","message":"Middleware initialized","timestamp":"2026-05-13 11:2018"}
{"level":"info","message":"Middleware initialized","timestamp":"2026-05-13 11:2029"}
{"level":"info","message":"Middleware initialized","timestamp":"2026-05-13 11:2038"}
{"level":"info","message":"Middleware initialized","timestamp":"2026-05-13 11:2050"}
{"level":"info","message":"Middleware initialized","timestamp":"2026-05-13 11:2051"}
{"level":"error","message":"Error: Required data is missing to withdraw operations","method":"POST","stack":"Error: Required data is missing to withdraw operations\n    at withdraw (/home/ecz/Folder/Programming/Backend/pdvProject/src/controller/cashierController.js:83:23)\n    at Layer.handleRequest (/home/ecz/Folder/Programming/Backend/pdvProject/node_modules/router/lib/layer.js:152:17)\n    at next (/home/ecz/Folder/Programming/Backend/pdvProject/node_modules/router/lib/route.js:157:13)\n    at loginRequired (/home/ecz/Folder/Programming/Backend/pdvProject/src/middlewares/loginRequired.js:20:16)\n    at Layer.handleRequest (/home/ecz/Folder/Programming/Backend/pdvProject/node_modules/router/lib/layer.js:152:17)\n    at next (/home/ecz/Folder/Programming/Backend/pdvProject/node_modules/router/lib/route.js:157:13)\n    at Route.dispatch (/home/ecz/Folder/Programming/Backend/pdvProject/node_modules/router/lib/route.js:117:3)\n    at handle (/home/ecz/Folder/Programming/Backend/pdvProject/node_modules/router/index.js:435:11)\n    at Layer.handleRequest (/home/ecz/Folder/Programming/Backend/pdvProject/node_modules/router/lib/layer.js:152:17)\n    at /home/ecz/Folder/Programming/Backend/pdvProject/node_modules/router/index.js:295:15","timestamp":"2026-05-13 11:3257","url":"/cashier/13/withdraws/","userId":2}
{"level":"error","message":"Error: withdraw amount must be lesser than zero (negative)","method":"POST","stack":"Error: withdraw amount must be lesser than zero (negative)\n    at withdraw (/home/ecz/Folder/Programming/Backend/pdvProject/src/controller/cashierController.js:87:23)\n    at Layer.handleRequest (/home/ecz/Folder/Programming/Backend/pdvProject/node_modules/router/lib/layer.js:152:17)\n    at next (/home/ecz/Folder/Programming/Backend/pdvProject/node_modules/router/lib/route.js:157:13)\n    at loginRequired (/home/ecz/Folder/Programming/Backend/pdvProject/src/middlewares/loginRequired.js:20:16)\n    at Layer.handleRequest (/home/ecz/Folder/Programming/Backend/pdvProject/node_modules/router/lib/layer.js:152:17)\n    at next (/home/ecz/Folder/Programming/Backend/pdvProject/node_modules/router/lib/route.js:157:13)\n    at Route.dispatch (/home/ecz/Folder/Programming/Backend/pdvProject/node_modules/router/lib/route.js:117:3)\n    at handle (/home/ecz/Folder/Programming/Backend/pdvProject/node_modules/router/index.js:435:11)\n    at Layer.handleRequest (/home/ecz/Folder/Programming/Backend/pdvProject/node_modules/router/lib/layer.js:152:17)\n    at /home/ecz/Folder/Programming/Backend/pdvProject/node_modules/router/index.js:295:15","timestamp":"2026-05-13 11:3307","url":"/cashier/13/withdraws/","userId":2}
{"level":"error","message":"Error: withdraw amount must be lesser than zero (negative)","method":"POST","stack":"Error: withdraw amount must be lesser than zero (negative)\n    at withdraw (/home/ecz/Folder/Programming/Backend/pdvProject/src/controller/cashierController.js:87:23)\n    at Layer.handleRequest (/home/ecz/Folder/Programming/Backend/pdvProject/node_modules/router/lib/layer.js:152:17)\n    at next (/home/ecz/Folder/Programming/Backend/pdvProject/node_modules/router/lib/route.js:157:13)\n    at loginRequired (/home/ecz/Folder/Programming/Backend/pdvProject/src/middlewares/loginRequired.js:20:16)\n    at Layer.handleRequest (/home/ecz/Folder/Programming/Backend/pdvProject/node_modules/router/lib/layer.js:152:17)\n    at next (/home/ecz/Folder/Programming/Backend/pdvProject/node_modules/router/lib/route.js:157:13)\n    at Route.dispatch (/home/ecz/Folder/Programming/Backend/pdvProject/node_modules/router/lib/route.js:117:3)\n    at handle (/home/ecz/Folder/Programming/Backend/pdvProject/node_modules/router/index.js:435:11)\n    at Layer.handleRequest (/home/ecz/Folder/Programming/Backend/pdvProject/node_modules/router/lib/layer.js:152:17)\n    at /home/ecz/Folder/Programming/Backend/pdvProject/node_modules/router/index.js:295:15","timestamp":"2026-05-13 11:3514","url":"/cashier/13/withdraws/","userId":2}
{"level":"info","message":"Middleware initialized","timestamp":"2026-05-13 11:5731"}
{"level":"info","message":"Middleware initialized","timestamp":"2026-05-13 11:5751"}
{"level":"info","message":"Middleware initialized","timestamp":"2026-05-13 11:5759"}
{"level":"info","message":"Middleware initialized","timestamp":"2026-05-13 11:5802"}
{"level":"info","message":"Middleware initialized","timestamp":"2026-05-13 11:5805"}
{"level":"info","message":"Middleware initialized","timestamp":"2026-05-13 11:5812"}
{"level":"info","message":"Middleware initialized","timestamp":"2026-05-13 11:5814"}
{"level":"info","message":"Middleware initialized","timestamp":"2026-05-13 11:5817"}
{"level":"info","message":"Middleware initialized","timestamp":"2026-05-13 11:5835"}
{"level":"info","message":"Middleware initialized","timestamp":"2026-05-13 11:5845"}
{"level":"info","message":"Middleware initialized","timestamp":"2026-05-13 11:5850"}
{"level":"info","message":"Middleware initialized","timestamp":"2026-05-13 11:5924"}
{"level":"info","message":"Middleware initialized","timestamp":"2026-05-13 11:5926"}
{"level":"info","message":"Middleware initialized","timestamp":"2026-05-13 11:5930"}
{"level":"info","message":"Middleware initialized","timestamp":"2026-05-13 12:0000"}
{"level":"info","message":"Middleware initialized","timestamp":"2026-05-13 12:0003"}
{"level":"info","message":"Middleware initialized","timestamp":"2026-05-13 12:0020"}
{"level":"error","message":"SequelizeDatabaseError: new row for relation \"stock\" violates check constraint \"check_qty_non_negative\"","method":"POST","stack":"Error\n    at Query.run (/home/ecz/Folder/Programming/Backend/pdvProject/node_modules/sequelize/lib/dialects/postgres/query.js:50:25)\n    at /home/ecz/Folder/Programming/Backend/pdvProject/node_modules/sequelize/lib/sequelize.js:315:28\n    at process.processTicksAndRejections (node:internal/process/task_queues:104:5)\n    at async PostgresQueryInterface.decrement (/home/ecz/Folder/Programming/Backend/pdvProject/node_modules/sequelize/lib/dialects/abstract/query-interface.js:421:12)\n    at async Stock.increment (/home/ecz/Folder/Programming/Backend/pdvProject/node_modules/sequelize/lib/model.js:2113:22)\n    at async /home/ecz/Folder/Programming/Backend/pdvProject/src/service/SaleService.js:65:17\n    at async /home/ecz/Folder/Programming/Backend/pdvProject/node_modules/sequelize/lib/sequelize.js:507:18\n    at async SaleService.createSale (/home/ecz/Folder/Programming/Backend/pdvProject/src/service/SaleService.js:29:24)\n    at async createSale (/home/ecz/Folder/Programming/Backend/pdvProject/src/controller/saleController.js:18:32)","timestamp":"2026-05-13 12:0435","url":"/sales","userId":2}
{"level":"error","message":"SequelizeDatabaseError: new row for relation \"stock\" violates check constraint \"check_qty_non_negative\"","method":"POST","stack":"Error\n    at Query.run (/home/ecz/Folder/Programming/Backend/pdvProject/node_modules/sequelize/lib/dialects/postgres/query.js:50:25)\n    at /home/ecz/Folder/Programming/Backend/pdvProject/node_modules/sequelize/lib/sequelize.js:315:28\n    at process.processTicksAndRejections (node:internal/process/task_queues:104:5)\n    at async PostgresQueryInterface.decrement (/home/ecz/Folder/Programming/Backend/pdvProject/node_modules/sequelize/lib/dialects/abstract/query-interface.js:421:12)\n    at async Stock.increment (/home/ecz/Folder/Programming/Backend/pdvProject/node_modules/sequelize/lib/model.js:2113:22)\n    at async /home/ecz/Folder/Programming/Backend/pdvProject/src/service/SaleService.js:65:17\n    at async /home/ecz/Folder/Programming/Backend/pdvProject/node_modules/sequelize/lib/sequelize.js:507:18\n    at async SaleService.createSale (/home/ecz/Folder/Programming/Backend/pdvProject/src/service/SaleService.js:29:24)\n    at async createSale (/home/ecz/Folder/Programming/Backend/pdvProject/src/controller/saleController.js:18:32)","timestamp":"2026-05-13 12:0549","url":"/sales","userId":2}
{"level":"error","message":"SequelizeDatabaseError: new row for relation \"stock\" violates check constraint \"check_qty_non_negative\"","method":"POST","stack":"Error\n    at Query.run (/home/ecz/Folder/Programming/Backend/pdvProject/node_modules/sequelize/lib/dialects/postgres/query.js:50:25)\n    at /home/ecz/Folder/Programming/Backend/pdvProject/node_modules/sequelize/lib/sequelize.js:315:28\n    at process.processTicksAndRejections (node:internal/process/task_queues:104:5)\n    at async PostgresQueryInterface.decrement (/home/ecz/Folder/Programming/Backend/pdvProject/node_modules/sequelize/lib/dialects/abstract/query-interface.js:421:12)\n    at async Stock.increment (/home/ecz/Folder/Programming/Backend/pdvProject/node_modules/sequelize/lib/model.js:2113:22)\n    at async /home/ecz/Folder/Programming/Backend/pdvProject/src/service/SaleService.js:65:17\n    at async /home/ecz/Folder/Programming/Backend/pdvProject/node_modules/sequelize/lib/sequelize.js:507:18\n    at async SaleService.createSale (/home/ecz/Folder/Programming/Backend/pdvProject/src/service/SaleService.js:29:24)\n    at async createSale (/home/ecz/Folder/Programming/Backend/pdvProject/src/controller/saleController.js:18:32)","timestamp":"2026-05-13 12:0552","url":"/sales","userId":2}
{"level":"info","message":"Middleware initialized","timestamp":"2026-05-13 12:0644"}
{"level":"error","message":"SequelizeDatabaseError: new row for relation \"stock\" violates check constraint \"check_qty_non_negative\"","method":"POST","stack":"Error\n    at Query.run (/home/ecz/Folder/Programming/Backend/pdvProject/node_modules/sequelize/lib/dialects/postgres/query.js:50:25)\n    at /home/ecz/Folder/Programming/Backend/pdvProject/node_modules/sequelize/lib/sequelize.js:315:28\n    at process.processTicksAndRejections (node:internal/process/task_queues:104:5)\n    at async PostgresQueryInterface.decrement (/home/ecz/Folder/Programming/Backend/pdvProject/node_modules/sequelize/lib/dialects/abstract/query-interface.js:421:12)\n    at async Stock.increment (/home/ecz/Folder/Programming/Backend/pdvProject/node_modules/sequelize/lib/model.js:2113:22)\n    at async /home/ecz/Folder/Programming/Backend/pdvProject/src/service/SaleService.js:65:17\n    at async /home/ecz/Folder/Programming/Backend/pdvProject/node_modules/sequelize/lib/sequelize.js:507:18\n    at async SaleService.createSale (/home/ecz/Folder/Programming/Backend/pdvProject/src/service/SaleService.js:29:24)\n    at async createSale (/home/ecz/Folder/Programming/Backend/pdvProject/src/controller/saleController.js:18:32)","timestamp":"2026-05-13 12:5204","url":"/sales","userId":2}
{"level":"error","message":"SequelizeDatabaseError: new row for relation \"stock\" violates check constraint \"check_qty_non_negative\"","method":"POST","stack":"Error\n    at Query.run (/home/ecz/Folder/Programming/Backend/pdvProject/node_modules/sequelize/lib/dialects/postgres/query.js:50:25)\n    at /home/ecz/Folder/Programming/Backend/pdvProject/node_modules/sequelize/lib/sequelize.js:315:28\n    at process.processTicksAndRejections (node:internal/process/task_queues:104:5)\n    at async PostgresQueryInterface.decrement (/home/ecz/Folder/Programming/Backend/pdvProject/node_modules/sequelize/lib/dialects/abstract/query-interface.js:421:12)\n    at async Stock.increment (/home/ecz/Folder/Programming/Backend/pdvProject/node_modules/sequelize/lib/model.js:2113:22)\n    at async /home/ecz/Folder/Programming/Backend/pdvProject/src/service/SaleService.js:65:17\n    at async /home/ecz/Folder/Programming/Backend/pdvProject/node_modules/sequelize/lib/sequelize.js:507:18\n    at async SaleService.createSale (/home/ecz/Folder/Programming/Backend/pdvProject/src/service/SaleService.js:29:24)\n    at async createSale (/home/ecz/Folder/Programming/Backend/pdvProject/src/controller/saleController.js:18:32)","timestamp":"2026-05-13 12:5306","url":"/sales","userId":2}
{"level":"error","message":"SequelizeDatabaseError: new row for relation \"stock\" violates check constraint \"check_qty_non_negative\"","method":"POST","stack":"Error\n    at Query.run (/home/ecz/Folder/Programming/Backend/pdvProject/node_modules/sequelize/lib/dialects/postgres/query.js:50:25)\n    at /home/ecz/Folder/Programming/Backend/pdvProject/node_modules/sequelize/lib/sequelize.js:315:28\n    at process.processTicksAndRejections (node:internal/process/task_queues:104:5)\n    at async PostgresQueryInterface.decrement (/home/ecz/Folder/Programming/Backend/pdvProject/node_modules/sequelize/lib/dialects/abstract/query-interface.js:421:12)\n    at async Stock.increment (/home/ecz/Folder/Programming/Backend/pdvProject/node_modules/sequelize/lib/model.js:2113:22)\n    at async /home/ecz/Folder/Programming/Backend/pdvProject/src/service/SaleService.js:65:17\n    at async /home/ecz/Folder/Programming/Backend/pdvProject/node_modules/sequelize/lib/sequelize.js:507:18\n    at async SaleService.createSale (/home/ecz/Folder/Programming/Backend/pdvProject/src/service/SaleService.js:29:24)\n    at async createSale (/home/ecz/Folder/Programming/Backend/pdvProject/src/controller/saleController.js:18:32)","timestamp":"2026-05-13 12:5336","url":"/sales","userId":2}
{"level":"error","message":"SequelizeDatabaseError: new row for relation \"stock\" violates check constraint \"check_qty_non_negative\"","method":"POST","stack":"Error\n    at Query.run (/home/ecz/Folder/Programming/Backend/pdvProject/node_modules/sequelize/lib/dialects/postgres/query.js:50:25)\n    at /home/ecz/Folder/Programming/Backend/pdvProject/node_modules/sequelize/lib/sequelize.js:315:28\n    at process.processTicksAndRejections (node:internal/process/task_queues:104:5)\n    at async PostgresQueryInterface.decrement (/home/ecz/Folder/Programming/Backend/pdvProject/node_modules/sequelize/lib/dialects/abstract/query-interface.js:421:12)\n    at async Stock.increment (/home/ecz/Folder/Programming/Backend/pdvProject/node_modules/sequelize/lib/model.js:2113:22)\n    at async /home/ecz/Folder/Programming/Backend/pdvProject/src/service/SaleService.js:65:17\n    at async /home/ecz/Folder/Programming/Backend/pdvProject/node_modules/sequelize/lib/sequelize.js:507:18\n    at async SaleService.createSale (/home/ecz/Folder/Programming/Backend/pdvProject/src/service/SaleService.js:29:24)\n    at async createSale (/home/ecz/Folder/Programming/Backend/pdvProject/src/controller/saleController.js:18:32)","timestamp":"2026-05-13 13:0616","url":"/sales","userId":2}
{"level":"error","message":"SequelizeDatabaseError: new row for relation \"stock\" violates check constraint \"check_qty_non_negative\"","method":"POST","stack":"Error\n    at Query.run (/home/ecz/Folder/Programming/Backend/pdvProject/node_modules/sequelize/lib/dialects/postgres/query.js:50:25)\n    at /home/ecz/Folder/Programming/Backend/pdvProject/node_modules/sequelize/lib/sequelize.js:315:28\n    at process.processTicksAndRejections (node:internal/process/task_queues:104:5)\n    at async PostgresQueryInterface.decrement (/home/ecz/Folder/Programming/Backend/pdvProject/node_modules/sequelize/lib/dialects/abstract/query-interface.js:421:12)\n    at async Stock.increment (/home/ecz/Folder/Programming/Backend/pdvProject/node_modules/sequelize/lib/model.js:2113:22)\n    at async /home/ecz/Folder/Programming/Backend/pdvProject/src/service/SaleService.js:65:17\n    at async /home/ecz/Folder/Programming/Backend/pdvProject/node_modules/sequelize/lib/sequelize.js:507:18\n    at async SaleService.createSale (/home/ecz/Folder/Programming/Backend/pdvProject/src/service/SaleService.js:29:24)\n    at async createSale (/home/ecz/Folder/Programming/Backend/pdvProject/src/controller/saleController.js:18:32)","timestamp":"2026-05-13 13:0636","url":"/sales","userId":2}
{"level":"info","message":"Middleware initialized","timestamp":"2026-05-13 13:0656"}
{"level":"info","message":"Middleware initialized","timestamp":"2026-05-13 13:0711"}
{"level":"info","message":"Middleware initialized","timestamp":"2026-05-13 13:0714"}
{"level":"info","message":"Middleware initialized","timestamp":"2026-05-13 13:0721"}
{"level":"info","message":"Middleware initialized","timestamp":"2026-05-13 13:0724"}
{"level":"info","message":"Middleware initialized","timestamp":"2026-05-13 13:0727"}
{"level":"info","message":"Middleware initialized","timestamp":"2026-05-13 13:0730"}
{"level":"info","message":"Middleware initialized","timestamp":"2026-05-13 13:0736"}
{"level":"info","message":"Middleware initialized","timestamp":"2026-05-13 13:0744"}
{"level":"info","message":"Middleware initialized","timestamp":"2026-05-13 13:0750"}
{"level":"info","message":"Middleware initialized","timestamp":"2026-05-13 13:0753"}
{"level":"info","message":"Middleware initialized","timestamp":"2026-05-13 13:0756"}
{"level":"info","message":"Middleware initialized","timestamp":"2026-05-13 13:0758"}
{"level":"info","message":"Middleware initialized","timestamp":"2026-05-13 13:0801"}
{"level":"info","message":"Middleware initialized","timestamp":"2026-05-13 13:0803"}
{"level":"info","message":"Middleware initialized","timestamp":"2026-05-13 13:0805"}
{"level":"info","message":"Middleware initialized","timestamp":"2026-05-13 13:0807"}
{"level":"info","message":"Middleware initialized","timestamp":"2026-05-13 13:0811"}
{"level":"info","message":"Middleware initialized","timestamp":"2026-05-13 13:0817"}
{"level":"error","message":"SequelizeDatabaseError: new row for relation \"stock\" violates check constraint \"check_qty_non_negative\"","method":"POST","stack":"Error\n    at Query.run (/home/ecz/Folder/Programming/Backend/pdvProject/node_modules/sequelize/lib/dialects/postgres/query.js:50:25)\n    at /home/ecz/Folder/Programming/Backend/pdvProject/node_modules/sequelize/lib/sequelize.js:315:28\n    at process.processTicksAndRejections (node:internal/process/task_queues:104:5)\n    at async PostgresQueryInterface.decrement (/home/ecz/Folder/Programming/Backend/pdvProject/node_modules/sequelize/lib/dialects/abstract/query-interface.js:421:12)\n    at async Stock.increment (/home/ecz/Folder/Programming/Backend/pdvProject/node_modules/sequelize/lib/model.js:2113:22)\n    at async /home/ecz/Folder/Programming/Backend/pdvProject/src/service/SaleService.js:65:17\n    at async /home/ecz/Folder/Programming/Backend/pdvProject/node_modules/sequelize/lib/sequelize.js:507:18\n    at async SaleService.createSale (/home/ecz/Folder/Programming/Backend/pdvProject/src/service/SaleService.js:29:24)\n    at async createSale (/home/ecz/Folder/Programming/Backend/pdvProject/src/controller/saleController.js:18:32)","timestamp":"2026-05-13 13:0821","url":"/sales","userId":2}
{"level":"info","message":"Middleware initialized","timestamp":"2026-05-13 13:0837"}
{"level":"info","message":"Middleware initialized","timestamp":"2026-05-13 13:0839"}
{"level":"info","message":"Middleware initialized","timestamp":"2026-05-13 13:0841"}
{"level":"info","message":"Middleware initialized","timestamp":"2026-05-13 13:0844"}
{"level":"error","message":"SequelizeDatabaseError: new row for relation \"stock\" violates check constraint \"check_qty_non_negative\"","method":"POST","stack":"Error\n    at Query.run (/home/ecz/Folder/Programming/Backend/pdvProject/node_modules/sequelize/lib/dialects/postgres/query.js:50:25)\n    at /home/ecz/Folder/Programming/Backend/pdvProject/node_modules/sequelize/lib/sequelize.js:315:28\n    at process.processTicksAndRejections (node:internal/process/task_queues:104:5)\n    at async PostgresQueryInterface.decrement (/home/ecz/Folder/Programming/Backend/pdvProject/node_modules/sequelize/lib/dialects/abstract/query-interface.js:421:12)\n    at async Stock.increment (/home/ecz/Folder/Programming/Backend/pdvProject/node_modules/sequelize/lib/model.js:2113:22)\n    at async /home/ecz/Folder/Programming/Backend/pdvProject/src/service/SaleService.js:65:17\n    at async /home/ecz/Folder/Programming/Backend/pdvProject/node_modules/sequelize/lib/sequelize.js:507:18\n    at async SaleService.createSale (/home/ecz/Folder/Programming/Backend/pdvProject/src/service/SaleService.js:29:24)\n    at async createSale (/home/ecz/Folder/Programming/Backend/pdvProject/src/controller/saleController.js:18:32)","timestamp":"2026-05-13 13:0852","url":"/sales","userId":2}
{"level":"error","message":"SequelizeDatabaseError: new row for relation \"stock\" violates check constraint \"check_qty_non_negative\"","method":"POST","stack":"Error\n    at Query.run (/home/ecz/Folder/Programming/Backend/pdvProject/node_modules/sequelize/lib/dialects/postgres/query.js:50:25)\n    at /home/ecz/Folder/Programming/Backend/pdvProject/node_modules/sequelize/lib/sequelize.js:315:28\n    at process.processTicksAndRejections (node:internal/process/task_queues:104:5)\n    at async PostgresQueryInterface.decrement (/home/ecz/Folder/Programming/Backend/pdvProject/node_modules/sequelize/lib/dialects/abstract/query-interface.js:421:12)\n    at async Stock.increment (/home/ecz/Folder/Programming/Backend/pdvProject/node_modules/sequelize/lib/model.js:2113:22)\n    at async /home/ecz/Folder/Programming/Backend/pdvProject/src/service/SaleService.js:65:17\n    at async /home/ecz/Folder/Programming/Backend/pdvProject/node_modules/sequelize/lib/sequelize.js:507:18\n    at async SaleService.createSale (/home/ecz/Folder/Programming/Backend/pdvProject/src/service/SaleService.js:29:24)\n    at async createSale (/home/ecz/Folder/Programming/Backend/pdvProject/src/controller/saleController.js:18:32)","timestamp":"2026-05-13 13:1015","url":"/sales","userId":2}
{"level":"error","message":"SequelizeDatabaseError: new row for relation \"stock\" violates check constraint \"check_qty_non_negative\"","method":"POST","stack":"Error\n    at Query.run (/home/ecz/Folder/Programming/Backend/pdvProject/node_modules/sequelize/lib/dialects/postgres/query.js:50:25)\n    at /home/ecz/Folder/Programming/Backend/pdvProject/node_modules/sequelize/lib/sequelize.js:315:28\n    at process.processTicksAndRejections (node:internal/process/task_queues:104:5)\n    at async PostgresQueryInterface.decrement (/home/ecz/Folder/Programming/Backend/pdvProject/node_modules/sequelize/lib/dialects/abstract/query-interface.js:421:12)\n    at async Stock.increment (/home/ecz/Folder/Programming/Backend/pdvProject/node_modules/sequelize/lib/model.js:2113:22)\n    at async /home/ecz/Folder/Programming/Backend/pdvProject/src/service/SaleService.js:65:17\n    at async /home/ecz/Folder/Programming/Backend/pdvProject/node_modules/sequelize/lib/sequelize.js:507:18\n    at async SaleService.createSale (/home/ecz/Folder/Programming/Backend/pdvProject/src/service/SaleService.js:29:24)\n    at async createSale (/home/ecz/Folder/Programming/Backend/pdvProject/src/controller/saleController.js:18:32)","timestamp":"2026-05-13 13:1155","url":"/sales","userId":2}
{"level":"error","message":"SequelizeDatabaseError: new row for relation \"stock\" violates check constraint \"check_qty_non_negative\"","method":"POST","stack":"Error\n    at Query.run (/home/ecz/Folder/Programming/Backend/pdvProject/node_modules/sequelize/lib/dialects/postgres/query.js:50:25)\n    at /home/ecz/Folder/Programming/Backend/pdvProject/node_modules/sequelize/lib/sequelize.js:315:28\n    at process.processTicksAndRejections (node:internal/process/task_queues:104:5)\n    at async PostgresQueryInterface.decrement (/home/ecz/Folder/Programming/Backend/pdvProject/node_modules/sequelize/lib/dialects/abstract/query-interface.js:421:12)\n    at async Stock.increment (/home/ecz/Folder/Programming/Backend/pdvProject/node_modules/sequelize/lib/model.js:2113:22)\n    at async /home/ecz/Folder/Programming/Backend/pdvProject/src/service/SaleService.js:65:17\n    at async /home/ecz/Folder/Programming/Backend/pdvProject/node_modules/sequelize/lib/sequelize.js:507:18\n    at async SaleService.createSale (/home/ecz/Folder/Programming/Backend/pdvProject/src/service/SaleService.js:29:24)\n    at async createSale (/home/ecz/Folder/Programming/Backend/pdvProject/src/controller/saleController.js:18:32)","timestamp":"2026-05-13 13:1219","url":"/sales","userId":2}
{"level":"info","message":"Middleware initialized","timestamp":"2026-05-13 22:1505"}
{"level":"info","message":"Middleware initialized","timestamp":"2026-05-14 00:3453"}
{"level":"error","message":"Error: field mismatch data","method":"GET","stack":"Error: field mismatch data\n    at show (/home/ecz/Folder/Programming/Backend/pdvProject/src/controller/saleController.js:73:23)\n    at Layer.handleRequest (/home/ecz/Folder/Programming/Backend/pdvProject/node_modules/router/lib/layer.js:152:17)\n    at next (/home/ecz/Folder/Programming/Backend/pdvProject/node_modules/router/lib/route.js:157:13)\n    at loginRequired (/home/ecz/Folder/Programming/Backend/pdvProject/src/middlewares/loginRequired.js:20:16)\n    at Layer.handleRequest (/home/ecz/Folder/Programming/Backend/pdvProject/node_modules/router/lib/layer.js:152:17)\n    at next (/home/ecz/Folder/Programming/Backend/pdvProject/node_modules/router/lib/route.js:157:13)\n    at Route.dispatch (/home/ecz/Folder/Programming/Backend/pdvProject/node_modules/router/lib/route.js:117:3)\n    at handle (/home/ecz/Folder/Programming/Backend/pdvProject/node_modules/router/index.js:435:11)\n    at Layer.handleRequest (/home/ecz/Folder/Programming/Backend/pdvProject/node_modules/router/lib/layer.js:152:17)\n    at /home/ecz/Folder/Programming/Backend/pdvProject/node_modules/router/index.js:295:15","timestamp":"2026-05-14 00:3856","url":"/sales/filter?initialDate=2026-05-01&finalDate=2026-05-14","userId":2}
{"level":"error","message":"Error: Required filters paramethers are missing","method":"GET","stack":"Error: Required filters paramethers are missing\n    at SaleService.index (/home/ecz/Folder/Programming/Backend/pdvProject/src/service/SaleService.js:158:23)\n    at index (/home/ecz/Folder/Programming/Backend/pdvProject/src/controller/saleController.js:52:46)\n    at Layer.handleRequest (/home/ecz/Folder/Programming/Backend/pdvProject/node_modules/router/lib/layer.js:152:17)\n    at next (/home/ecz/Folder/Programming/Backend/pdvProject/node_modules/router/lib/route.js:157:13)\n    at loginRequired (/home/ecz/Folder/Programming/Backend/pdvProject/src/middlewares/loginRequired.js:20:16)\n    at Layer.handleRequest (/home/ecz/Folder/Programming/Backend/pdvProject/node_modules/router/lib/layer.js:152:17)\n    at next (/home/ecz/Folder/Programming/Backend/pdvProject/node_modules/router/lib/route.js:157:13)\n    at Route.dispatch (/home/ecz/Folder/Programming/Backend/pdvProject/node_modules/router/lib/route.js:117:3)\n    at handle (/home/ecz/Folder/Programming/Backend/pdvProject/node_modules/router/index.js:435:11)\n    at Layer.handleRequest (/home/ecz/Folder/Programming/Backend/pdvProject/node_modules/router/lib/layer.js:152:17)","timestamp":"2026-05-14 00:3956","url":"/sales?initialDate=2026-05-01&finalDate=2026-05-14","userId":2}
{"level":"error","message":"Error: Required filters paramethers are missing","method":"GET","stack":"Error: Required filters paramethers are missing\n    at SaleService.index (/home/ecz/Folder/Programming/Backend/pdvProject/src/service/SaleService.js:158:23)\n    at index (/home/ecz/Folder/Programming/Backend/pdvProject/src/controller/saleController.js:52:46)\n    at Layer.handleRequest (/home/ecz/Folder/Programming/Backend/pdvProject/node_modules/router/lib/layer.js:152:17)\n    at next (/home/ecz/Folder/Programming/Backend/pdvProject/node_modules/router/lib/route.js:157:13)\n    at loginRequired (/home/ecz/Folder/Programming/Backend/pdvProject/src/middlewares/loginRequired.js:20:16)\n    at Layer.handleRequest (/home/ecz/Folder/Programming/Backend/pdvProject/node_modules/router/lib/layer.js:152:17)\n    at next (/home/ecz/Folder/Programming/Backend/pdvProject/node_modules/router/lib/route.js:157:13)\n    at Route.dispatch (/home/ecz/Folder/Programming/Backend/pdvProject/node_modules/router/lib/route.js:117:3)\n    at handle (/home/ecz/Folder/Programming/Backend/pdvProject/node_modules/router/index.js:435:11)\n    at Layer.handleRequest (/home/ecz/Folder/Programming/Backend/pdvProject/node_modules/router/lib/layer.js:152:17)","timestamp":"2026-05-14 00:4430","url":"/sales?initialDate=2026-05-01&finalDate=2026-05-14","userId":2}
{"level":"error","message":"Error: Required filters paramethers are missing","method":"GET","stack":"Error: Required filters paramethers are missing\n    at SaleService.index (/home/ecz/Folder/Programming/Backend/pdvProject/src/service/SaleService.js:158:23)\n    at index (/home/ecz/Folder/Programming/Backend/pdvProject/src/controller/saleController.js:52:46)\n    at Layer.handleRequest (/home/ecz/Folder/Programming/Backend/pdvProject/node_modules/router/lib/layer.js:152:17)\n    at next (/home/ecz/Folder/Programming/Backend/pdvProject/node_modules/router/lib/route.js:157:13)\n    at loginRequired (/home/ecz/Folder/Programming/Backend/pdvProject/src/middlewares/loginRequired.js:20:16)\n    at Layer.handleRequest (/home/ecz/Folder/Programming/Backend/pdvProject/node_modules/router/lib/layer.js:152:17)\n    at next (/home/ecz/Folder/Programming/Backend/pdvProject/node_modules/router/lib/route.js:157:13)\n    at Route.dispatch (/home/ecz/Folder/Programming/Backend/pdvProject/node_modules/router/lib/route.js:117:3)\n    at handle (/home/ecz/Folder/Programming/Backend/pdvProject/node_modules/router/index.js:435:11)\n    at Layer.handleRequest (/home/ecz/Folder/Programming/Backend/pdvProject/node_modules/router/lib/layer.js:152:17)","timestamp":"2026-05-14 00:4812","url":"/sales?initialDate=2026-05-01&endDate=","userId":2}
{"level":"error","message":"Error: Sale not found","method":"GET","stack":"Error: Sale not found\n    at show (/home/ecz/Folder/Programming/Backend/pdvProject/src/controller/saleController.js:77:23)\n    at process.processTicksAndRejections (node:internal/process/task_queues:104:5)","timestamp":"2026-05-14 01:0136","url":"/sales/114","userId":2}
{"level":"error","message":"Error: Sale not found","method":"GET","stack":"Error: Sale not found\n    at show (/home/ecz/Folder/Programming/Backend/pdvProject/src/controller/saleController.js:77:23)\n    at process.processTicksAndRejections (node:internal/process/task_queues:104:5)","timestamp":"2026-05-14 01:0149","url":"/sales/114","userId":2}
{"level":"error","message":"Error: Sale not found","method":"GET","stack":"Error: Sale not found\n    at show (/home/ecz/Folder/Programming/Backend/pdvProject/src/controller/saleController.js:77:23)\n    at process.processTicksAndRejections (node:internal/process/task_queues:104:5)","timestamp":"2026-05-14 01:0439","url":"/sales/111","userId":2}
{"level":"error","message":"Error: Sale not found","method":"GET","stack":"Error: Sale not found\n    at show (/home/ecz/Folder/Programming/Backend/pdvProject/src/controller/saleController.js:77:23)\n    at process.processTicksAndRejections (node:internal/process/task_queues:104:5)","timestamp":"2026-05-14 01:0443","url":"/sales/109","userId":2}
{"level":"error","message":"Error: Sale not found","method":"GET","stack":"Error: Sale not found\n    at show (/home/ecz/Folder/Programming/Backend/pdvProject/src/controller/saleController.js:77:23)\n    at process.processTicksAndRejections (node:internal/process/task_queues:104:5)","timestamp":"2026-05-14 01:0447","url":"/sales/82","userId":2}
{"level":"error","message":"Error: Sale not found","method":"GET","stack":"Error: Sale not found\n    at show (/home/ecz/Folder/Programming/Backend/pdvProject/src/controller/saleController.js:77:23)\n    at process.processTicksAndRejections (node:internal/process/task_queues:104:5)","timestamp":"2026-05-14 01:0451","url":"/sales/81","userId":2}
{"level":"error","message":"Error: Sale not found","method":"GET","stack":"Error: Sale not found\n    at show (/home/ecz/Folder/Programming/Backend/pdvProject/src/controller/saleController.js:77:23)\n    at process.processTicksAndRejections (node:internal/process/task_queues:104:5)","timestamp":"2026-05-14 01:0458","url":"/sales/110","userId":2}
{"level":"error","message":"Error: Sale not found","method":"GET","stack":"Error: Sale not found\n    at show (/home/ecz/Folder/Programming/Backend/pdvProject/src/controller/saleController.js:77:23)\n    at process.processTicksAndRejections (node:internal/process/task_queues:104:5)","timestamp":"2026-05-14 01:0616","url":"/sales/114","userId":2}
{"level":"error","message":"Error: Sale not found","method":"GET","stack":"Error: Sale not found\n    at show (/home/ecz/Folder/Programming/Backend/pdvProject/src/controller/saleController.js:77:23)\n    at process.processTicksAndRejections (node:internal/process/task_queues:104:5)","timestamp":"2026-05-14 01:0909","url":"/sales/114","userId":2}
{"level":"error","message":"Error: Sale not found","method":"GET","stack":"Error: Sale not found\n    at show (/home/ecz/Folder/Programming/Backend/pdvProject/src/controller/saleController.js:77:23)\n    at process.processTicksAndRejections (node:internal/process/task_queues:104:5)","timestamp":"2026-05-14 01:0933","url":"/sales/114","userId":2}
{"level":"error","message":"Error: Sale not found","method":"GET","stack":"Error: Sale not found\n    at show (/home/ecz/Folder/Programming/Backend/pdvProject/src/controller/saleController.js:77:23)\n    at process.processTicksAndRejections (node:internal/process/task_queues:104:5)","timestamp":"2026-05-14 01:1008","url":"/sales/114","userId":2}
{"level":"error","message":"SequelizeDatabaseError: new row for relation \"stock\" violates check constraint \"check_qty_non_negative\"","method":"POST","stack":"Error\n    at Query.run (/home/ecz/Folder/Programming/Backend/pdvProject/node_modules/sequelize/lib/dialects/postgres/query.js:50:25)\n    at /home/ecz/Folder/Programming/Backend/pdvProject/node_modules/sequelize/lib/sequelize.js:315:28\n    at process.processTicksAndRejections (node:internal/process/task_queues:104:5)\n    at async PostgresQueryInterface.decrement (/home/ecz/Folder/Programming/Backend/pdvProject/node_modules/sequelize/lib/dialects/abstract/query-interface.js:421:12)\n    at async Stock.increment (/home/ecz/Folder/Programming/Backend/pdvProject/node_modules/sequelize/lib/model.js:2113:22)\n    at async /home/ecz/Folder/Programming/Backend/pdvProject/src/service/SaleService.js:65:17\n    at async /home/ecz/Folder/Programming/Backend/pdvProject/node_modules/sequelize/lib/sequelize.js:507:18\n    at async SaleService.createSale (/home/ecz/Folder/Programming/Backend/pdvProject/src/service/SaleService.js:29:24)\n    at async createSale (/home/ecz/Folder/Programming/Backend/pdvProject/src/controller/saleController.js:18:32)","timestamp":"2026-05-14 01:2149","url":"/sales","userId":2}
{"level":"info","message":"Middleware initialized","timestamp":"2026-05-14 01:4306"}
{"level":"info","message":"Middleware initialized","timestamp":"2026-05-14 01:4309"}
{"level":"info","message":"Middleware initialized","timestamp":"2026-05-14 01:4310"}
{"level":"info","message":"Middleware initialized","timestamp":"2026-05-14 01:4335"}
{"level":"info","message":"Middleware initialized","timestamp":"2026-05-14 01:4336"}
{"level":"info","message":"Middleware initialized","timestamp":"2026-05-14 01:4354"}
{"level":"info","message":"Middleware initialized","timestamp":"2026-05-14 01:4357"}
{"level":"info","message":"Middleware initialized","timestamp":"2026-05-14 01:4400"}
{"level":"info","message":"Middleware initialized","timestamp":"2026-05-14 07:4525"}
{"level":"error","message":"Error: There is not opened shift currently","method":"GET","stack":"Error: There is not opened shift currently\n    at CashierService.getOpenedShift (/home/ecz/Folder/Programming/Backend/pdvProject/src/service/CashierService.js:308:31)\n    at process.processTicksAndRejections (node:internal/process/task_queues:104:5)\n    at async getOpenedShift (/home/ecz/Folder/Programming/Backend/pdvProject/src/controller/cashierController.js:191:27)","timestamp":"2026-05-14 07:4539","url":"/cashier/active","userId":2}
{"level":"error","message":"Error: There is not opened shift currently","method":"GET","stack":"Error: There is not opened shift currently\n    at CashierService.getOpenedShift (/home/ecz/Folder/Programming/Backend/pdvProject/src/service/CashierService.js:308:31)\n    at process.processTicksAndRejections (node:internal/process/task_queues:104:5)\n    at async getOpenedShift (/home/ecz/Folder/Programming/Backend/pdvProject/src/controller/cashierController.js:191:27)","timestamp":"2026-05-14 08:5700","url":"/cashier/active","userId":2}
{"level":"error","message":"Error: There is not opened shift currently","method":"GET","stack":"Error: There is not opened shift currently\n    at CashierService.getOpenedShift (/home/ecz/Folder/Programming/Backend/pdvProject/src/service/CashierService.js:308:31)\n    at process.processTicksAndRejections (node:internal/process/task_queues:104:5)\n    at async getOpenedShift (/home/ecz/Folder/Programming/Backend/pdvProject/src/controller/cashierController.js:191:27)","timestamp":"2026-05-14 08:5821","url":"/cashier/active","userId":2}
{"level":"error","message":"Error: Given id does not match type","method":"GET","stack":"Error: Given id does not match type\n    at cashierHistory (/home/ecz/Folder/Programming/Backend/pdvProject/src/controller/cashierController.js:175:23)\n    at Layer.handleRequest (/home/ecz/Folder/Programming/Backend/pdvProject/node_modules/router/lib/layer.js:152:17)\n    at next (/home/ecz/Folder/Programming/Backend/pdvProject/node_modules/router/lib/route.js:157:13)\n    at loginRequired (/home/ecz/Folder/Programming/Backend/pdvProject/src/middlewares/loginRequired.js:20:16)\n    at Layer.handleRequest (/home/ecz/Folder/Programming/Backend/pdvProject/node_modules/router/lib/layer.js:152:17)\n    at next (/home/ecz/Folder/Programming/Backend/pdvProject/node_modules/router/lib/route.js:157:13)\n    at Route.dispatch (/home/ecz/Folder/Programming/Backend/pdvProject/node_modules/router/lib/route.js:117:3)\n    at handle (/home/ecz/Folder/Programming/Backend/pdvProject/node_modules/router/index.js:435:11)\n    at Layer.handleRequest (/home/ecz/Folder/Programming/Backend/pdvProject/node_modules/router/lib/layer.js:152:17)\n    at /home/ecz/Folder/Programming/Backend/pdvProject/node_modules/router/index.js:295:15","timestamp":"2026-05-14 13:2150","url":"/cashier/null/transactions","userId":2}
{"level":"error","message":"Error: Given id does not match type","method":"GET","stack":"Error: Given id does not match type\n    at cashierHistory (/home/ecz/Folder/Programming/Backend/pdvProject/src/controller/cashierController.js:175:23)\n    at Layer.handleRequest (/home/ecz/Folder/Programming/Backend/pdvProject/node_modules/router/lib/layer.js:152:17)\n    at next (/home/ecz/Folder/Programming/Backend/pdvProject/node_modules/router/lib/route.js:157:13)\n    at loginRequired (/home/ecz/Folder/Programming/Backend/pdvProject/src/middlewares/loginRequired.js:20:16)\n    at Layer.handleRequest (/home/ecz/Folder/Programming/Backend/pdvProject/node_modules/router/lib/layer.js:152:17)\n    at next (/home/ecz/Folder/Programming/Backend/pdvProject/node_modules/router/lib/route.js:157:13)\n    at Route.dispatch (/home/ecz/Folder/Programming/Backend/pdvProject/node_modules/router/lib/route.js:117:3)\n    at handle (/home/ecz/Folder/Programming/Backend/pdvProject/node_modules/router/index.js:435:11)\n    at Layer.handleRequest (/home/ecz/Folder/Programming/Backend/pdvProject/node_modules/router/lib/layer.js:152:17)\n    at /home/ecz/Folder/Programming/Backend/pdvProject/node_modules/router/index.js:295:15","timestamp":"2026-05-14 13:2200","url":"/cashier/null/transactions","userId":2}
{"level":"error","message":"Error: Given id does not match type","method":"GET","stack":"Error: Given id does not match type\n    at cashierHistory (/home/ecz/Folder/Programming/Backend/pdvProject/src/controller/cashierController.js:175:23)\n    at Layer.handleRequest (/home/ecz/Folder/Programming/Backend/pdvProject/node_modules/router/lib/layer.js:152:17)\n    at next (/home/ecz/Folder/Programming/Backend/pdvProject/node_modules/router/lib/route.js:157:13)\n    at loginRequired (/home/ecz/Folder/Programming/Backend/pdvProject/src/middlewares/loginRequired.js:20:16)\n    at Layer.handleRequest (/home/ecz/Folder/Programming/Backend/pdvProject/node_modules/router/lib/layer.js:152:17)\n    at next (/home/ecz/Folder/Programming/Backend/pdvProject/node_modules/router/lib/route.js:157:13)\n    at Route.dispatch (/home/ecz/Folder/Programming/Backend/pdvProject/node_modules/router/lib/route.js:117:3)\n    at handle (/home/ecz/Folder/Programming/Backend/pdvProject/node_modules/router/index.js:435:11)\n    at Layer.handleRequest (/home/ecz/Folder/Programming/Backend/pdvProject/node_modules/router/lib/layer.js:152:17)\n    at /home/ecz/Folder/Programming/Backend/pdvProject/node_modules/router/index.js:295:15","timestamp":"2026-05-14 13:2203","url":"/cashier/null/transactions","userId":2}
{"level":"error","message":"Error: There is not opened shift currently","method":"GET","stack":"Error: There is not opened shift currently\n    at CashierService.getOpenedShift (/home/ecz/Folder/Programming/Backend/pdvProject/src/service/CashierService.js:308:31)\n    at process.processTicksAndRejections (node:internal/process/task_queues:104:5)\n    at async getOpenedShift (/home/ecz/Folder/Programming/Backend/pdvProject/src/controller/cashierController.js:191:27)","timestamp":"2026-05-14 13:2203","url":"/cashier/active","userId":2}
{"level":"error","message":"Error: Given id does not match type","method":"GET","stack":"Error: Given id does not match type\n    at cashierHistory (/home/ecz/Folder/Programming/Backend/pdvProject/src/controller/cashierController.js:175:23)\n    at Layer.handleRequest (/home/ecz/Folder/Programming/Backend/pdvProject/node_modules/router/lib/layer.js:152:17)\n    at next (/home/ecz/Folder/Programming/Backend/pdvProject/node_modules/router/lib/route.js:157:13)\n    at loginRequired (/home/ecz/Folder/Programming/Backend/pdvProject/src/middlewares/loginRequired.js:20:16)\n    at Layer.handleRequest (/home/ecz/Folder/Programming/Backend/pdvProject/node_modules/router/lib/layer.js:152:17)\n    at next (/home/ecz/Folder/Programming/Backend/pdvProject/node_modules/router/lib/route.js:157:13)\n    at Route.dispatch (/home/ecz/Folder/Programming/Backend/pdvProject/node_modules/router/lib/route.js:117:3)\n    at handle (/home/ecz/Folder/Programming/Backend/pdvProject/node_modules/router/index.js:435:11)\n    at Layer.handleRequest (/home/ecz/Folder/Programming/Backend/pdvProject/node_modules/router/lib/layer.js:152:17)\n    at /home/ecz/Folder/Programming/Backend/pdvProject/node_modules/router/index.js:295:15","timestamp":"2026-05-14 13:2214","url":"/cashier/null/transactions","userId":2}
{"level":"error","message":"Error: There is not opened shift currently","method":"GET","stack":"Error: There is not opened shift currently\n    at CashierService.getOpenedShift (/home/ecz/Folder/Programming/Backend/pdvProject/src/service/CashierService.js:308:31)\n    at process.processTicksAndRejections (node:internal/process/task_queues:104:5)\n    at async getOpenedShift (/home/ecz/Folder/Programming/Backend/pdvProject/src/controller/cashierController.js:191:27)","timestamp":"2026-05-14 13:2214","url":"/cashier/active","userId":2}
{"level":"error","message":"Error: Given id does not match type","method":"GET","stack":"Error: Given id does not match type\n    at cashierHistory (/home/ecz/Folder/Programming/Backend/pdvProject/src/controller/cashierController.js:175:23)\n    at Layer.handleRequest (/home/ecz/Folder/Programming/Backend/pdvProject/node_modules/router/lib/layer.js:152:17)\n    at next (/home/ecz/Folder/Programming/Backend/pdvProject/node_modules/router/lib/route.js:157:13)\n    at loginRequired (/home/ecz/Folder/Programming/Backend/pdvProject/src/middlewares/loginRequired.js:20:16)\n    at Layer.handleRequest (/home/ecz/Folder/Programming/Backend/pdvProject/node_modules/router/lib/layer.js:152:17)\n    at next (/home/ecz/Folder/Programming/Backend/pdvProject/node_modules/router/lib/route.js:157:13)\n    at Route.dispatch (/home/ecz/Folder/Programming/Backend/pdvProject/node_modules/router/lib/route.js:117:3)\n    at handle (/home/ecz/Folder/Programming/Backend/pdvProject/node_modules/router/index.js:435:11)\n    at Layer.handleRequest (/home/ecz/Folder/Programming/Backend/pdvProject/node_modules/router/lib/layer.js:152:17)\n    at /home/ecz/Folder/Programming/Backend/pdvProject/node_modules/router/index.js:295:15","timestamp":"2026-05-14 13:2219","url":"/cashier/null/transactions","userId":2}
{"level":"error","message":"Error: Given id does not match type","method":"GET","stack":"Error: Given id does not match type\n    at cashierHistory (/home/ecz/Folder/Programming/Backend/pdvProject/src/controller/cashierController.js:175:23)\n    at Layer.handleRequest (/home/ecz/Folder/Programming/Backend/pdvProject/node_modules/router/lib/layer.js:152:17)\n    at next (/home/ecz/Folder/Programming/Backend/pdvProject/node_modules/router/lib/route.js:157:13)\n    at loginRequired (/home/ecz/Folder/Programming/Backend/pdvProject/src/middlewares/loginRequired.js:20:16)\n    at Layer.handleRequest (/home/ecz/Folder/Programming/Backend/pdvProject/node_modules/router/lib/layer.js:152:17)\n    at next (/home/ecz/Folder/Programming/Backend/pdvProject/node_modules/router/lib/route.js:157:13)\n    at Route.dispatch (/home/ecz/Folder/Programming/Backend/pdvProject/node_modules/router/lib/route.js:117:3)\n    at handle (/home/ecz/Folder/Programming/Backend/pdvProject/node_modules/router/index.js:435:11)\n    at Layer.handleRequest (/home/ecz/Folder/Programming/Backend/pdvProject/node_modules/router/lib/layer.js:152:17)\n    at /home/ecz/Folder/Programming/Backend/pdvProject/node_modules/router/index.js:295:15","timestamp":"2026-05-14 13:2251","url":"/cashier/null/transactions","userId":2}
{"level":"error","message":"Error: Given id does not match type","method":"GET","stack":"Error: Given id does not match type\n    at cashierHistory (/home/ecz/Folder/Programming/Backend/pdvProject/src/controller/cashierController.js:175:23)\n    at Layer.handleRequest (/home/ecz/Folder/Programming/Backend/pdvProject/node_modules/router/lib/layer.js:152:17)\n    at next (/home/ecz/Folder/Programming/Backend/pdvProject/node_modules/router/lib/route.js:157:13)\n    at loginRequired (/home/ecz/Folder/Programming/Backend/pdvProject/src/middlewares/loginRequired.js:20:16)\n    at Layer.handleRequest (/home/ecz/Folder/Programming/Backend/pdvProject/node_modules/router/lib/layer.js:152:17)\n    at next (/home/ecz/Folder/Programming/Backend/pdvProject/node_modules/router/lib/route.js:157:13)\n    at Route.dispatch (/home/ecz/Folder/Programming/Backend/pdvProject/node_modules/router/lib/route.js:117:3)\n    at handle (/home/ecz/Folder/Programming/Backend/pdvProject/node_modules/router/index.js:435:11)\n    at Layer.handleRequest (/home/ecz/Folder/Programming/Backend/pdvProject/node_modules/router/lib/layer.js:152:17)\n    at /home/ecz/Folder/Programming/Backend/pdvProject/node_modules/router/index.js:295:15","timestamp":"2026-05-14 13:2304","url":"/cashier/null/transactions","userId":2}
{"level":"error","message":"Error: Given id does not match type","method":"GET","stack":"Error: Given id does not match type\n    at cashierHistory (/home/ecz/Folder/Programming/Backend/pdvProject/src/controller/cashierController.js:175:23)\n    at Layer.handleRequest (/home/ecz/Folder/Programming/Backend/pdvProject/node_modules/router/lib/layer.js:152:17)\n    at next (/home/ecz/Folder/Programming/Backend/pdvProject/node_modules/router/lib/route.js:157:13)\n    at loginRequired (/home/ecz/Folder/Programming/Backend/pdvProject/src/middlewares/loginRequired.js:20:16)\n    at Layer.handleRequest (/home/ecz/Folder/Programming/Backend/pdvProject/node_modules/router/lib/layer.js:152:17)\n    at next (/home/ecz/Folder/Programming/Backend/pdvProject/node_modules/router/lib/route.js:157:13)\n    at Route.dispatch (/home/ecz/Folder/Programming/Backend/pdvProject/node_modules/router/lib/route.js:117:3)\n    at handle (/home/ecz/Folder/Programming/Backend/pdvProject/node_modules/router/index.js:435:11)\n    at Layer.handleRequest (/home/ecz/Folder/Programming/Backend/pdvProject/node_modules/router/lib/layer.js:152:17)\n    at /home/ecz/Folder/Programming/Backend/pdvProject/node_modules/router/index.js:295:15","timestamp":"2026-05-14 13:2311","url":"/cashier/null/transactions","userId":2}
{"level":"error","message":"Error: Given id does not match type","method":"GET","stack":"Error: Given id does not match type\n    at cashierHistory (/home/ecz/Folder/Programming/Backend/pdvProject/src/controller/cashierController.js:175:23)\n    at Layer.handleRequest (/home/ecz/Folder/Programming/Backend/pdvProject/node_modules/router/lib/layer.js:152:17)\n    at next (/home/ecz/Folder/Programming/Backend/pdvProject/node_modules/router/lib/route.js:157:13)\n    at loginRequired (/home/ecz/Folder/Programming/Backend/pdvProject/src/middlewares/loginRequired.js:20:16)\n    at Layer.handleRequest (/home/ecz/Folder/Programming/Backend/pdvProject/node_modules/router/lib/layer.js:152:17)\n    at next (/home/ecz/Folder/Programming/Backend/pdvProject/node_modules/router/lib/route.js:157:13)\n    at Route.dispatch (/home/ecz/Folder/Programming/Backend/pdvProject/node_modules/router/lib/route.js:117:3)\n    at handle (/home/ecz/Folder/Programming/Backend/pdvProject/node_modules/router/index.js:435:11)\n    at Layer.handleRequest (/home/ecz/Folder/Programming/Backend/pdvProject/node_modules/router/lib/layer.js:152:17)\n    at /home/ecz/Folder/Programming/Backend/pdvProject/node_modules/router/index.js:295:15","timestamp":"2026-05-14 13:2358","url":"/cashier/null/transactions","userId":2}
{"level":"error","message":"Error: There is not opened shift currently","method":"GET","stack":"Error: There is not opened shift currently\n    at CashierService.getOpenedShift (/home/ecz/Folder/Programming/Backend/pdvProject/src/service/CashierService.js:308:31)\n    at process.processTicksAndRejections (node:internal/process/task_queues:104:5)\n    at async getOpenedShift (/home/ecz/Folder/Programming/Backend/pdvProject/src/controller/cashierController.js:191:27)","timestamp":"2026-05-14 13:3318","url":"/cashier/active","userId":2}
{"level":"error","message":"Error: Both initial date and end date must be provided","method":"GET","stack":"Error: Both initial date and end date must be provided\n    at filterByDate (/home/ecz/Folder/Programming/Backend/pdvProject/src/controller/cashierController.js:132:23)\n    at Layer.handleRequest (/home/ecz/Folder/Programming/Backend/pdvProject/node_modules/router/lib/layer.js:152:17)\n    at next (/home/ecz/Folder/Programming/Backend/pdvProject/node_modules/router/lib/route.js:157:13)\n    at loginRequired (/home/ecz/Folder/Programming/Backend/pdvProject/src/middlewares/loginRequired.js:20:16)\n    at Layer.handleRequest (/home/ecz/Folder/Programming/Backend/pdvProject/node_modules/router/lib/layer.js:152:17)\n    at next (/home/ecz/Folder/Programming/Backend/pdvProject/node_modules/router/lib/route.js:157:13)\n    at Route.dispatch (/home/ecz/Folder/Programming/Backend/pdvProject/node_modules/router/lib/route.js:117:3)\n    at handle (/home/ecz/Folder/Programming/Backend/pdvProject/node_modules/router/index.js:435:11)\n    at Layer.handleRequest (/home/ecz/Folder/Programming/Backend/pdvProject/node_modules/router/lib/layer.js:152:17)\n    at /home/ecz/Folder/Programming/Backend/pdvProject/node_modules/router/index.js:295:15","timestamp":"2026-05-14 13:3721","url":"/cashier?initalDate=2026-05-13&endDate=2026-05-14","userId":2}
{"level":"error","message":"Error: There is not opened shift currently","method":"GET","stack":"Error: There is not opened shift currently\n    at CashierService.getOpenedShift (/home/ecz/Folder/Programming/Backend/pdvProject/src/service/CashierService.js:308:31)\n    at process.processTicksAndRejections (node:internal/process/task_queues:104:5)\n    at async getOpenedShift (/home/ecz/Folder/Programming/Backend/pdvProject/src/controller/cashierController.js:191:27)","timestamp":"2026-05-14 13:4127","url":"/cashier/active","userId":2}
{"level":"error","message":"Error: There is not opened shift currently","method":"GET","stack":"Error: There is not opened shift currently\n    at CashierService.getOpenedShift (/home/ecz/Folder/Programming/Backend/pdvProject/src/service/CashierService.js:308:31)\n    at process.processTicksAndRejections (node:internal/process/task_queues:104:5)\n    at async getOpenedShift (/home/ecz/Folder/Programming/Backend/pdvProject/src/controller/cashierController.js:191:27)","timestamp":"2026-05-14 13:4134","url":"/cashier/active","userId":2}
{"level":"error","message":"Error: There is not opened shift currently","method":"GET","stack":"Error: There is not opened shift currently\n    at CashierService.getOpenedShift (/home/ecz/Folder/Programming/Backend/pdvProject/src/service/CashierService.js:308:31)\n    at process.processTicksAndRejections (node:internal/process/task_queues:104:5)\n    at async getOpenedShift (/home/ecz/Folder/Programming/Backend/pdvProject/src/controller/cashierController.js:191:27)","timestamp":"2026-05-14 13:4239","url":"/cashier/active","userId":2}
{"level":"error","message":"Error: There is not opened shift currently","method":"GET","stack":"Error: There is not opened shift currently\n    at CashierService.getOpenedShift (/home/ecz/Folder/Programming/Backend/pdvProject/src/service/CashierService.js:308:31)\n    at process.processTicksAndRejections (node:internal/process/task_queues:104:5)\n    at async getOpenedShift (/home/ecz/Folder/Programming/Backend/pdvProject/src/controller/cashierController.js:191:27)","timestamp":"2026-05-14 13:4245","url":"/cashier/active","userId":2}
{"level":"error","message":"Error: There is not opened shift currently","method":"GET","stack":"Error: There is not opened shift currently\n    at CashierService.getOpenedShift (/home/ecz/Folder/Programming/Backend/pdvProject/src/service/CashierService.js:308:31)\n    at process.processTicksAndRejections (node:internal/process/task_queues:104:5)\n    at async getOpenedShift (/home/ecz/Folder/Programming/Backend/pdvProject/src/controller/cashierController.js:191:27)","timestamp":"2026-05-14 15:3204","url":"/cashier/active","userId":2}
{"level":"error","message":"Error: There is not opened shift currently","method":"GET","stack":"Error: There is not opened shift currently\n    at CashierService.getOpenedShift (/home/ecz/Folder/Programming/Backend/pdvProject/src/service/CashierService.js:308:31)\n    at process.processTicksAndRejections (node:internal/process/task_queues:104:5)\n    at async getOpenedShift (/home/ecz/Folder/Programming/Backend/pdvProject/src/controller/cashierController.js:191:27)","timestamp":"2026-05-14 15:3245","url":"/cashier/active","userId":2}
{"level":"error","message":"Error: There is not opened shift currently","method":"GET","stack":"Error: There is not opened shift currently\n    at CashierService.getOpenedShift (/home/ecz/Folder/Programming/Backend/pdvProject/src/service/CashierService.js:308:31)\n    at process.processTicksAndRejections (node:internal/process/task_queues:104:5)\n    at async getOpenedShift (/home/ecz/Folder/Programming/Backend/pdvProject/src/controller/cashierController.js:191:27)","timestamp":"2026-05-14 15:3908","url":"/cashier/active","userId":2}
{"level":"error","message":"Error: There is not opened shift currently","method":"GET","stack":"Error: There is not opened shift currently\n    at CashierService.getOpenedShift (/home/ecz/Folder/Programming/Backend/pdvProject/src/service/CashierService.js:308:31)\n    at process.processTicksAndRejections (node:internal/process/task_queues:104:5)\n    at async getOpenedShift (/home/ecz/Folder/Programming/Backend/pdvProject/src/controller/cashierController.js:191:27)","timestamp":"2026-05-14 15:3918","url":"/cashier/active","userId":2}
{"level":"error","message":"Error: There is not opened shift currently","method":"GET","stack":"Error: There is not opened shift currently\n    at CashierService.getOpenedShift (/home/ecz/Folder/Programming/Backend/pdvProject/src/service/CashierService.js:308:31)\n    at process.processTicksAndRejections (node:internal/process/task_queues:104:5)\n    at async getOpenedShift (/home/ecz/Folder/Programming/Backend/pdvProject/src/controller/cashierController.js:191:27)","timestamp":"2026-05-14 15:4125","url":"/cashier/active","userId":2}
{"level":"error","message":"SequelizeDatabaseError: column \"nan\" does not exist","method":"GET","stack":"Error\n    at Query.run (/home/ecz/Folder/Programming/Backend/pdvProject/node_modules/sequelize/lib/dialects/postgres/query.js:50:25)\n    at /home/ecz/Folder/Programming/Backend/pdvProject/node_modules/sequelize/lib/sequelize.js:315:28\n    at process.processTicksAndRejections (node:internal/process/task_queues:104:5)\n    at async PostgresQueryInterface.select (/home/ecz/Folder/Programming/Backend/pdvProject/node_modules/sequelize/lib/dialects/abstract/query-interface.js:407:12)\n    at async Shift.findAll (/home/ecz/Folder/Programming/Backend/pdvProject/node_modules/sequelize/lib/model.js:1140:21)\n    at async Shift.findOne (/home/ecz/Folder/Programming/Backend/pdvProject/node_modules/sequelize/lib/model.js:1240:12)\n    at async CashierService.getShift (/home/ecz/Folder/Programming/Backend/pdvProject/src/service/CashierService.js:173:27)\n    at async getShift (/home/ecz/Folder/Programming/Backend/pdvProject/src/controller/cashierController.js:116:27)","timestamp":"2026-05-14 15:5557","url":"/cashier/null","userId":2}
{"level":"error","message":"Error: Given id does not match type","method":"GET","stack":"Error: Given id does not match type\n    at cashierHistory (/home/ecz/Folder/Programming/Backend/pdvProject/src/controller/cashierController.js:175:23)\n    at Layer.handleRequest (/home/ecz/Folder/Programming/Backend/pdvProject/node_modules/router/lib/layer.js:152:17)\n    at next (/home/ecz/Folder/Programming/Backend/pdvProject/node_modules/router/lib/route.js:157:13)\n    at loginRequired (/home/ecz/Folder/Programming/Backend/pdvProject/src/middlewares/loginRequired.js:20:16)\n    at Layer.handleRequest (/home/ecz/Folder/Programming/Backend/pdvProject/node_modules/router/lib/layer.js:152:17)\n    at next (/home/ecz/Folder/Programming/Backend/pdvProject/node_modules/router/lib/route.js:157:13)\n    at Route.dispatch (/home/ecz/Folder/Programming/Backend/pdvProject/node_modules/router/lib/route.js:117:3)\n    at handle (/home/ecz/Folder/Programming/Backend/pdvProject/node_modules/router/index.js:435:11)\n    at Layer.handleRequest (/home/ecz/Folder/Programming/Backend/pdvProject/node_modules/router/lib/layer.js:152:17)\n    at /home/ecz/Folder/Programming/Backend/pdvProject/node_modules/router/index.js:295:15","timestamp":"2026-05-14 15:5557","url":"/cashier/null/transactions","userId":2}
{"level":"error","message":"SequelizeDatabaseError: invalid input syntax for type integer: \"null\"","method":"GET","stack":"Error\n    at Query.run (/home/ecz/Folder/Programming/Backend/pdvProject/node_modules/sequelize/lib/dialects/postgres/query.js:50:25)\n    at /home/ecz/Folder/Programming/Backend/pdvProject/node_modules/sequelize/lib/sequelize.js:315:28\n    at process.processTicksAndRejections (node:internal/process/task_queues:104:5)\n    at async PostgresQueryInterface.select (/home/ecz/Folder/Programming/Backend/pdvProject/node_modules/sequelize/lib/dialects/abstract/query-interface.js:407:12)\n    at async ShiftTransaction.findAll (/home/ecz/Folder/Programming/Backend/pdvProject/node_modules/sequelize/lib/model.js:1140:21)\n    at async CashierService.currentBalance (/home/ecz/Folder/Programming/Backend/pdvProject/src/service/CashierService.js:218:30)\n    at async currentBalances (/home/ecz/Folder/Programming/Backend/pdvProject/src/controller/cashierController.js:151:30)","timestamp":"2026-05-14 15:5557","url":"/cashier/null/balances/","userId":2}
{"level":"error","message":"Error: There is not opened shift currently","method":"GET","stack":"Error: There is not opened shift currently\n    at CashierService.getOpenedShift (/home/ecz/Folder/Programming/Backend/pdvProject/src/service/CashierService.js:308:31)\n    at process.processTicksAndRejections (node:internal/process/task_queues:104:5)\n    at async getOpenedShift (/home/ecz/Folder/Programming/Backend/pdvProject/src/controller/cashierController.js:191:27)","timestamp":"2026-05-14 16:0325","url":"/cashier/active","userId":2}
{"level":"info","message":"Middleware initialized","timestamp":"2026-05-15 08:3137"}
{"level":"error","message":"Error: There is not opened shift currently","method":"GET","stack":"Error: There is not opened shift currently\n    at CashierService.getOpenedShift (/home/ecz/Folder/Programming/Backend/pdvProject/src/service/CashierService.js:310:31)\n    at process.processTicksAndRejections (node:internal/process/task_queues:104:5)\n    at async getOpenedShift (/home/ecz/Folder/Programming/Backend/pdvProject/src/controller/cashierController.js:191:27)","timestamp":"2026-05-15 08:3211","url":"/cashier/active","userId":2}
{"level":"error","message":"SequelizeDatabaseError: column \"shiftId\" does not exist","method":"GET","stack":"Error\n    at Query.run (/home/ecz/Folder/Programming/Backend/pdvProject/node_modules/sequelize/lib/dialects/postgres/query.js:50:25)\n    at /home/ecz/Folder/Programming/Backend/pdvProject/node_modules/sequelize/lib/sequelize.js:315:28\n    at process.processTicksAndRejections (node:internal/process/task_queues:104:5)\n    at async PostgresQueryInterface.select (/home/ecz/Folder/Programming/Backend/pdvProject/node_modules/sequelize/lib/dialects/abstract/query-interface.js:407:12)\n    at async Shift.findAll (/home/ecz/Folder/Programming/Backend/pdvProject/node_modules/sequelize/lib/model.js:1140:21)\n    at async CashierService.filterByDate (/home/ecz/Folder/Programming/Backend/pdvProject/src/service/CashierService.js:189:28)\n    at async filterByDate (/home/ecz/Folder/Programming/Backend/pdvProject/src/controller/cashierController.js:134:28)","timestamp":"2026-05-15 08:3231","url":"/cashier?initialDate=2026-05-01&endDate=2026-05-15","userId":2}
{"level":"error","message":"SequelizeDatabaseError: column \"shiftId\" does not exist","method":"GET","stack":"Error\n    at Query.run (/home/ecz/Folder/Programming/Backend/pdvProject/node_modules/sequelize/lib/dialects/postgres/query.js:50:25)\n    at /home/ecz/Folder/Programming/Backend/pdvProject/node_modules/sequelize/lib/sequelize.js:315:28\n    at process.processTicksAndRejections (node:internal/process/task_queues:104:5)\n    at async PostgresQueryInterface.select (/home/ecz/Folder/Programming/Backend/pdvProject/node_modules/sequelize/lib/dialects/abstract/query-interface.js:407:12)\n    at async Shift.findAll (/home/ecz/Folder/Programming/Backend/pdvProject/node_modules/sequelize/lib/model.js:1140:21)\n    at async CashierService.filterByDate (/home/ecz/Folder/Programming/Backend/pdvProject/src/service/CashierService.js:189:28)\n    at async filterByDate (/home/ecz/Folder/Programming/Backend/pdvProject/src/controller/cashierController.js:134:28)","timestamp":"2026-05-15 08:3404","url":"/cashier?initialDate=2026-05-01&endDate=2026-05-15","userId":2}
{"level":"info","message":"Middleware initialized","timestamp":"2026-05-15 08:3519"}
{"level":"error","message":"Error: There is not opened shift currently","method":"GET","stack":"Error: There is not opened shift currently\n    at CashierService.getOpenedShift (/home/ecz/Folder/Programming/Backend/pdvProject/src/service/CashierService.js:310:31)\n    at process.processTicksAndRejections (node:internal/process/task_queues:104:5)\n    at async getOpenedShift (/home/ecz/Folder/Programming/Backend/pdvProject/src/controller/cashierController.js:191:27)","timestamp":"2026-05-15 08:3901","url":"/cashier/active","userId":2}
{"level":"error","message":"Error: There is not opened shift currently","method":"GET","stack":"Error: There is not opened shift currently\n    at CashierService.getOpenedShift (/home/ecz/Folder/Programming/Backend/pdvProject/src/service/CashierService.js:310:31)\n    at process.processTicksAndRejections (node:internal/process/task_queues:104:5)\n    at async getOpenedShift (/home/ecz/Folder/Programming/Backend/pdvProject/src/controller/cashierController.js:191:27)","timestamp":"2026-05-15 08:3921","url":"/cashier/active","userId":2}
{"level":"error","message":"Error: There is not opened shift currently","method":"GET","stack":"Error: There is not opened shift currently\n    at CashierService.getOpenedShift (/home/ecz/Folder/Programming/Backend/pdvProject/src/service/CashierService.js:310:31)\n    at process.processTicksAndRejections (node:internal/process/task_queues:104:5)\n    at async getOpenedShift (/home/ecz/Folder/Programming/Backend/pdvProject/src/controller/cashierController.js:191:27)","timestamp":"2026-05-15 08:4241","url":"/cashier/active","userId":2}
{"level":"error","message":"Error: There is not opened shift currently","method":"GET","stack":"Error: There is not opened shift currently\n    at CashierService.getOpenedShift (/home/ecz/Folder/Programming/Backend/pdvProject/src/service/CashierService.js:310:31)\n    at process.processTicksAndRejections (node:internal/process/task_queues:104:5)\n    at async getOpenedShift (/home/ecz/Folder/Programming/Backend/pdvProject/src/controller/cashierController.js:191:27)","timestamp":"2026-05-15 08:4319","url":"/cashier/active","userId":2}
{"level":"error","message":"Error: There is not opened shift currently","method":"GET","stack":"Error: There is not opened shift currently\n    at CashierService.getOpenedShift (/home/ecz/Folder/Programming/Backend/pdvProject/src/service/CashierService.js:310:31)\n    at process.processTicksAndRejections (node:internal/process/task_queues:104:5)\n    at async getOpenedShift (/home/ecz/Folder/Programming/Backend/pdvProject/src/controller/cashierController.js:191:27)","timestamp":"2026-05-15 08:4326","url":"/cashier/active","userId":2}
{"level":"error","message":"Error: There is not opened shift currently","method":"GET","stack":"Error: There is not opened shift currently\n    at CashierService.getOpenedShift (/home/ecz/Folder/Programming/Backend/pdvProject/src/service/CashierService.js:310:31)\n    at process.processTicksAndRejections (node:internal/process/task_queues:104:5)\n    at async getOpenedShift (/home/ecz/Folder/Programming/Backend/pdvProject/src/controller/cashierController.js:191:27)","timestamp":"2026-05-15 08:4414","url":"/cashier/active","userId":2}
{"level":"error","message":"Error: There is not opened shift currently","method":"GET","stack":"Error: There is not opened shift currently\n    at CashierService.getOpenedShift (/home/ecz/Folder/Programming/Backend/pdvProject/src/service/CashierService.js:310:31)\n    at process.processTicksAndRejections (node:internal/process/task_queues:104:5)\n    at async getOpenedShift (/home/ecz/Folder/Programming/Backend/pdvProject/src/controller/cashierController.js:191:27)","timestamp":"2026-05-15 08:4447","url":"/cashier/active","userId":2}
{"level":"error","message":"SequelizeDatabaseError: column \"nan\" does not exist","method":"GET","stack":"Error\n    at Query.run (/home/ecz/Folder/Programming/Backend/pdvProject/node_modules/sequelize/lib/dialects/postgres/query.js:50:25)\n    at /home/ecz/Folder/Programming/Backend/pdvProject/node_modules/sequelize/lib/sequelize.js:315:28\n    at process.processTicksAndRejections (node:internal/process/task_queues:104:5)\n    at async PostgresQueryInterface.select (/home/ecz/Folder/Programming/Backend/pdvProject/node_modules/sequelize/lib/dialects/abstract/query-interface.js:407:12)\n    at async Shift.findAll (/home/ecz/Folder/Programming/Backend/pdvProject/node_modules/sequelize/lib/model.js:1140:21)\n    at async Shift.findOne (/home/ecz/Folder/Programming/Backend/pdvProject/node_modules/sequelize/lib/model.js:1240:12)\n    at async CashierService.getShift (/home/ecz/Folder/Programming/Backend/pdvProject/src/service/CashierService.js:173:27)\n    at async getShift (/home/ecz/Folder/Programming/Backend/pdvProject/src/controller/cashierController.js:116:27)","timestamp":"2026-05-15 08:4950","url":"/cashier/null","userId":2}
{"level":"error","message":"Error: Given id does not match type","method":"GET","stack":"Error: Given id does not match type\n    at cashierHistory (/home/ecz/Folder/Programming/Backend/pdvProject/src/controller/cashierController.js:175:23)\n    at Layer.handleRequest (/home/ecz/Folder/Programming/Backend/pdvProject/node_modules/router/lib/layer.js:152:17)\n    at next (/home/ecz/Folder/Programming/Backend/pdvProject/node_modules/router/lib/route.js:157:13)\n    at loginRequired (/home/ecz/Folder/Programming/Backend/pdvProject/src/middlewares/loginRequired.js:20:16)\n    at Layer.handleRequest (/home/ecz/Folder/Programming/Backend/pdvProject/node_modules/router/lib/layer.js:152:17)\n    at next (/home/ecz/Folder/Programming/Backend/pdvProject/node_modules/router/lib/route.js:157:13)\n    at Route.dispatch (/home/ecz/Folder/Programming/Backend/pdvProject/node_modules/router/lib/route.js:117:3)\n    at handle (/home/ecz/Folder/Programming/Backend/pdvProject/node_modules/router/index.js:435:11)\n    at Layer.handleRequest (/home/ecz/Folder/Programming/Backend/pdvProject/node_modules/router/lib/layer.js:152:17)\n    at /home/ecz/Folder/Programming/Backend/pdvProject/node_modules/router/index.js:295:15","timestamp":"2026-05-15 08:4950","url":"/cashier/null/transactions","userId":2}
{"level":"error","message":"SequelizeDatabaseError: invalid input syntax for type integer: \"null\"","method":"GET","stack":"Error\n    at Query.run (/home/ecz/Folder/Programming/Backend/pdvProject/node_modules/sequelize/lib/dialects/postgres/query.js:50:25)\n    at /home/ecz/Folder/Programming/Backend/pdvProject/node_modules/sequelize/lib/sequelize.js:315:28\n    at process.processTicksAndRejections (node:internal/process/task_queues:104:5)\n    at async PostgresQueryInterface.select (/home/ecz/Folder/Programming/Backend/pdvProject/node_modules/sequelize/lib/dialects/abstract/query-interface.js:407:12)\n    at async ShiftTransaction.findAll (/home/ecz/Folder/Programming/Backend/pdvProject/node_modules/sequelize/lib/model.js:1140:21)\n    at async CashierService.currentBalance (/home/ecz/Folder/Programming/Backend/pdvProject/src/service/CashierService.js:219:30)\n    at async currentBalances (/home/ecz/Folder/Programming/Backend/pdvProject/src/controller/cashierController.js:151:30)","timestamp":"2026-05-15 08:4950","url":"/cashier/null/balances/","userId":2}
{"level":"error","message":"Error: Given id does not match type","method":"GET","stack":"Error: Given id does not match type\n    at cashierHistory (/home/ecz/Folder/Programming/Backend/pdvProject/src/controller/cashierController.js:175:23)\n    at Layer.handleRequest (/home/ecz/Folder/Programming/Backend/pdvProject/node_modules/router/lib/layer.js:152:17)\n    at next (/home/ecz/Folder/Programming/Backend/pdvProject/node_modules/router/lib/route.js:157:13)\n    at loginRequired (/home/ecz/Folder/Programming/Backend/pdvProject/src/middlewares/loginRequired.js:20:16)\n    at Layer.handleRequest (/home/ecz/Folder/Programming/Backend/pdvProject/node_modules/router/lib/layer.js:152:17)\n    at next (/home/ecz/Folder/Programming/Backend/pdvProject/node_modules/router/lib/route.js:157:13)\n    at Route.dispatch (/home/ecz/Folder/Programming/Backend/pdvProject/node_modules/router/lib/route.js:117:3)\n    at handle (/home/ecz/Folder/Programming/Backend/pdvProject/node_modules/router/index.js:435:11)\n    at Layer.handleRequest (/home/ecz/Folder/Programming/Backend/pdvProject/node_modules/router/lib/layer.js:152:17)\n    at /home/ecz/Folder/Programming/Backend/pdvProject/node_modules/router/index.js:295:15","timestamp":"2026-05-15 08:5247","url":"/cashier/null/transactions","userId":2}
{"level":"error","message":"SequelizeDatabaseError: column \"nan\" does not exist","method":"GET","stack":"Error\n    at Query.run (/home/ecz/Folder/Programming/Backend/pdvProject/node_modules/sequelize/lib/dialects/postgres/query.js:50:25)\n    at /home/ecz/Folder/Programming/Backend/pdvProject/node_modules/sequelize/lib/sequelize.js:315:28\n    at process.processTicksAndRejections (node:internal/process/task_queues:104:5)\n    at async PostgresQueryInterface.select (/home/ecz/Folder/Programming/Backend/pdvProject/node_modules/sequelize/lib/dialects/abstract/query-interface.js:407:12)\n    at async Shift.findAll (/home/ecz/Folder/Programming/Backend/pdvProject/node_modules/sequelize/lib/model.js:1140:21)\n    at async Shift.findOne (/home/ecz/Folder/Programming/Backend/pdvProject/node_modules/sequelize/lib/model.js:1240:12)\n    at async CashierService.getShift (/home/ecz/Folder/Programming/Backend/pdvProject/src/service/CashierService.js:173:27)\n    at async getShift (/home/ecz/Folder/Programming/Backend/pdvProject/src/controller/cashierController.js:116:27)","timestamp":"2026-05-15 08:5248","url":"/cashier/null","userId":2}
{"level":"error","message":"SequelizeDatabaseError: invalid input syntax for type integer: \"null\"","method":"GET","stack":"Error\n    at Query.run (/home/ecz/Folder/Programming/Backend/pdvProject/node_modules/sequelize/lib/dialects/postgres/query.js:50:25)\n    at /home/ecz/Folder/Programming/Backend/pdvProject/node_modules/sequelize/lib/sequelize.js:315:28\n    at process.processTicksAndRejections (node:internal/process/task_queues:104:5)\n    at async PostgresQueryInterface.select (/home/ecz/Folder/Programming/Backend/pdvProject/node_modules/sequelize/lib/dialects/abstract/query-interface.js:407:12)\n    at async ShiftTransaction.findAll (/home/ecz/Folder/Programming/Backend/pdvProject/node_modules/sequelize/lib/model.js:1140:21)\n    at async CashierService.currentBalance (/home/ecz/Folder/Programming/Backend/pdvProject/src/service/CashierService.js:219:30)\n    at async currentBalances (/home/ecz/Folder/Programming/Backend/pdvProject/src/controller/cashierController.js:151:30)","timestamp":"2026-05-15 08:5248","url":"/cashier/null/balances/","userId":2}
{"level":"error","message":"SequelizeDatabaseError: column \"nan\" does not exist","method":"GET","stack":"Error\n    at Query.run (/home/ecz/Folder/Programming/Backend/pdvProject/node_modules/sequelize/lib/dialects/postgres/query.js:50:25)\n    at /home/ecz/Folder/Programming/Backend/pdvProject/node_modules/sequelize/lib/sequelize.js:315:28\n    at process.processTicksAndRejections (node:internal/process/task_queues:104:5)\n    at async PostgresQueryInterface.select (/home/ecz/Folder/Programming/Backend/pdvProject/node_modules/sequelize/lib/dialects/abstract/query-interface.js:407:12)\n    at async Shift.findAll (/home/ecz/Folder/Programming/Backend/pdvProject/node_modules/sequelize/lib/model.js:1140:21)\n    at async Shift.findOne (/home/ecz/Folder/Programming/Backend/pdvProject/node_modules/sequelize/lib/model.js:1240:12)\n    at async CashierService.getShift (/home/ecz/Folder/Programming/Backend/pdvProject/src/service/CashierService.js:173:27)\n    at async getShift (/home/ecz/Folder/Programming/Backend/pdvProject/src/controller/cashierController.js:116:27)","timestamp":"2026-05-15 08:5433","url":"/cashier/null","userId":2}
{"level":"error","message":"Error: Given id does not match type","method":"GET","stack":"Error: Given id does not match type\n    at cashierHistory (/home/ecz/Folder/Programming/Backend/pdvProject/src/controller/cashierController.js:175:23)\n    at Layer.handleRequest (/home/ecz/Folder/Programming/Backend/pdvProject/node_modules/router/lib/layer.js:152:17)\n    at next (/home/ecz/Folder/Programming/Backend/pdvProject/node_modules/router/lib/route.js:157:13)\n    at loginRequired (/home/ecz/Folder/Programming/Backend/pdvProject/src/middlewares/loginRequired.js:20:16)\n    at Layer.handleRequest (/home/ecz/Folder/Programming/Backend/pdvProject/node_modules/router/lib/layer.js:152:17)\n    at next (/home/ecz/Folder/Programming/Backend/pdvProject/node_modules/router/lib/route.js:157:13)\n    at Route.dispatch (/home/ecz/Folder/Programming/Backend/pdvProject/node_modules/router/lib/route.js:117:3)\n    at handle (/home/ecz/Folder/Programming/Backend/pdvProject/node_modules/router/index.js:435:11)\n    at Layer.handleRequest (/home/ecz/Folder/Programming/Backend/pdvProject/node_modules/router/lib/layer.js:152:17)\n    at /home/ecz/Folder/Programming/Backend/pdvProject/node_modules/router/index.js:295:15","timestamp":"2026-05-15 08:5433","url":"/cashier/null/transactions","userId":2}
{"level":"error","message":"SequelizeDatabaseError: invalid input syntax for type integer: \"null\"","method":"GET","stack":"Error\n    at Query.run (/home/ecz/Folder/Programming/Backend/pdvProject/node_modules/sequelize/lib/dialects/postgres/query.js:50:25)\n    at /home/ecz/Folder/Programming/Backend/pdvProject/node_modules/sequelize/lib/sequelize.js:315:28\n    at process.processTicksAndRejections (node:internal/process/task_queues:104:5)\n    at async PostgresQueryInterface.select (/home/ecz/Folder/Programming/Backend/pdvProject/node_modules/sequelize/lib/dialects/abstract/query-interface.js:407:12)\n    at async ShiftTransaction.findAll (/home/ecz/Folder/Programming/Backend/pdvProject/node_modules/sequelize/lib/model.js:1140:21)\n    at async CashierService.currentBalance (/home/ecz/Folder/Programming/Backend/pdvProject/src/service/CashierService.js:219:30)\n    at async currentBalances (/home/ecz/Folder/Programming/Backend/pdvProject/src/controller/cashierController.js:151:30)","timestamp":"2026-05-15 08:5433","url":"/cashier/null/balances/","userId":2}
{"level":"error","message":"Error: Given id does not match type","method":"GET","stack":"Error: Given id does not match type\n    at cashierHistory (/home/ecz/Folder/Programming/Backend/pdvProject/src/controller/cashierController.js:175:23)\n    at Layer.handleRequest (/home/ecz/Folder/Programming/Backend/pdvProject/node_modules/router/lib/layer.js:152:17)\n    at next (/home/ecz/Folder/Programming/Backend/pdvProject/node_modules/router/lib/route.js:157:13)\n    at loginRequired (/home/ecz/Folder/Programming/Backend/pdvProject/src/middlewares/loginRequired.js:20:16)\n    at Layer.handleRequest (/home/ecz/Folder/Programming/Backend/pdvProject/node_modules/router/lib/layer.js:152:17)\n    at next (/home/ecz/Folder/Programming/Backend/pdvProject/node_modules/router/lib/route.js:157:13)\n    at Route.dispatch (/home/ecz/Folder/Programming/Backend/pdvProject/node_modules/router/lib/route.js:117:3)\n    at handle (/home/ecz/Folder/Programming/Backend/pdvProject/node_modules/router/index.js:435:11)\n    at Layer.handleRequest (/home/ecz/Folder/Programming/Backend/pdvProject/node_modules/router/lib/layer.js:152:17)\n    at /home/ecz/Folder/Programming/Backend/pdvProject/node_modules/router/index.js:295:15","timestamp":"2026-05-15 08:5510","url":"/cashier/null/transactions","userId":2}
{"level":"error","message":"SequelizeDatabaseError: column \"nan\" does not exist","method":"GET","stack":"Error\n    at Query.run (/home/ecz/Folder/Programming/Backend/pdvProject/node_modules/sequelize/lib/dialects/postgres/query.js:50:25)\n    at /home/ecz/Folder/Programming/Backend/pdvProject/node_modules/sequelize/lib/sequelize.js:315:28\n    at process.processTicksAndRejections (node:internal/process/task_queues:104:5)\n    at async PostgresQueryInterface.select (/home/ecz/Folder/Programming/Backend/pdvProject/node_modules/sequelize/lib/dialects/abstract/query-interface.js:407:12)\n    at async Shift.findAll (/home/ecz/Folder/Programming/Backend/pdvProject/node_modules/sequelize/lib/model.js:1140:21)\n    at async Shift.findOne (/home/ecz/Folder/Programming/Backend/pdvProject/node_modules/sequelize/lib/model.js:1240:12)\n    at async CashierService.getShift (/home/ecz/Folder/Programming/Backend/pdvProject/src/service/CashierService.js:173:27)\n    at async getShift (/home/ecz/Folder/Programming/Backend/pdvProject/src/controller/cashierController.js:116:27)","timestamp":"2026-05-15 08:5510","url":"/cashier/null","userId":2}
{"level":"error","message":"SequelizeDatabaseError: invalid input syntax for type integer: \"null\"","method":"GET","stack":"Error\n    at Query.run (/home/ecz/Folder/Programming/Backend/pdvProject/node_modules/sequelize/lib/dialects/postgres/query.js:50:25)\n    at /home/ecz/Folder/Programming/Backend/pdvProject/node_modules/sequelize/lib/sequelize.js:315:28\n    at process.processTicksAndRejections (node:internal/process/task_queues:104:5)\n    at async PostgresQueryInterface.select (/home/ecz/Folder/Programming/Backend/pdvProject/node_modules/sequelize/lib/dialects/abstract/query-interface.js:407:12)\n    at async ShiftTransaction.findAll (/home/ecz/Folder/Programming/Backend/pdvProject/node_modules/sequelize/lib/model.js:1140:21)\n    at async CashierService.currentBalance (/home/ecz/Folder/Programming/Backend/pdvProject/src/service/CashierService.js:219:30)\n    at async currentBalances (/home/ecz/Folder/Programming/Backend/pdvProject/src/controller/cashierController.js:151:30)","timestamp":"2026-05-15 08:5510","url":"/cashier/null/balances/","userId":2}
{"level":"error","message":"Error: Given id does not match type","method":"GET","stack":"Error: Given id does not match type\n    at cashierHistory (/home/ecz/Folder/Programming/Backend/pdvProject/src/controller/cashierController.js:175:23)\n    at Layer.handleRequest (/home/ecz/Folder/Programming/Backend/pdvProject/node_modules/router/lib/layer.js:152:17)\n    at next (/home/ecz/Folder/Programming/Backend/pdvProject/node_modules/router/lib/route.js:157:13)\n    at loginRequired (/home/ecz/Folder/Programming/Backend/pdvProject/src/middlewares/loginRequired.js:20:16)\n    at Layer.handleRequest (/home/ecz/Folder/Programming/Backend/pdvProject/node_modules/router/lib/layer.js:152:17)\n    at next (/home/ecz/Folder/Programming/Backend/pdvProject/node_modules/router/lib/route.js:157:13)\n    at Route.dispatch (/home/ecz/Folder/Programming/Backend/pdvProject/node_modules/router/lib/route.js:117:3)\n    at handle (/home/ecz/Folder/Programming/Backend/pdvProject/node_modules/router/index.js:435:11)\n    at Layer.handleRequest (/home/ecz/Folder/Programming/Backend/pdvProject/node_modules/router/lib/layer.js:152:17)\n    at /home/ecz/Folder/Programming/Backend/pdvProject/node_modules/router/index.js:295:15","timestamp":"2026-05-15 08:5646","url":"/cashier/null/transactions","userId":2}
{"level":"error","message":"SequelizeDatabaseError: column \"nan\" does not exist","method":"GET","stack":"Error\n    at Query.run (/home/ecz/Folder/Programming/Backend/pdvProject/node_modules/sequelize/lib/dialects/postgres/query.js:50:25)\n    at /home/ecz/Folder/Programming/Backend/pdvProject/node_modules/sequelize/lib/sequelize.js:315:28\n    at process.processTicksAndRejections (node:internal/process/task_queues:104:5)\n    at async PostgresQueryInterface.select (/home/ecz/Folder/Programming/Backend/pdvProject/node_modules/sequelize/lib/dialects/abstract/query-interface.js:407:12)\n    at async Shift.findAll (/home/ecz/Folder/Programming/Backend/pdvProject/node_modules/sequelize/lib/model.js:1140:21)\n    at async Shift.findOne (/home/ecz/Folder/Programming/Backend/pdvProject/node_modules/sequelize/lib/model.js:1240:12)\n    at async CashierService.getShift (/home/ecz/Folder/Programming/Backend/pdvProject/src/service/CashierService.js:173:27)\n    at async getShift (/home/ecz/Folder/Programming/Backend/pdvProject/src/controller/cashierController.js:116:27)","timestamp":"2026-05-15 08:5646","url":"/cashier/null","userId":2}
{"level":"error","message":"SequelizeDatabaseError: invalid input syntax for type integer: \"null\"","method":"GET","stack":"Error\n    at Query.run (/home/ecz/Folder/Programming/Backend/pdvProject/node_modules/sequelize/lib/dialects/postgres/query.js:50:25)\n    at /home/ecz/Folder/Programming/Backend/pdvProject/node_modules/sequelize/lib/sequelize.js:315:28\n    at process.processTicksAndRejections (node:internal/process/task_queues:104:5)\n    at async PostgresQueryInterface.select (/home/ecz/Folder/Programming/Backend/pdvProject/node_modules/sequelize/lib/dialects/abstract/query-interface.js:407:12)\n    at async ShiftTransaction.findAll (/home/ecz/Folder/Programming/Backend/pdvProject/node_modules/sequelize/lib/model.js:1140:21)\n    at async CashierService.currentBalance (/home/ecz/Folder/Programming/Backend/pdvProject/src/service/CashierService.js:219:30)\n    at async currentBalances (/home/ecz/Folder/Programming/Backend/pdvProject/src/controller/cashierController.js:151:30)","timestamp":"2026-05-15 08:5646","url":"/cashier/null/balances/","userId":2}
{"level":"error","message":"Error: Given id does not match type","method":"GET","stack":"Error: Given id does not match type\n    at cashierHistory (/home/ecz/Folder/Programming/Backend/pdvProject/src/controller/cashierController.js:175:23)\n    at Layer.handleRequest (/home/ecz/Folder/Programming/Backend/pdvProject/node_modules/router/lib/layer.js:152:17)\n    at next (/home/ecz/Folder/Programming/Backend/pdvProject/node_modules/router/lib/route.js:157:13)\n    at loginRequired (/home/ecz/Folder/Programming/Backend/pdvProject/src/middlewares/loginRequired.js:20:16)\n    at Layer.handleRequest (/home/ecz/Folder/Programming/Backend/pdvProject/node_modules/router/lib/layer.js:152:17)\n    at next (/home/ecz/Folder/Programming/Backend/pdvProject/node_modules/router/lib/route.js:157:13)\n    at Route.dispatch (/home/ecz/Folder/Programming/Backend/pdvProject/node_modules/router/lib/route.js:117:3)\n    at handle (/home/ecz/Folder/Programming/Backend/pdvProject/node_modules/router/index.js:435:11)\n    at Layer.handleRequest (/home/ecz/Folder/Programming/Backend/pdvProject/node_modules/router/lib/layer.js:152:17)\n    at /home/ecz/Folder/Programming/Backend/pdvProject/node_modules/router/index.js:295:15","timestamp":"2026-05-15 08:5659","url":"/cashier/null/transactions","userId":2}
{"level":"error","message":"SequelizeDatabaseError: column \"nan\" does not exist","method":"GET","stack":"Error\n    at Query.run (/home/ecz/Folder/Programming/Backend/pdvProject/node_modules/sequelize/lib/dialects/postgres/query.js:50:25)\n    at /home/ecz/Folder/Programming/Backend/pdvProject/node_modules/sequelize/lib/sequelize.js:315:28\n    at process.processTicksAndRejections (node:internal/process/task_queues:104:5)\n    at async PostgresQueryInterface.select (/home/ecz/Folder/Programming/Backend/pdvProject/node_modules/sequelize/lib/dialects/abstract/query-interface.js:407:12)\n    at async Shift.findAll (/home/ecz/Folder/Programming/Backend/pdvProject/node_modules/sequelize/lib/model.js:1140:21)\n    at async Shift.findOne (/home/ecz/Folder/Programming/Backend/pdvProject/node_modules/sequelize/lib/model.js:1240:12)\n    at async CashierService.getShift (/home/ecz/Folder/Programming/Backend/pdvProject/src/service/CashierService.js:173:27)\n    at async getShift (/home/ecz/Folder/Programming/Backend/pdvProject/src/controller/cashierController.js:116:27)","timestamp":"2026-05-15 08:5659","url":"/cashier/null","userId":2}
{"level":"error","message":"SequelizeDatabaseError: invalid input syntax for type integer: \"null\"","method":"GET","stack":"Error\n    at Query.run (/home/ecz/Folder/Programming/Backend/pdvProject/node_modules/sequelize/lib/dialects/postgres/query.js:50:25)\n    at /home/ecz/Folder/Programming/Backend/pdvProject/node_modules/sequelize/lib/sequelize.js:315:28\n    at process.processTicksAndRejections (node:internal/process/task_queues:104:5)\n    at async PostgresQueryInterface.select (/home/ecz/Folder/Programming/Backend/pdvProject/node_modules/sequelize/lib/dialects/abstract/query-interface.js:407:12)\n    at async ShiftTransaction.findAll (/home/ecz/Folder/Programming/Backend/pdvProject/node_modules/sequelize/lib/model.js:1140:21)\n    at async CashierService.currentBalance (/home/ecz/Folder/Programming/Backend/pdvProject/src/service/CashierService.js:219:30)\n    at async currentBalances (/home/ecz/Folder/Programming/Backend/pdvProject/src/controller/cashierController.js:151:30)","timestamp":"2026-05-15 08:5659","url":"/cashier/null/balances/","userId":2}
{"level":"error","message":"Error: Given id does not match type","method":"GET","stack":"Error: Given id does not match type\n    at cashierHistory (/home/ecz/Folder/Programming/Backend/pdvProject/src/controller/cashierController.js:175:23)\n    at Layer.handleRequest (/home/ecz/Folder/Programming/Backend/pdvProject/node_modules/router/lib/layer.js:152:17)\n    at next (/home/ecz/Folder/Programming/Backend/pdvProject/node_modules/router/lib/route.js:157:13)\n    at loginRequired (/home/ecz/Folder/Programming/Backend/pdvProject/src/middlewares/loginRequired.js:20:16)\n    at Layer.handleRequest (/home/ecz/Folder/Programming/Backend/pdvProject/node_modules/router/lib/layer.js:152:17)\n    at next (/home/ecz/Folder/Programming/Backend/pdvProject/node_modules/router/lib/route.js:157:13)\n    at Route.dispatch (/home/ecz/Folder/Programming/Backend/pdvProject/node_modules/router/lib/route.js:117:3)\n    at handle (/home/ecz/Folder/Programming/Backend/pdvProject/node_modules/router/index.js:435:11)\n    at Layer.handleRequest (/home/ecz/Folder/Programming/Backend/pdvProject/node_modules/router/lib/layer.js:152:17)\n    at /home/ecz/Folder/Programming/Backend/pdvProject/node_modules/router/index.js:295:15","timestamp":"2026-05-15 08:5659","url":"/cashier/null/transactions","userId":2}
{"level":"error","message":"SequelizeDatabaseError: column \"nan\" does not exist","method":"GET","stack":"Error\n    at Query.run (/home/ecz/Folder/Programming/Backend/pdvProject/node_modules/sequelize/lib/dialects/postgres/query.js:50:25)\n    at /home/ecz/Folder/Programming/Backend/pdvProject/node_modules/sequelize/lib/sequelize.js:315:28\n    at process.processTicksAndRejections (node:internal/process/task_queues:104:5)\n    at async PostgresQueryInterface.select (/home/ecz/Folder/Programming/Backend/pdvProject/node_modules/sequelize/lib/dialects/abstract/query-interface.js:407:12)\n    at async Shift.findAll (/home/ecz/Folder/Programming/Backend/pdvProject/node_modules/sequelize/lib/model.js:1140:21)\n    at async Shift.findOne (/home/ecz/Folder/Programming/Backend/pdvProject/node_modules/sequelize/lib/model.js:1240:12)\n    at async CashierService.getShift (/home/ecz/Folder/Programming/Backend/pdvProject/src/service/CashierService.js:173:27)\n    at async getShift (/home/ecz/Folder/Programming/Backend/pdvProject/src/controller/cashierController.js:116:27)","timestamp":"2026-05-15 08:5659","url":"/cashier/null","userId":2}
{"level":"error","message":"SequelizeDatabaseError: invalid input syntax for type integer: \"null\"","method":"GET","stack":"Error\n    at Query.run (/home/ecz/Folder/Programming/Backend/pdvProject/node_modules/sequelize/lib/dialects/postgres/query.js:50:25)\n    at /home/ecz/Folder/Programming/Backend/pdvProject/node_modules/sequelize/lib/sequelize.js:315:28\n    at process.processTicksAndRejections (node:internal/process/task_queues:104:5)\n    at async PostgresQueryInterface.select (/home/ecz/Folder/Programming/Backend/pdvProject/node_modules/sequelize/lib/dialects/abstract/query-interface.js:407:12)\n    at async ShiftTransaction.findAll (/home/ecz/Folder/Programming/Backend/pdvProject/node_modules/sequelize/lib/model.js:1140:21)\n    at async CashierService.currentBalance (/home/ecz/Folder/Programming/Backend/pdvProject/src/service/CashierService.js:219:30)\n    at async currentBalances (/home/ecz/Folder/Programming/Backend/pdvProject/src/controller/cashierController.js:151:30)","timestamp":"2026-05-15 08:5659","url":"/cashier/null/balances/","userId":2}
{"level":"error","message":"SequelizeDatabaseError: column \"nan\" does not exist","method":"GET","stack":"Error\n    at Query.run (/home/ecz/Folder/Programming/Backend/pdvProject/node_modules/sequelize/lib/dialects/postgres/query.js:50:25)\n    at /home/ecz/Folder/Programming/Backend/pdvProject/node_modules/sequelize/lib/sequelize.js:315:28\n    at process.processTicksAndRejections (node:internal/process/task_queues:104:5)\n    at async PostgresQueryInterface.select (/home/ecz/Folder/Programming/Backend/pdvProject/node_modules/sequelize/lib/dialects/abstract/query-interface.js:407:12)\n    at async Shift.findAll (/home/ecz/Folder/Programming/Backend/pdvProject/node_modules/sequelize/lib/model.js:1140:21)\n    at async Shift.findOne (/home/ecz/Folder/Programming/Backend/pdvProject/node_modules/sequelize/lib/model.js:1240:12)\n    at async CashierService.getShift (/home/ecz/Folder/Programming/Backend/pdvProject/src/service/CashierService.js:173:27)\n    at async getShift (/home/ecz/Folder/Programming/Backend/pdvProject/src/controller/cashierController.js:116:27)","timestamp":"2026-05-15 08:5709","url":"/cashier/null","userId":2}
{"level":"error","message":"Error: Given id does not match type","method":"GET","stack":"Error: Given id does not match type\n    at cashierHistory (/home/ecz/Folder/Programming/Backend/pdvProject/src/controller/cashierController.js:175:23)\n    at Layer.handleRequest (/home/ecz/Folder/Programming/Backend/pdvProject/node_modules/router/lib/layer.js:152:17)\n    at next (/home/ecz/Folder/Programming/Backend/pdvProject/node_modules/router/lib/route.js:157:13)\n    at loginRequired (/home/ecz/Folder/Programming/Backend/pdvProject/src/middlewares/loginRequired.js:20:16)\n    at Layer.handleRequest (/home/ecz/Folder/Programming/Backend/pdvProject/node_modules/router/lib/layer.js:152:17)\n    at next (/home/ecz/Folder/Programming/Backend/pdvProject/node_modules/router/lib/route.js:157:13)\n    at Route.dispatch (/home/ecz/Folder/Programming/Backend/pdvProject/node_modules/router/lib/route.js:117:3)\n    at handle (/home/ecz/Folder/Programming/Backend/pdvProject/node_modules/router/index.js:435:11)\n    at Layer.handleRequest (/home/ecz/Folder/Programming/Backend/pdvProject/node_modules/router/lib/layer.js:152:17)\n    at /home/ecz/Folder/Programming/Backend/pdvProject/node_modules/router/index.js:295:15","timestamp":"2026-05-15 08:5709","url":"/cashier/null/transactions","userId":2}
{"level":"error","message":"SequelizeDatabaseError: invalid input syntax for type integer: \"null\"","method":"GET","stack":"Error\n    at Query.run (/home/ecz/Folder/Programming/Backend/pdvProject/node_modules/sequelize/lib/dialects/postgres/query.js:50:25)\n    at /home/ecz/Folder/Programming/Backend/pdvProject/node_modules/sequelize/lib/sequelize.js:315:28\n    at process.processTicksAndRejections (node:internal/process/task_queues:104:5)\n    at async PostgresQueryInterface.select (/home/ecz/Folder/Programming/Backend/pdvProject/node_modules/sequelize/lib/dialects/abstract/query-interface.js:407:12)\n    at async ShiftTransaction.findAll (/home/ecz/Folder/Programming/Backend/pdvProject/node_modules/sequelize/lib/model.js:1140:21)\n    at async CashierService.currentBalance (/home/ecz/Folder/Programming/Backend/pdvProject/src/service/CashierService.js:219:30)\n    at async currentBalances (/home/ecz/Folder/Programming/Backend/pdvProject/src/controller/cashierController.js:151:30)","timestamp":"2026-05-15 08:5709","url":"/cashier/null/balances/","userId":2}
{"level":"error","message":"Error: Given id does not match type","method":"GET","stack":"Error: Given id does not match type\n    at cashierHistory (/home/ecz/Folder/Programming/Backend/pdvProject/src/controller/cashierController.js:175:23)\n    at Layer.handleRequest (/home/ecz/Folder/Programming/Backend/pdvProject/node_modules/router/lib/layer.js:152:17)\n    at next (/home/ecz/Folder/Programming/Backend/pdvProject/node_modules/router/lib/route.js:157:13)\n    at loginRequired (/home/ecz/Folder/Programming/Backend/pdvProject/src/middlewares/loginRequired.js:20:16)\n    at Layer.handleRequest (/home/ecz/Folder/Programming/Backend/pdvProject/node_modules/router/lib/layer.js:152:17)\n    at next (/home/ecz/Folder/Programming/Backend/pdvProject/node_modules/router/lib/route.js:157:13)\n    at Route.dispatch (/home/ecz/Folder/Programming/Backend/pdvProject/node_modules/router/lib/route.js:117:3)\n    at handle (/home/ecz/Folder/Programming/Backend/pdvProject/node_modules/router/index.js:435:11)\n    at Layer.handleRequest (/home/ecz/Folder/Programming/Backend/pdvProject/node_modules/router/lib/layer.js:152:17)\n    at /home/ecz/Folder/Programming/Backend/pdvProject/node_modules/router/index.js:295:15","timestamp":"2026-05-15 08:5722","url":"/cashier/null/transactions","userId":2}
{"level":"error","message":"SequelizeDatabaseError: column \"nan\" does not exist","method":"GET","stack":"Error\n    at Query.run (/home/ecz/Folder/Programming/Backend/pdvProject/node_modules/sequelize/lib/dialects/postgres/query.js:50:25)\n    at /home/ecz/Folder/Programming/Backend/pdvProject/node_modules/sequelize/lib/sequelize.js:315:28\n    at process.processTicksAndRejections (node:internal/process/task_queues:104:5)\n    at async PostgresQueryInterface.select (/home/ecz/Folder/Programming/Backend/pdvProject/node_modules/sequelize/lib/dialects/abstract/query-interface.js:407:12)\n    at async Shift.findAll (/home/ecz/Folder/Programming/Backend/pdvProject/node_modules/sequelize/lib/model.js:1140:21)\n    at async Shift.findOne (/home/ecz/Folder/Programming/Backend/pdvProject/node_modules/sequelize/lib/model.js:1240:12)\n    at async CashierService.getShift (/home/ecz/Folder/Programming/Backend/pdvProject/src/service/CashierService.js:173:27)\n    at async getShift (/home/ecz/Folder/Programming/Backend/pdvProject/src/controller/cashierController.js:116:27)","timestamp":"2026-05-15 08:5722","url":"/cashier/null","userId":2}
{"level":"error","message":"SequelizeDatabaseError: invalid input syntax for type integer: \"null\"","method":"GET","stack":"Error\n    at Query.run (/home/ecz/Folder/Programming/Backend/pdvProject/node_modules/sequelize/lib/dialects/postgres/query.js:50:25)\n    at /home/ecz/Folder/Programming/Backend/pdvProject/node_modules/sequelize/lib/sequelize.js:315:28\n    at process.processTicksAndRejections (node:internal/process/task_queues:104:5)\n    at async PostgresQueryInterface.select (/home/ecz/Folder/Programming/Backend/pdvProject/node_modules/sequelize/lib/dialects/abstract/query-interface.js:407:12)\n    at async ShiftTransaction.findAll (/home/ecz/Folder/Programming/Backend/pdvProject/node_modules/sequelize/lib/model.js:1140:21)\n    at async CashierService.currentBalance (/home/ecz/Folder/Programming/Backend/pdvProject/src/service/CashierService.js:219:30)\n    at async currentBalances (/home/ecz/Folder/Programming/Backend/pdvProject/src/controller/cashierController.js:151:30)","timestamp":"2026-05-15 08:5722","url":"/cashier/null/balances/","userId":2}
{"level":"error","message":"Error: Given id does not match type","method":"GET","stack":"Error: Given id does not match type\n    at cashierHistory (/home/ecz/Folder/Programming/Backend/pdvProject/src/controller/cashierController.js:175:23)\n    at Layer.handleRequest (/home/ecz/Folder/Programming/Backend/pdvProject/node_modules/router/lib/layer.js:152:17)\n    at next (/home/ecz/Folder/Programming/Backend/pdvProject/node_modules/router/lib/route.js:157:13)\n    at loginRequired (/home/ecz/Folder/Programming/Backend/pdvProject/src/middlewares/loginRequired.js:20:16)\n    at Layer.handleRequest (/home/ecz/Folder/Programming/Backend/pdvProject/node_modules/router/lib/layer.js:152:17)\n    at next (/home/ecz/Folder/Programming/Backend/pdvProject/node_modules/router/lib/route.js:157:13)\n    at Route.dispatch (/home/ecz/Folder/Programming/Backend/pdvProject/node_modules/router/lib/route.js:117:3)\n    at handle (/home/ecz/Folder/Programming/Backend/pdvProject/node_modules/router/index.js:435:11)\n    at Layer.handleRequest (/home/ecz/Folder/Programming/Backend/pdvProject/node_modules/router/lib/layer.js:152:17)\n    at /home/ecz/Folder/Programming/Backend/pdvProject/node_modules/router/index.js:295:15","timestamp":"2026-05-15 08:5723","url":"/cashier/null/transactions","userId":2}
{"level":"error","message":"SequelizeDatabaseError: column \"nan\" does not exist","method":"GET","stack":"Error\n    at Query.run (/home/ecz/Folder/Programming/Backend/pdvProject/node_modules/sequelize/lib/dialects/postgres/query.js:50:25)\n    at /home/ecz/Folder/Programming/Backend/pdvProject/node_modules/sequelize/lib/sequelize.js:315:28\n    at process.processTicksAndRejections (node:internal/process/task_queues:104:5)\n    at async PostgresQueryInterface.select (/home/ecz/Folder/Programming/Backend/pdvProject/node_modules/sequelize/lib/dialects/abstract/query-interface.js:407:12)\n    at async Shift.findAll (/home/ecz/Folder/Programming/Backend/pdvProject/node_modules/sequelize/lib/model.js:1140:21)\n    at async Shift.findOne (/home/ecz/Folder/Programming/Backend/pdvProject/node_modules/sequelize/lib/model.js:1240:12)\n    at async CashierService.getShift (/home/ecz/Folder/Programming/Backend/pdvProject/src/service/CashierService.js:173:27)\n    at async getShift (/home/ecz/Folder/Programming/Backend/pdvProject/src/controller/cashierController.js:116:27)","timestamp":"2026-05-15 08:5723","url":"/cashier/null","userId":2}
{"level":"error","message":"SequelizeDatabaseError: invalid input syntax for type integer: \"null\"","method":"GET","stack":"Error\n    at Query.run (/home/ecz/Folder/Programming/Backend/pdvProject/node_modules/sequelize/lib/dialects/postgres/query.js:50:25)\n    at /home/ecz/Folder/Programming/Backend/pdvProject/node_modules/sequelize/lib/sequelize.js:315:28\n    at process.processTicksAndRejections (node:internal/process/task_queues:104:5)\n    at async PostgresQueryInterface.select (/home/ecz/Folder/Programming/Backend/pdvProject/node_modules/sequelize/lib/dialects/abstract/query-interface.js:407:12)\n    at async ShiftTransaction.findAll (/home/ecz/Folder/Programming/Backend/pdvProject/node_modules/sequelize/lib/model.js:1140:21)\n    at async CashierService.currentBalance (/home/ecz/Folder/Programming/Backend/pdvProject/src/service/CashierService.js:219:30)\n    at async currentBalances (/home/ecz/Folder/Programming/Backend/pdvProject/src/controller/cashierController.js:151:30)","timestamp":"2026-05-15 08:5723","url":"/cashier/null/balances/","userId":2}
{"level":"error","message":"Error: Given id does not match type","method":"GET","stack":"Error: Given id does not match type\n    at cashierHistory (/home/ecz/Folder/Programming/Backend/pdvProject/src/controller/cashierController.js:175:23)\n    at Layer.handleRequest (/home/ecz/Folder/Programming/Backend/pdvProject/node_modules/router/lib/layer.js:152:17)\n    at next (/home/ecz/Folder/Programming/Backend/pdvProject/node_modules/router/lib/route.js:157:13)\n    at loginRequired (/home/ecz/Folder/Programming/Backend/pdvProject/src/middlewares/loginRequired.js:20:16)\n    at Layer.handleRequest (/home/ecz/Folder/Programming/Backend/pdvProject/node_modules/router/lib/layer.js:152:17)\n    at next (/home/ecz/Folder/Programming/Backend/pdvProject/node_modules/router/lib/route.js:157:13)\n    at Route.dispatch (/home/ecz/Folder/Programming/Backend/pdvProject/node_modules/router/lib/route.js:117:3)\n    at handle (/home/ecz/Folder/Programming/Backend/pdvProject/node_modules/router/index.js:435:11)\n    at Layer.handleRequest (/home/ecz/Folder/Programming/Backend/pdvProject/node_modules/router/lib/layer.js:152:17)\n    at /home/ecz/Folder/Programming/Backend/pdvProject/node_modules/router/index.js:295:15","timestamp":"2026-05-15 08:5731","url":"/cashier/null/transactions","userId":2}
{"level":"error","message":"SequelizeDatabaseError: column \"nan\" does not exist","method":"GET","stack":"Error\n    at Query.run (/home/ecz/Folder/Programming/Backend/pdvProject/node_modules/sequelize/lib/dialects/postgres/query.js:50:25)\n    at /home/ecz/Folder/Programming/Backend/pdvProject/node_modules/sequelize/lib/sequelize.js:315:28\n    at process.processTicksAndRejections (node:internal/process/task_queues:104:5)\n    at async PostgresQueryInterface.select (/home/ecz/Folder/Programming/Backend/pdvProject/node_modules/sequelize/lib/dialects/abstract/query-interface.js:407:12)\n    at async Shift.findAll (/home/ecz/Folder/Programming/Backend/pdvProject/node_modules/sequelize/lib/model.js:1140:21)\n    at async Shift.findOne (/home/ecz/Folder/Programming/Backend/pdvProject/node_modules/sequelize/lib/model.js:1240:12)\n    at async CashierService.getShift (/home/ecz/Folder/Programming/Backend/pdvProject/src/service/CashierService.js:173:27)\n    at async getShift (/home/ecz/Folder/Programming/Backend/pdvProject/src/controller/cashierController.js:116:27)","timestamp":"2026-05-15 08:5731","url":"/cashier/null","userId":2}
{"level":"error","message":"SequelizeDatabaseError: invalid input syntax for type integer: \"null\"","method":"GET","stack":"Error\n    at Query.run (/home/ecz/Folder/Programming/Backend/pdvProject/node_modules/sequelize/lib/dialects/postgres/query.js:50:25)\n    at /home/ecz/Folder/Programming/Backend/pdvProject/node_modules/sequelize/lib/sequelize.js:315:28\n    at process.processTicksAndRejections (node:internal/process/task_queues:104:5)\n    at async PostgresQueryInterface.select (/home/ecz/Folder/Programming/Backend/pdvProject/node_modules/sequelize/lib/dialects/abstract/query-interface.js:407:12)\n    at async ShiftTransaction.findAll (/home/ecz/Folder/Programming/Backend/pdvProject/node_modules/sequelize/lib/model.js:1140:21)\n    at async CashierService.currentBalance (/home/ecz/Folder/Programming/Backend/pdvProject/src/service/CashierService.js:219:30)\n    at async currentBalances (/home/ecz/Folder/Programming/Backend/pdvProject/src/controller/cashierController.js:151:30)","timestamp":"2026-05-15 08:5731","url":"/cashier/null/balances/","userId":2}
{"level":"error","message":"Error: Given id does not match type","method":"GET","stack":"Error: Given id does not match type\n    at cashierHistory (/home/ecz/Folder/Programming/Backend/pdvProject/src/controller/cashierController.js:175:23)\n    at Layer.handleRequest (/home/ecz/Folder/Programming/Backend/pdvProject/node_modules/router/lib/layer.js:152:17)\n    at next (/home/ecz/Folder/Programming/Backend/pdvProject/node_modules/router/lib/route.js:157:13)\n    at loginRequired (/home/ecz/Folder/Programming/Backend/pdvProject/src/middlewares/loginRequired.js:20:16)\n    at Layer.handleRequest (/home/ecz/Folder/Programming/Backend/pdvProject/node_modules/router/lib/layer.js:152:17)\n    at next (/home/ecz/Folder/Programming/Backend/pdvProject/node_modules/router/lib/route.js:157:13)\n    at Route.dispatch (/home/ecz/Folder/Programming/Backend/pdvProject/node_modules/router/lib/route.js:117:3)\n    at handle (/home/ecz/Folder/Programming/Backend/pdvProject/node_modules/router/index.js:435:11)\n    at Layer.handleRequest (/home/ecz/Folder/Programming/Backend/pdvProject/node_modules/router/lib/layer.js:152:17)\n    at /home/ecz/Folder/Programming/Backend/pdvProject/node_modules/router/index.js:295:15","timestamp":"2026-05-15 08:5734","url":"/cashier/null/transactions","userId":2}
{"level":"error","message":"SequelizeDatabaseError: column \"nan\" does not exist","method":"GET","stack":"Error\n    at Query.run (/home/ecz/Folder/Programming/Backend/pdvProject/node_modules/sequelize/lib/dialects/postgres/query.js:50:25)\n    at /home/ecz/Folder/Programming/Backend/pdvProject/node_modules/sequelize/lib/sequelize.js:315:28\n    at process.processTicksAndRejections (node:internal/process/task_queues:104:5)\n    at async PostgresQueryInterface.select (/home/ecz/Folder/Programming/Backend/pdvProject/node_modules/sequelize/lib/dialects/abstract/query-interface.js:407:12)\n    at async Shift.findAll (/home/ecz/Folder/Programming/Backend/pdvProject/node_modules/sequelize/lib/model.js:1140:21)\n    at async Shift.findOne (/home/ecz/Folder/Programming/Backend/pdvProject/node_modules/sequelize/lib/model.js:1240:12)\n    at async CashierService.getShift (/home/ecz/Folder/Programming/Backend/pdvProject/src/service/CashierService.js:173:27)\n    at async getShift (/home/ecz/Folder/Programming/Backend/pdvProject/src/controller/cashierController.js:116:27)","timestamp":"2026-05-15 08:5734","url":"/cashier/null","userId":2}
{"level":"error","message":"SequelizeDatabaseError: invalid input syntax for type integer: \"null\"","method":"GET","stack":"Error\n    at Query.run (/home/ecz/Folder/Programming/Backend/pdvProject/node_modules/sequelize/lib/dialects/postgres/query.js:50:25)\n    at /home/ecz/Folder/Programming/Backend/pdvProject/node_modules/sequelize/lib/sequelize.js:315:28\n    at process.processTicksAndRejections (node:internal/process/task_queues:104:5)\n    at async PostgresQueryInterface.select (/home/ecz/Folder/Programming/Backend/pdvProject/node_modules/sequelize/lib/dialects/abstract/query-interface.js:407:12)\n    at async ShiftTransaction.findAll (/home/ecz/Folder/Programming/Backend/pdvProject/node_modules/sequelize/lib/model.js:1140:21)\n    at async CashierService.currentBalance (/home/ecz/Folder/Programming/Backend/pdvProject/src/service/CashierService.js:219:30)\n    at async currentBalances (/home/ecz/Folder/Programming/Backend/pdvProject/src/controller/cashierController.js:151:30)","timestamp":"2026-05-15 08:5734","url":"/cashier/null/balances/","userId":2}
{"level":"error","message":"Error: Given id does not match type","method":"GET","stack":"Error: Given id does not match type\n    at cashierHistory (/home/ecz/Folder/Programming/Backend/pdvProject/src/controller/cashierController.js:175:23)\n    at Layer.handleRequest (/home/ecz/Folder/Programming/Backend/pdvProject/node_modules/router/lib/layer.js:152:17)\n    at next (/home/ecz/Folder/Programming/Backend/pdvProject/node_modules/router/lib/route.js:157:13)\n    at loginRequired (/home/ecz/Folder/Programming/Backend/pdvProject/src/middlewares/loginRequired.js:20:16)\n    at Layer.handleRequest (/home/ecz/Folder/Programming/Backend/pdvProject/node_modules/router/lib/layer.js:152:17)\n    at next (/home/ecz/Folder/Programming/Backend/pdvProject/node_modules/router/lib/route.js:157:13)\n    at Route.dispatch (/home/ecz/Folder/Programming/Backend/pdvProject/node_modules/router/lib/route.js:117:3)\n    at handle (/home/ecz/Folder/Programming/Backend/pdvProject/node_modules/router/index.js:435:11)\n    at Layer.handleRequest (/home/ecz/Folder/Programming/Backend/pdvProject/node_modules/router/lib/layer.js:152:17)\n    at /home/ecz/Folder/Programming/Backend/pdvProject/node_modules/router/index.js:295:15","timestamp":"2026-05-15 08:5738","url":"/cashier/null/transactions","userId":2}
{"level":"error","message":"SequelizeDatabaseError: column \"nan\" does not exist","method":"GET","stack":"Error\n    at Query.run (/home/ecz/Folder/Programming/Backend/pdvProject/node_modules/sequelize/lib/dialects/postgres/query.js:50:25)\n    at /home/ecz/Folder/Programming/Backend/pdvProject/node_modules/sequelize/lib/sequelize.js:315:28\n    at process.processTicksAndRejections (node:internal/process/task_queues:104:5)\n    at async PostgresQueryInterface.select (/home/ecz/Folder/Programming/Backend/pdvProject/node_modules/sequelize/lib/dialects/abstract/query-interface.js:407:12)\n    at async Shift.findAll (/home/ecz/Folder/Programming/Backend/pdvProject/node_modules/sequelize/lib/model.js:1140:21)\n    at async Shift.findOne (/home/ecz/Folder/Programming/Backend/pdvProject/node_modules/sequelize/lib/model.js:1240:12)\n    at async CashierService.getShift (/home/ecz/Folder/Programming/Backend/pdvProject/src/service/CashierService.js:173:27)\n    at async getShift (/home/ecz/Folder/Programming/Backend/pdvProject/src/controller/cashierController.js:116:27)","timestamp":"2026-05-15 08:5738","url":"/cashier/null","userId":2}
{"level":"error","message":"SequelizeDatabaseError: invalid input syntax for type integer: \"null\"","method":"GET","stack":"Error\n    at Query.run (/home/ecz/Folder/Programming/Backend/pdvProject/node_modules/sequelize/lib/dialects/postgres/query.js:50:25)\n    at /home/ecz/Folder/Programming/Backend/pdvProject/node_modules/sequelize/lib/sequelize.js:315:28\n    at process.processTicksAndRejections (node:internal/process/task_queues:104:5)\n    at async PostgresQueryInterface.select (/home/ecz/Folder/Programming/Backend/pdvProject/node_modules/sequelize/lib/dialects/abstract/query-interface.js:407:12)\n    at async ShiftTransaction.findAll (/home/ecz/Folder/Programming/Backend/pdvProject/node_modules/sequelize/lib/model.js:1140:21)\n    at async CashierService.currentBalance (/home/ecz/Folder/Programming/Backend/pdvProject/src/service/CashierService.js:219:30)\n    at async currentBalances (/home/ecz/Folder/Programming/Backend/pdvProject/src/controller/cashierController.js:151:30)","timestamp":"2026-05-15 08:5738","url":"/cashier/null/balances/","userId":2}
{"level":"error","message":"Error: Given id does not match type","method":"GET","stack":"Error: Given id does not match type\n    at cashierHistory (/home/ecz/Folder/Programming/Backend/pdvProject/src/controller/cashierController.js:175:23)\n    at Layer.handleRequest (/home/ecz/Folder/Programming/Backend/pdvProject/node_modules/router/lib/layer.js:152:17)\n    at next (/home/ecz/Folder/Programming/Backend/pdvProject/node_modules/router/lib/route.js:157:13)\n    at loginRequired (/home/ecz/Folder/Programming/Backend/pdvProject/src/middlewares/loginRequired.js:20:16)\n    at Layer.handleRequest (/home/ecz/Folder/Programming/Backend/pdvProject/node_modules/router/lib/layer.js:152:17)\n    at next (/home/ecz/Folder/Programming/Backend/pdvProject/node_modules/router/lib/route.js:157:13)\n    at Route.dispatch (/home/ecz/Folder/Programming/Backend/pdvProject/node_modules/router/lib/route.js:117:3)\n    at handle (/home/ecz/Folder/Programming/Backend/pdvProject/node_modules/router/index.js:435:11)\n    at Layer.handleRequest (/home/ecz/Folder/Programming/Backend/pdvProject/node_modules/router/lib/layer.js:152:17)\n    at /home/ecz/Folder/Programming/Backend/pdvProject/node_modules/router/index.js:295:15","timestamp":"2026-05-15 08:5739","url":"/cashier/null/transactions","userId":2}
{"level":"error","message":"SequelizeDatabaseError: column \"nan\" does not exist","method":"GET","stack":"Error\n    at Query.run (/home/ecz/Folder/Programming/Backend/pdvProject/node_modules/sequelize/lib/dialects/postgres/query.js:50:25)\n    at /home/ecz/Folder/Programming/Backend/pdvProject/node_modules/sequelize/lib/sequelize.js:315:28\n    at process.processTicksAndRejections (node:internal/process/task_queues:104:5)\n    at async PostgresQueryInterface.select (/home/ecz/Folder/Programming/Backend/pdvProject/node_modules/sequelize/lib/dialects/abstract/query-interface.js:407:12)\n    at async Shift.findAll (/home/ecz/Folder/Programming/Backend/pdvProject/node_modules/sequelize/lib/model.js:1140:21)\n    at async Shift.findOne (/home/ecz/Folder/Programming/Backend/pdvProject/node_modules/sequelize/lib/model.js:1240:12)\n    at async CashierService.getShift (/home/ecz/Folder/Programming/Backend/pdvProject/src/service/CashierService.js:173:27)\n    at async getShift (/home/ecz/Folder/Programming/Backend/pdvProject/src/controller/cashierController.js:116:27)","timestamp":"2026-05-15 08:5739","url":"/cashier/null","userId":2}
{"level":"error","message":"SequelizeDatabaseError: invalid input syntax for type integer: \"null\"","method":"GET","stack":"Error\n    at Query.run (/home/ecz/Folder/Programming/Backend/pdvProject/node_modules/sequelize/lib/dialects/postgres/query.js:50:25)\n    at /home/ecz/Folder/Programming/Backend/pdvProject/node_modules/sequelize/lib/sequelize.js:315:28\n    at process.processTicksAndRejections (node:internal/process/task_queues:104:5)\n    at async PostgresQueryInterface.select (/home/ecz/Folder/Programming/Backend/pdvProject/node_modules/sequelize/lib/dialects/abstract/query-interface.js:407:12)\n    at async ShiftTransaction.findAll (/home/ecz/Folder/Programming/Backend/pdvProject/node_modules/sequelize/lib/model.js:1140:21)\n    at async CashierService.currentBalance (/home/ecz/Folder/Programming/Backend/pdvProject/src/service/CashierService.js:219:30)\n    at async currentBalances (/home/ecz/Folder/Programming/Backend/pdvProject/src/controller/cashierController.js:151:30)","timestamp":"2026-05-15 08:5739","url":"/cashier/null/balances/","userId":2}
{"level":"error","message":"Error: Given id does not match type","method":"GET","stack":"Error: Given id does not match type\n    at cashierHistory (/home/ecz/Folder/Programming/Backend/pdvProject/src/controller/cashierController.js:175:23)\n    at Layer.handleRequest (/home/ecz/Folder/Programming/Backend/pdvProject/node_modules/router/lib/layer.js:152:17)\n    at next (/home/ecz/Folder/Programming/Backend/pdvProject/node_modules/router/lib/route.js:157:13)\n    at loginRequired (/home/ecz/Folder/Programming/Backend/pdvProject/src/middlewares/loginRequired.js:20:16)\n    at Layer.handleRequest (/home/ecz/Folder/Programming/Backend/pdvProject/node_modules/router/lib/layer.js:152:17)\n    at next (/home/ecz/Folder/Programming/Backend/pdvProject/node_modules/router/lib/route.js:157:13)\n    at Route.dispatch (/home/ecz/Folder/Programming/Backend/pdvProject/node_modules/router/lib/route.js:117:3)\n    at handle (/home/ecz/Folder/Programming/Backend/pdvProject/node_modules/router/index.js:435:11)\n    at Layer.handleRequest (/home/ecz/Folder/Programming/Backend/pdvProject/node_modules/router/lib/layer.js:152:17)\n    at /home/ecz/Folder/Programming/Backend/pdvProject/node_modules/router/index.js:295:15","timestamp":"2026-05-15 08:5747","url":"/cashier/null/transactions","userId":2}
{"level":"error","message":"SequelizeDatabaseError: column \"nan\" does not exist","method":"GET","stack":"Error\n    at Query.run (/home/ecz/Folder/Programming/Backend/pdvProject/node_modules/sequelize/lib/dialects/postgres/query.js:50:25)\n    at /home/ecz/Folder/Programming/Backend/pdvProject/node_modules/sequelize/lib/sequelize.js:315:28\n    at process.processTicksAndRejections (node:internal/process/task_queues:104:5)\n    at async PostgresQueryInterface.select (/home/ecz/Folder/Programming/Backend/pdvProject/node_modules/sequelize/lib/dialects/abstract/query-interface.js:407:12)\n    at async Shift.findAll (/home/ecz/Folder/Programming/Backend/pdvProject/node_modules/sequelize/lib/model.js:1140:21)\n    at async Shift.findOne (/home/ecz/Folder/Programming/Backend/pdvProject/node_modules/sequelize/lib/model.js:1240:12)\n    at async CashierService.getShift (/home/ecz/Folder/Programming/Backend/pdvProject/src/service/CashierService.js:173:27)\n    at async getShift (/home/ecz/Folder/Programming/Backend/pdvProject/src/controller/cashierController.js:116:27)","timestamp":"2026-05-15 08:5747","url":"/cashier/null","userId":2}
{"level":"error","message":"SequelizeDatabaseError: invalid input syntax for type integer: \"null\"","method":"GET","stack":"Error\n    at Query.run (/home/ecz/Folder/Programming/Backend/pdvProject/node_modules/sequelize/lib/dialects/postgres/query.js:50:25)\n    at /home/ecz/Folder/Programming/Backend/pdvProject/node_modules/sequelize/lib/sequelize.js:315:28\n    at process.processTicksAndRejections (node:internal/process/task_queues:104:5)\n    at async PostgresQueryInterface.select (/home/ecz/Folder/Programming/Backend/pdvProject/node_modules/sequelize/lib/dialects/abstract/query-interface.js:407:12)\n    at async ShiftTransaction.findAll (/home/ecz/Folder/Programming/Backend/pdvProject/node_modules/sequelize/lib/model.js:1140:21)\n    at async CashierService.currentBalance (/home/ecz/Folder/Programming/Backend/pdvProject/src/service/CashierService.js:219:30)\n    at async currentBalances (/home/ecz/Folder/Programming/Backend/pdvProject/src/controller/cashierController.js:151:30)","timestamp":"2026-05-15 08:5747","url":"/cashier/null/balances/","userId":2}
{"level":"error","message":"SequelizeDatabaseError: column \"nan\" does not exist","method":"GET","stack":"Error\n    at Query.run (/home/ecz/Folder/Programming/Backend/pdvProject/node_modules/sequelize/lib/dialects/postgres/query.js:50:25)\n    at /home/ecz/Folder/Programming/Backend/pdvProject/node_modules/sequelize/lib/sequelize.js:315:28\n    at process.processTicksAndRejections (node:internal/process/task_queues:104:5)\n    at async PostgresQueryInterface.select (/home/ecz/Folder/Programming/Backend/pdvProject/node_modules/sequelize/lib/dialects/abstract/query-interface.js:407:12)\n    at async Shift.findAll (/home/ecz/Folder/Programming/Backend/pdvProject/node_modules/sequelize/lib/model.js:1140:21)\n    at async Shift.findOne (/home/ecz/Folder/Programming/Backend/pdvProject/node_modules/sequelize/lib/model.js:1240:12)\n    at async CashierService.getShift (/home/ecz/Folder/Programming/Backend/pdvProject/src/service/CashierService.js:173:27)\n    at async getShift (/home/ecz/Folder/Programming/Backend/pdvProject/src/controller/cashierController.js:116:27)","timestamp":"2026-05-15 08:5757","url":"/cashier/null","userId":2}
{"level":"error","message":"Error: Given id does not match type","method":"GET","stack":"Error: Given id does not match type\n    at cashierHistory (/home/ecz/Folder/Programming/Backend/pdvProject/src/controller/cashierController.js:175:23)\n    at Layer.handleRequest (/home/ecz/Folder/Programming/Backend/pdvProject/node_modules/router/lib/layer.js:152:17)\n    at next (/home/ecz/Folder/Programming/Backend/pdvProject/node_modules/router/lib/route.js:157:13)\n    at loginRequired (/home/ecz/Folder/Programming/Backend/pdvProject/src/middlewares/loginRequired.js:20:16)\n    at Layer.handleRequest (/home/ecz/Folder/Programming/Backend/pdvProject/node_modules/router/lib/layer.js:152:17)\n    at next (/home/ecz/Folder/Programming/Backend/pdvProject/node_modules/router/lib/route.js:157:13)\n    at Route.dispatch (/home/ecz/Folder/Programming/Backend/pdvProject/node_modules/router/lib/route.js:117:3)\n    at handle (/home/ecz/Folder/Programming/Backend/pdvProject/node_modules/router/index.js:435:11)\n    at Layer.handleRequest (/home/ecz/Folder/Programming/Backend/pdvProject/node_modules/router/lib/layer.js:152:17)\n    at /home/ecz/Folder/Programming/Backend/pdvProject/node_modules/router/index.js:295:15","timestamp":"2026-05-15 08:5757","url":"/cashier/null/transactions","userId":2}
{"level":"error","message":"SequelizeDatabaseError: invalid input syntax for type integer: \"null\"","method":"GET","stack":"Error\n    at Query.run (/home/ecz/Folder/Programming/Backend/pdvProject/node_modules/sequelize/lib/dialects/postgres/query.js:50:25)\n    at /home/ecz/Folder/Programming/Backend/pdvProject/node_modules/sequelize/lib/sequelize.js:315:28\n    at process.processTicksAndRejections (node:internal/process/task_queues:104:5)\n    at async PostgresQueryInterface.select (/home/ecz/Folder/Programming/Backend/pdvProject/node_modules/sequelize/lib/dialects/abstract/query-interface.js:407:12)\n    at async ShiftTransaction.findAll (/home/ecz/Folder/Programming/Backend/pdvProject/node_modules/sequelize/lib/model.js:1140:21)\n    at async CashierService.currentBalance (/home/ecz/Folder/Programming/Backend/pdvProject/src/service/CashierService.js:219:30)\n    at async currentBalances (/home/ecz/Folder/Programming/Backend/pdvProject/src/controller/cashierController.js:151:30)","timestamp":"2026-05-15 08:5757","url":"/cashier/null/balances/","userId":2}
{"level":"error","message":"SequelizeDatabaseError: column \"nan\" does not exist","method":"GET","stack":"Error\n    at Query.run (/home/ecz/Folder/Programming/Backend/pdvProject/node_modules/sequelize/lib/dialects/postgres/query.js:50:25)\n    at /home/ecz/Folder/Programming/Backend/pdvProject/node_modules/sequelize/lib/sequelize.js:315:28\n    at process.processTicksAndRejections (node:internal/process/task_queues:104:5)\n    at async PostgresQueryInterface.select (/home/ecz/Folder/Programming/Backend/pdvProject/node_modules/sequelize/lib/dialects/abstract/query-interface.js:407:12)\n    at async Shift.findAll (/home/ecz/Folder/Programming/Backend/pdvProject/node_modules/sequelize/lib/model.js:1140:21)\n    at async Shift.findOne (/home/ecz/Folder/Programming/Backend/pdvProject/node_modules/sequelize/lib/model.js:1240:12)\n    at async CashierService.getShift (/home/ecz/Folder/Programming/Backend/pdvProject/src/service/CashierService.js:173:27)\n    at async getShift (/home/ecz/Folder/Programming/Backend/pdvProject/src/controller/cashierController.js:116:27)","timestamp":"2026-05-15 08:5801","url":"/cashier/null","userId":2}
{"level":"error","message":"Error: Given id does not match type","method":"GET","stack":"Error: Given id does not match type\n    at cashierHistory (/home/ecz/Folder/Programming/Backend/pdvProject/src/controller/cashierController.js:175:23)\n    at Layer.handleRequest (/home/ecz/Folder/Programming/Backend/pdvProject/node_modules/router/lib/layer.js:152:17)\n    at next (/home/ecz/Folder/Programming/Backend/pdvProject/node_modules/router/lib/route.js:157:13)\n    at loginRequired (/home/ecz/Folder/Programming/Backend/pdvProject/src/middlewares/loginRequired.js:20:16)\n    at Layer.handleRequest (/home/ecz/Folder/Programming/Backend/pdvProject/node_modules/router/lib/layer.js:152:17)\n    at next (/home/ecz/Folder/Programming/Backend/pdvProject/node_modules/router/lib/route.js:157:13)\n    at Route.dispatch (/home/ecz/Folder/Programming/Backend/pdvProject/node_modules/router/lib/route.js:117:3)\n    at handle (/home/ecz/Folder/Programming/Backend/pdvProject/node_modules/router/index.js:435:11)\n    at Layer.handleRequest (/home/ecz/Folder/Programming/Backend/pdvProject/node_modules/router/lib/layer.js:152:17)\n    at /home/ecz/Folder/Programming/Backend/pdvProject/node_modules/router/index.js:295:15","timestamp":"2026-05-15 08:5801","url":"/cashier/null/transactions","userId":2}
{"level":"error","message":"SequelizeDatabaseError: invalid input syntax for type integer: \"null\"","method":"GET","stack":"Error\n    at Query.run (/home/ecz/Folder/Programming/Backend/pdvProject/node_modules/sequelize/lib/dialects/postgres/query.js:50:25)\n    at /home/ecz/Folder/Programming/Backend/pdvProject/node_modules/sequelize/lib/sequelize.js:315:28\n    at process.processTicksAndRejections (node:internal/process/task_queues:104:5)\n    at async PostgresQueryInterface.select (/home/ecz/Folder/Programming/Backend/pdvProject/node_modules/sequelize/lib/dialects/abstract/query-interface.js:407:12)\n    at async ShiftTransaction.findAll (/home/ecz/Folder/Programming/Backend/pdvProject/node_modules/sequelize/lib/model.js:1140:21)\n    at async CashierService.currentBalance (/home/ecz/Folder/Programming/Backend/pdvProject/src/service/CashierService.js:219:30)\n    at async currentBalances (/home/ecz/Folder/Programming/Backend/pdvProject/src/controller/cashierController.js:151:30)","timestamp":"2026-05-15 08:5801","url":"/cashier/null/balances/","userId":2}
{"level":"error","message":"SequelizeDatabaseError: column \"nan\" does not exist","method":"GET","stack":"Error\n    at Query.run (/home/ecz/Folder/Programming/Backend/pdvProject/node_modules/sequelize/lib/dialects/postgres/query.js:50:25)\n    at /home/ecz/Folder/Programming/Backend/pdvProject/node_modules/sequelize/lib/sequelize.js:315:28\n    at process.processTicksAndRejections (node:internal/process/task_queues:104:5)\n    at async PostgresQueryInterface.select (/home/ecz/Folder/Programming/Backend/pdvProject/node_modules/sequelize/lib/dialects/abstract/query-interface.js:407:12)\n    at async Shift.findAll (/home/ecz/Folder/Programming/Backend/pdvProject/node_modules/sequelize/lib/model.js:1140:21)\n    at async Shift.findOne (/home/ecz/Folder/Programming/Backend/pdvProject/node_modules/sequelize/lib/model.js:1240:12)\n    at async CashierService.getShift (/home/ecz/Folder/Programming/Backend/pdvProject/src/service/CashierService.js:173:27)\n    at async getShift (/home/ecz/Folder/Programming/Backend/pdvProject/src/controller/cashierController.js:116:27)","timestamp":"2026-05-15 08:5828","url":"/cashier/null","userId":2}
{"level":"error","message":"Error: Given id does not match type","method":"GET","stack":"Error: Given id does not match type\n    at cashierHistory (/home/ecz/Folder/Programming/Backend/pdvProject/src/controller/cashierController.js:175:23)\n    at Layer.handleRequest (/home/ecz/Folder/Programming/Backend/pdvProject/node_modules/router/lib/layer.js:152:17)\n    at next (/home/ecz/Folder/Programming/Backend/pdvProject/node_modules/router/lib/route.js:157:13)\n    at loginRequired (/home/ecz/Folder/Programming/Backend/pdvProject/src/middlewares/loginRequired.js:20:16)\n    at Layer.handleRequest (/home/ecz/Folder/Programming/Backend/pdvProject/node_modules/router/lib/layer.js:152:17)\n    at next (/home/ecz/Folder/Programming/Backend/pdvProject/node_modules/router/lib/route.js:157:13)\n    at Route.dispatch (/home/ecz/Folder/Programming/Backend/pdvProject/node_modules/router/lib/route.js:117:3)\n    at handle (/home/ecz/Folder/Programming/Backend/pdvProject/node_modules/router/index.js:435:11)\n    at Layer.handleRequest (/home/ecz/Folder/Programming/Backend/pdvProject/node_modules/router/lib/layer.js:152:17)\n    at /home/ecz/Folder/Programming/Backend/pdvProject/node_modules/router/index.js:295:15","timestamp":"2026-05-15 08:5828","url":"/cashier/null/transactions","userId":2}
{"level":"error","message":"SequelizeDatabaseError: invalid input syntax for type integer: \"null\"","method":"GET","stack":"Error\n    at Query.run (/home/ecz/Folder/Programming/Backend/pdvProject/node_modules/sequelize/lib/dialects/postgres/query.js:50:25)\n    at /home/ecz/Folder/Programming/Backend/pdvProject/node_modules/sequelize/lib/sequelize.js:315:28\n    at process.processTicksAndRejections (node:internal/process/task_queues:104:5)\n    at async PostgresQueryInterface.select (/home/ecz/Folder/Programming/Backend/pdvProject/node_modules/sequelize/lib/dialects/abstract/query-interface.js:407:12)\n    at async ShiftTransaction.findAll (/home/ecz/Folder/Programming/Backend/pdvProject/node_modules/sequelize/lib/model.js:1140:21)\n    at async CashierService.currentBalance (/home/ecz/Folder/Programming/Backend/pdvProject/src/service/CashierService.js:219:30)\n    at async currentBalances (/home/ecz/Folder/Programming/Backend/pdvProject/src/controller/cashierController.js:151:30)","timestamp":"2026-05-15 08:5828","url":"/cashier/null/balances/","userId":2}
{"level":"error","message":"SequelizeDatabaseError: column \"nan\" does not exist","method":"GET","stack":"Error\n    at Query.run (/home/ecz/Folder/Programming/Backend/pdvProject/node_modules/sequelize/lib/dialects/postgres/query.js:50:25)\n    at /home/ecz/Folder/Programming/Backend/pdvProject/node_modules/sequelize/lib/sequelize.js:315:28\n    at process.processTicksAndRejections (node:internal/process/task_queues:104:5)\n    at async PostgresQueryInterface.select (/home/ecz/Folder/Programming/Backend/pdvProject/node_modules/sequelize/lib/dialects/abstract/query-interface.js:407:12)\n    at async Shift.findAll (/home/ecz/Folder/Programming/Backend/pdvProject/node_modules/sequelize/lib/model.js:1140:21)\n    at async Shift.findOne (/home/ecz/Folder/Programming/Backend/pdvProject/node_modules/sequelize/lib/model.js:1240:12)\n    at async CashierService.getShift (/home/ecz/Folder/Programming/Backend/pdvProject/src/service/CashierService.js:173:27)\n    at async getShift (/home/ecz/Folder/Programming/Backend/pdvProject/src/controller/cashierController.js:116:27)","timestamp":"2026-05-15 08:5829","url":"/cashier/null","userId":2}
{"level":"error","message":"Error: Given id does not match type","method":"GET","stack":"Error: Given id does not match type\n    at cashierHistory (/home/ecz/Folder/Programming/Backend/pdvProject/src/controller/cashierController.js:175:23)\n    at Layer.handleRequest (/home/ecz/Folder/Programming/Backend/pdvProject/node_modules/router/lib/layer.js:152:17)\n    at next (/home/ecz/Folder/Programming/Backend/pdvProject/node_modules/router/lib/route.js:157:13)\n    at loginRequired (/home/ecz/Folder/Programming/Backend/pdvProject/src/middlewares/loginRequired.js:20:16)\n    at Layer.handleRequest (/home/ecz/Folder/Programming/Backend/pdvProject/node_modules/router/lib/layer.js:152:17)\n    at next (/home/ecz/Folder/Programming/Backend/pdvProject/node_modules/router/lib/route.js:157:13)\n    at Route.dispatch (/home/ecz/Folder/Programming/Backend/pdvProject/node_modules/router/lib/route.js:117:3)\n    at handle (/home/ecz/Folder/Programming/Backend/pdvProject/node_modules/router/index.js:435:11)\n    at Layer.handleRequest (/home/ecz/Folder/Programming/Backend/pdvProject/node_modules/router/lib/layer.js:152:17)\n    at /home/ecz/Folder/Programming/Backend/pdvProject/node_modules/router/index.js:295:15","timestamp":"2026-05-15 08:5829","url":"/cashier/null/transactions","userId":2}
{"level":"error","message":"SequelizeDatabaseError: invalid input syntax for type integer: \"null\"","method":"GET","stack":"Error\n    at Query.run (/home/ecz/Folder/Programming/Backend/pdvProject/node_modules/sequelize/lib/dialects/postgres/query.js:50:25)\n    at /home/ecz/Folder/Programming/Backend/pdvProject/node_modules/sequelize/lib/sequelize.js:315:28\n    at process.processTicksAndRejections (node:internal/process/task_queues:104:5)\n    at async PostgresQueryInterface.select (/home/ecz/Folder/Programming/Backend/pdvProject/node_modules/sequelize/lib/dialects/abstract/query-interface.js:407:12)\n    at async ShiftTransaction.findAll (/home/ecz/Folder/Programming/Backend/pdvProject/node_modules/sequelize/lib/model.js:1140:21)\n    at async CashierService.currentBalance (/home/ecz/Folder/Programming/Backend/pdvProject/src/service/CashierService.js:219:30)\n    at async currentBalances (/home/ecz/Folder/Programming/Backend/pdvProject/src/controller/cashierController.js:151:30)","timestamp":"2026-05-15 08:5829","url":"/cashier/null/balances/","userId":2}
{"level":"error","message":"Error: There is not opened shift currently","method":"GET","stack":"Error: There is not opened shift currently\n    at CashierService.getOpenedShift (/home/ecz/Folder/Programming/Backend/pdvProject/src/service/CashierService.js:310:31)\n    at process.processTicksAndRejections (node:internal/process/task_queues:104:5)\n    at async getOpenedShift (/home/ecz/Folder/Programming/Backend/pdvProject/src/controller/cashierController.js:191:27)","timestamp":"2026-05-15 09:0506","url":"/cashier/active","userId":2}
{"level":"error","message":"Error: There is not opened shift currently","method":"GET","stack":"Error: There is not opened shift currently\n    at CashierService.getOpenedShift (/home/ecz/Folder/Programming/Backend/pdvProject/src/service/CashierService.js:310:31)\n    at process.processTicksAndRejections (node:internal/process/task_queues:104:5)\n    at async getOpenedShift (/home/ecz/Folder/Programming/Backend/pdvProject/src/controller/cashierController.js:191:27)","timestamp":"2026-05-15 09:1042","url":"/cashier/active","userId":2}
{"level":"error","message":"Error: There is not opened shift currently","method":"GET","stack":"Error: There is not opened shift currently\n    at CashierService.getOpenedShift (/home/ecz/Folder/Programming/Backend/pdvProject/src/service/CashierService.js:310:31)\n    at process.processTicksAndRejections (node:internal/process/task_queues:104:5)\n    at async getOpenedShift (/home/ecz/Folder/Programming/Backend/pdvProject/src/controller/cashierController.js:191:27)","timestamp":"2026-05-15 09:2122","url":"/cashier/active","userId":2}
{"level":"error","message":"Error: There is not opened shift currently","method":"GET","stack":"Error: There is not opened shift currently\n    at CashierService.getOpenedShift (/home/ecz/Folder/Programming/Backend/pdvProject/src/service/CashierService.js:310:31)\n    at process.processTicksAndRejections (node:internal/process/task_queues:104:5)\n    at async getOpenedShift (/home/ecz/Folder/Programming/Backend/pdvProject/src/controller/cashierController.js:191:27)","timestamp":"2026-05-15 09:2123","url":"/cashier/active","userId":2}
{"level":"error","message":"Error: Given id does not match type","method":"GET","stack":"Error: Given id does not match type\n    at cashierHistory (/home/ecz/Folder/Programming/Backend/pdvProject/src/controller/cashierController.js:175:23)\n    at Layer.handleRequest (/home/ecz/Folder/Programming/Backend/pdvProject/node_modules/router/lib/layer.js:152:17)\n    at next (/home/ecz/Folder/Programming/Backend/pdvProject/node_modules/router/lib/route.js:157:13)\n    at loginRequired (/home/ecz/Folder/Programming/Backend/pdvProject/src/middlewares/loginRequired.js:20:16)\n    at Layer.handleRequest (/home/ecz/Folder/Programming/Backend/pdvProject/node_modules/router/lib/layer.js:152:17)\n    at next (/home/ecz/Folder/Programming/Backend/pdvProject/node_modules/router/lib/route.js:157:13)\n    at Route.dispatch (/home/ecz/Folder/Programming/Backend/pdvProject/node_modules/router/lib/route.js:117:3)\n    at handle (/home/ecz/Folder/Programming/Backend/pdvProject/node_modules/router/index.js:435:11)\n    at Layer.handleRequest (/home/ecz/Folder/Programming/Backend/pdvProject/node_modules/router/lib/layer.js:152:17)\n    at /home/ecz/Folder/Programming/Backend/pdvProject/node_modules/router/index.js:295:15","timestamp":"2026-05-15 09:2310","url":"/cashier/null/transactions","userId":2}
{"level":"error","message":"SequelizeDatabaseError: column \"nan\" does not exist","method":"GET","stack":"Error\n    at Query.run (/home/ecz/Folder/Programming/Backend/pdvProject/node_modules/sequelize/lib/dialects/postgres/query.js:50:25)\n    at /home/ecz/Folder/Programming/Backend/pdvProject/node_modules/sequelize/lib/sequelize.js:315:28\n    at process.processTicksAndRejections (node:internal/process/task_queues:104:5)\n    at async PostgresQueryInterface.select (/home/ecz/Folder/Programming/Backend/pdvProject/node_modules/sequelize/lib/dialects/abstract/query-interface.js:407:12)\n    at async Shift.findAll (/home/ecz/Folder/Programming/Backend/pdvProject/node_modules/sequelize/lib/model.js:1140:21)\n    at async Shift.findOne (/home/ecz/Folder/Programming/Backend/pdvProject/node_modules/sequelize/lib/model.js:1240:12)\n    at async CashierService.getShift (/home/ecz/Folder/Programming/Backend/pdvProject/src/service/CashierService.js:173:27)\n    at async getShift (/home/ecz/Folder/Programming/Backend/pdvProject/src/controller/cashierController.js:116:27)","timestamp":"2026-05-15 09:2310","url":"/cashier/null","userId":2}
{"level":"error","message":"SequelizeDatabaseError: invalid input syntax for type integer: \"null\"","method":"GET","stack":"Error\n    at Query.run (/home/ecz/Folder/Programming/Backend/pdvProject/node_modules/sequelize/lib/dialects/postgres/query.js:50:25)\n    at /home/ecz/Folder/Programming/Backend/pdvProject/node_modules/sequelize/lib/sequelize.js:315:28\n    at process.processTicksAndRejections (node:internal/process/task_queues:104:5)\n    at async PostgresQueryInterface.select (/home/ecz/Folder/Programming/Backend/pdvProject/node_modules/sequelize/lib/dialects/abstract/query-interface.js:407:12)\n    at async ShiftTransaction.findAll (/home/ecz/Folder/Programming/Backend/pdvProject/node_modules/sequelize/lib/model.js:1140:21)\n    at async CashierService.currentBalance (/home/ecz/Folder/Programming/Backend/pdvProject/src/service/CashierService.js:219:30)\n    at async currentBalances (/home/ecz/Folder/Programming/Backend/pdvProject/src/controller/cashierController.js:151:30)","timestamp":"2026-05-15 09:2310","url":"/cashier/null/balances/","userId":2}
{"level":"error","message":"SequelizeDatabaseError: column \"nan\" does not exist","method":"GET","stack":"Error\n    at Query.run (/home/ecz/Folder/Programming/Backend/pdvProject/node_modules/sequelize/lib/dialects/postgres/query.js:50:25)\n    at /home/ecz/Folder/Programming/Backend/pdvProject/node_modules/sequelize/lib/sequelize.js:315:28\n    at process.processTicksAndRejections (node:internal/process/task_queues:104:5)\n    at async PostgresQueryInterface.select (/home/ecz/Folder/Programming/Backend/pdvProject/node_modules/sequelize/lib/dialects/abstract/query-interface.js:407:12)\n    at async Shift.findAll (/home/ecz/Folder/Programming/Backend/pdvProject/node_modules/sequelize/lib/model.js:1140:21)\n    at async Shift.findOne (/home/ecz/Folder/Programming/Backend/pdvProject/node_modules/sequelize/lib/model.js:1240:12)\n    at async CashierService.getShift (/home/ecz/Folder/Programming/Backend/pdvProject/src/service/CashierService.js:173:27)\n    at async getShift (/home/ecz/Folder/Programming/Backend/pdvProject/src/controller/cashierController.js:116:27)","timestamp":"2026-05-15 09:2321","url":"/cashier/null","userId":2}
{"level":"error","message":"Error: Given id does not match type","method":"GET","stack":"Error: Given id does not match type\n    at cashierHistory (/home/ecz/Folder/Programming/Backend/pdvProject/src/controller/cashierController.js:175:23)\n    at Layer.handleRequest (/home/ecz/Folder/Programming/Backend/pdvProject/node_modules/router/lib/layer.js:152:17)\n    at next (/home/ecz/Folder/Programming/Backend/pdvProject/node_modules/router/lib/route.js:157:13)\n    at loginRequired (/home/ecz/Folder/Programming/Backend/pdvProject/src/middlewares/loginRequired.js:20:16)\n    at Layer.handleRequest (/home/ecz/Folder/Programming/Backend/pdvProject/node_modules/router/lib/layer.js:152:17)\n    at next (/home/ecz/Folder/Programming/Backend/pdvProject/node_modules/router/lib/route.js:157:13)\n    at Route.dispatch (/home/ecz/Folder/Programming/Backend/pdvProject/node_modules/router/lib/route.js:117:3)\n    at handle (/home/ecz/Folder/Programming/Backend/pdvProject/node_modules/router/index.js:435:11)\n    at Layer.handleRequest (/home/ecz/Folder/Programming/Backend/pdvProject/node_modules/router/lib/layer.js:152:17)\n    at /home/ecz/Folder/Programming/Backend/pdvProject/node_modules/router/index.js:295:15","timestamp":"2026-05-15 09:2321","url":"/cashier/null/transactions","userId":2}
{"level":"error","message":"SequelizeDatabaseError: invalid input syntax for type integer: \"null\"","method":"GET","stack":"Error\n    at Query.run (/home/ecz/Folder/Programming/Backend/pdvProject/node_modules/sequelize/lib/dialects/postgres/query.js:50:25)\n    at /home/ecz/Folder/Programming/Backend/pdvProject/node_modules/sequelize/lib/sequelize.js:315:28\n    at process.processTicksAndRejections (node:internal/process/task_queues:104:5)\n    at async PostgresQueryInterface.select (/home/ecz/Folder/Programming/Backend/pdvProject/node_modules/sequelize/lib/dialects/abstract/query-interface.js:407:12)\n    at async ShiftTransaction.findAll (/home/ecz/Folder/Programming/Backend/pdvProject/node_modules/sequelize/lib/model.js:1140:21)\n    at async CashierService.currentBalance (/home/ecz/Folder/Programming/Backend/pdvProject/src/service/CashierService.js:219:30)\n    at async currentBalances (/home/ecz/Folder/Programming/Backend/pdvProject/src/controller/cashierController.js:151:30)","timestamp":"2026-05-15 09:2321","url":"/cashier/null/balances/","userId":2}
{"level":"error","message":"Error: Given id does not match type","method":"GET","stack":"Error: Given id does not match type\n    at cashierHistory (/home/ecz/Folder/Programming/Backend/pdvProject/src/controller/cashierController.js:175:23)\n    at Layer.handleRequest (/home/ecz/Folder/Programming/Backend/pdvProject/node_modules/router/lib/layer.js:152:17)\n    at next (/home/ecz/Folder/Programming/Backend/pdvProject/node_modules/router/lib/route.js:157:13)\n    at loginRequired (/home/ecz/Folder/Programming/Backend/pdvProject/src/middlewares/loginRequired.js:20:16)\n    at Layer.handleRequest (/home/ecz/Folder/Programming/Backend/pdvProject/node_modules/router/lib/layer.js:152:17)\n    at next (/home/ecz/Folder/Programming/Backend/pdvProject/node_modules/router/lib/route.js:157:13)\n    at Route.dispatch (/home/ecz/Folder/Programming/Backend/pdvProject/node_modules/router/lib/route.js:117:3)\n    at handle (/home/ecz/Folder/Programming/Backend/pdvProject/node_modules/router/index.js:435:11)\n    at Layer.handleRequest (/home/ecz/Folder/Programming/Backend/pdvProject/node_modules/router/lib/layer.js:152:17)\n    at /home/ecz/Folder/Programming/Backend/pdvProject/node_modules/router/index.js:295:15","timestamp":"2026-05-15 09:2334","url":"/cashier/null/transactions","userId":2}
{"level":"error","message":"SequelizeDatabaseError: column \"nan\" does not exist","method":"GET","stack":"Error\n    at Query.run (/home/ecz/Folder/Programming/Backend/pdvProject/node_modules/sequelize/lib/dialects/postgres/query.js:50:25)\n    at /home/ecz/Folder/Programming/Backend/pdvProject/node_modules/sequelize/lib/sequelize.js:315:28\n    at process.processTicksAndRejections (node:internal/process/task_queues:104:5)\n    at async PostgresQueryInterface.select (/home/ecz/Folder/Programming/Backend/pdvProject/node_modules/sequelize/lib/dialects/abstract/query-interface.js:407:12)\n    at async Shift.findAll (/home/ecz/Folder/Programming/Backend/pdvProject/node_modules/sequelize/lib/model.js:1140:21)\n    at async Shift.findOne (/home/ecz/Folder/Programming/Backend/pdvProject/node_modules/sequelize/lib/model.js:1240:12)\n    at async CashierService.getShift (/home/ecz/Folder/Programming/Backend/pdvProject/src/service/CashierService.js:173:27)\n    at async getShift (/home/ecz/Folder/Programming/Backend/pdvProject/src/controller/cashierController.js:116:27)","timestamp":"2026-05-15 09:2334","url":"/cashier/null","userId":2}
{"level":"error","message":"SequelizeDatabaseError: invalid input syntax for type integer: \"null\"","method":"GET","stack":"Error\n    at Query.run (/home/ecz/Folder/Programming/Backend/pdvProject/node_modules/sequelize/lib/dialects/postgres/query.js:50:25)\n    at /home/ecz/Folder/Programming/Backend/pdvProject/node_modules/sequelize/lib/sequelize.js:315:28\n    at process.processTicksAndRejections (node:internal/process/task_queues:104:5)\n    at async PostgresQueryInterface.select (/home/ecz/Folder/Programming/Backend/pdvProject/node_modules/sequelize/lib/dialects/abstract/query-interface.js:407:12)\n    at async ShiftTransaction.findAll (/home/ecz/Folder/Programming/Backend/pdvProject/node_modules/sequelize/lib/model.js:1140:21)\n    at async CashierService.currentBalance (/home/ecz/Folder/Programming/Backend/pdvProject/src/service/CashierService.js:219:30)\n    at async currentBalances (/home/ecz/Folder/Programming/Backend/pdvProject/src/controller/cashierController.js:151:30)","timestamp":"2026-05-15 09:2334","url":"/cashier/null/balances/","userId":2}
{"level":"error","message":"Error: Given id does not match type","method":"GET","stack":"Error: Given id does not match type\n    at cashierHistory (/home/ecz/Folder/Programming/Backend/pdvProject/src/controller/cashierController.js:175:23)\n    at Layer.handleRequest (/home/ecz/Folder/Programming/Backend/pdvProject/node_modules/router/lib/layer.js:152:17)\n    at next (/home/ecz/Folder/Programming/Backend/pdvProject/node_modules/router/lib/route.js:157:13)\n    at loginRequired (/home/ecz/Folder/Programming/Backend/pdvProject/src/middlewares/loginRequired.js:20:16)\n    at Layer.handleRequest (/home/ecz/Folder/Programming/Backend/pdvProject/node_modules/router/lib/layer.js:152:17)\n    at next (/home/ecz/Folder/Programming/Backend/pdvProject/node_modules/router/lib/route.js:157:13)\n    at Route.dispatch (/home/ecz/Folder/Programming/Backend/pdvProject/node_modules/router/lib/route.js:117:3)\n    at handle (/home/ecz/Folder/Programming/Backend/pdvProject/node_modules/router/index.js:435:11)\n    at Layer.handleRequest (/home/ecz/Folder/Programming/Backend/pdvProject/node_modules/router/lib/layer.js:152:17)\n    at /home/ecz/Folder/Programming/Backend/pdvProject/node_modules/router/index.js:295:15","timestamp":"2026-05-15 09:2936","url":"/cashier/null/transactions","userId":2}
{"level":"error","message":"SequelizeDatabaseError: column \"nan\" does not exist","method":"GET","stack":"Error\n    at Query.run (/home/ecz/Folder/Programming/Backend/pdvProject/node_modules/sequelize/lib/dialects/postgres/query.js:50:25)\n    at /home/ecz/Folder/Programming/Backend/pdvProject/node_modules/sequelize/lib/sequelize.js:315:28\n    at process.processTicksAndRejections (node:internal/process/task_queues:104:5)\n    at async PostgresQueryInterface.select (/home/ecz/Folder/Programming/Backend/pdvProject/node_modules/sequelize/lib/dialects/abstract/query-interface.js:407:12)\n    at async Shift.findAll (/home/ecz/Folder/Programming/Backend/pdvProject/node_modules/sequelize/lib/model.js:1140:21)\n    at async Shift.findOne (/home/ecz/Folder/Programming/Backend/pdvProject/node_modules/sequelize/lib/model.js:1240:12)\n    at async CashierService.getShift (/home/ecz/Folder/Programming/Backend/pdvProject/src/service/CashierService.js:173:27)\n    at async getShift (/home/ecz/Folder/Programming/Backend/pdvProject/src/controller/cashierController.js:116:27)","timestamp":"2026-05-15 09:2936","url":"/cashier/null","userId":2}
{"level":"error","message":"SequelizeDatabaseError: invalid input syntax for type integer: \"null\"","method":"GET","stack":"Error\n    at Query.run (/home/ecz/Folder/Programming/Backend/pdvProject/node_modules/sequelize/lib/dialects/postgres/query.js:50:25)\n    at /home/ecz/Folder/Programming/Backend/pdvProject/node_modules/sequelize/lib/sequelize.js:315:28\n    at process.processTicksAndRejections (node:internal/process/task_queues:104:5)\n    at async PostgresQueryInterface.select (/home/ecz/Folder/Programming/Backend/pdvProject/node_modules/sequelize/lib/dialects/abstract/query-interface.js:407:12)\n    at async ShiftTransaction.findAll (/home/ecz/Folder/Programming/Backend/pdvProject/node_modules/sequelize/lib/model.js:1140:21)\n    at async CashierService.currentBalance (/home/ecz/Folder/Programming/Backend/pdvProject/src/service/CashierService.js:219:30)\n    at async currentBalances (/home/ecz/Folder/Programming/Backend/pdvProject/src/controller/cashierController.js:151:30)","timestamp":"2026-05-15 09:2936","url":"/cashier/null/balances/","userId":2}
{"level":"error","message":"Error: Given id does not match type","method":"GET","stack":"Error: Given id does not match type\n    at cashierHistory (/home/ecz/Folder/Programming/Backend/pdvProject/src/controller/cashierController.js:175:23)\n    at Layer.handleRequest (/home/ecz/Folder/Programming/Backend/pdvProject/node_modules/router/lib/layer.js:152:17)\n    at next (/home/ecz/Folder/Programming/Backend/pdvProject/node_modules/router/lib/route.js:157:13)\n    at loginRequired (/home/ecz/Folder/Programming/Backend/pdvProject/src/middlewares/loginRequired.js:20:16)\n    at Layer.handleRequest (/home/ecz/Folder/Programming/Backend/pdvProject/node_modules/router/lib/layer.js:152:17)\n    at next (/home/ecz/Folder/Programming/Backend/pdvProject/node_modules/router/lib/route.js:157:13)\n    at Route.dispatch (/home/ecz/Folder/Programming/Backend/pdvProject/node_modules/router/lib/route.js:117:3)\n    at handle (/home/ecz/Folder/Programming/Backend/pdvProject/node_modules/router/index.js:435:11)\n    at Layer.handleRequest (/home/ecz/Folder/Programming/Backend/pdvProject/node_modules/router/lib/layer.js:152:17)\n    at /home/ecz/Folder/Programming/Backend/pdvProject/node_modules/router/index.js:295:15","timestamp":"2026-05-15 09:3206","url":"/cashier/null/transactions","userId":2}
{"level":"error","message":"SequelizeDatabaseError: column \"nan\" does not exist","method":"GET","stack":"Error\n    at Query.run (/home/ecz/Folder/Programming/Backend/pdvProject/node_modules/sequelize/lib/dialects/postgres/query.js:50:25)\n    at /home/ecz/Folder/Programming/Backend/pdvProject/node_modules/sequelize/lib/sequelize.js:315:28\n    at process.processTicksAndRejections (node:internal/process/task_queues:104:5)\n    at async PostgresQueryInterface.select (/home/ecz/Folder/Programming/Backend/pdvProject/node_modules/sequelize/lib/dialects/abstract/query-interface.js:407:12)\n    at async Shift.findAll (/home/ecz/Folder/Programming/Backend/pdvProject/node_modules/sequelize/lib/model.js:1140:21)\n    at async Shift.findOne (/home/ecz/Folder/Programming/Backend/pdvProject/node_modules/sequelize/lib/model.js:1240:12)\n    at async CashierService.getShift (/home/ecz/Folder/Programming/Backend/pdvProject/src/service/CashierService.js:173:27)\n    at async getShift (/home/ecz/Folder/Programming/Backend/pdvProject/src/controller/cashierController.js:116:27)","timestamp":"2026-05-15 09:3206","url":"/cashier/null","userId":2}
{"level":"error","message":"SequelizeDatabaseError: invalid input syntax for type integer: \"null\"","method":"GET","stack":"Error\n    at Query.run (/home/ecz/Folder/Programming/Backend/pdvProject/node_modules/sequelize/lib/dialects/postgres/query.js:50:25)\n    at /home/ecz/Folder/Programming/Backend/pdvProject/node_modules/sequelize/lib/sequelize.js:315:28\n    at process.processTicksAndRejections (node:internal/process/task_queues:104:5)\n    at async PostgresQueryInterface.select (/home/ecz/Folder/Programming/Backend/pdvProject/node_modules/sequelize/lib/dialects/abstract/query-interface.js:407:12)\n    at async ShiftTransaction.findAll (/home/ecz/Folder/Programming/Backend/pdvProject/node_modules/sequelize/lib/model.js:1140:21)\n    at async CashierService.currentBalance (/home/ecz/Folder/Programming/Backend/pdvProject/src/service/CashierService.js:219:30)\n    at async currentBalances (/home/ecz/Folder/Programming/Backend/pdvProject/src/controller/cashierController.js:151:30)","timestamp":"2026-05-15 09:3206","url":"/cashier/null/balances/","userId":2}
{"level":"error","message":"SequelizeDatabaseError: column \"nan\" does not exist","method":"GET","stack":"Error\n    at Query.run (/home/ecz/Folder/Programming/Backend/pdvProject/node_modules/sequelize/lib/dialects/postgres/query.js:50:25)\n    at /home/ecz/Folder/Programming/Backend/pdvProject/node_modules/sequelize/lib/sequelize.js:315:28\n    at process.processTicksAndRejections (node:internal/process/task_queues:104:5)\n    at async PostgresQueryInterface.select (/home/ecz/Folder/Programming/Backend/pdvProject/node_modules/sequelize/lib/dialects/abstract/query-interface.js:407:12)\n    at async Shift.findAll (/home/ecz/Folder/Programming/Backend/pdvProject/node_modules/sequelize/lib/model.js:1140:21)\n    at async Shift.findOne (/home/ecz/Folder/Programming/Backend/pdvProject/node_modules/sequelize/lib/model.js:1240:12)\n    at async CashierService.getShift (/home/ecz/Folder/Programming/Backend/pdvProject/src/service/CashierService.js:173:27)\n    at async getShift (/home/ecz/Folder/Programming/Backend/pdvProject/src/controller/cashierController.js:116:27)","timestamp":"2026-05-15 09:3211","url":"/cashier/null","userId":2}
{"level":"error","message":"Error: Given id does not match type","method":"GET","stack":"Error: Given id does not match type\n    at cashierHistory (/home/ecz/Folder/Programming/Backend/pdvProject/src/controller/cashierController.js:175:23)\n    at Layer.handleRequest (/home/ecz/Folder/Programming/Backend/pdvProject/node_modules/router/lib/layer.js:152:17)\n    at next (/home/ecz/Folder/Programming/Backend/pdvProject/node_modules/router/lib/route.js:157:13)\n    at loginRequired (/home/ecz/Folder/Programming/Backend/pdvProject/src/middlewares/loginRequired.js:20:16)\n    at Layer.handleRequest (/home/ecz/Folder/Programming/Backend/pdvProject/node_modules/router/lib/layer.js:152:17)\n    at next (/home/ecz/Folder/Programming/Backend/pdvProject/node_modules/router/lib/route.js:157:13)\n    at Route.dispatch (/home/ecz/Folder/Programming/Backend/pdvProject/node_modules/router/lib/route.js:117:3)\n    at handle (/home/ecz/Folder/Programming/Backend/pdvProject/node_modules/router/index.js:435:11)\n    at Layer.handleRequest (/home/ecz/Folder/Programming/Backend/pdvProject/node_modules/router/lib/layer.js:152:17)\n    at /home/ecz/Folder/Programming/Backend/pdvProject/node_modules/router/index.js:295:15","timestamp":"2026-05-15 09:3211","url":"/cashier/null/transactions","userId":2}
{"level":"error","message":"SequelizeDatabaseError: invalid input syntax for type integer: \"null\"","method":"GET","stack":"Error\n    at Query.run (/home/ecz/Folder/Programming/Backend/pdvProject/node_modules/sequelize/lib/dialects/postgres/query.js:50:25)\n    at /home/ecz/Folder/Programming/Backend/pdvProject/node_modules/sequelize/lib/sequelize.js:315:28\n    at process.processTicksAndRejections (node:internal/process/task_queues:104:5)\n    at async PostgresQueryInterface.select (/home/ecz/Folder/Programming/Backend/pdvProject/node_modules/sequelize/lib/dialects/abstract/query-interface.js:407:12)\n    at async ShiftTransaction.findAll (/home/ecz/Folder/Programming/Backend/pdvProject/node_modules/sequelize/lib/model.js:1140:21)\n    at async CashierService.currentBalance (/home/ecz/Folder/Programming/Backend/pdvProject/src/service/CashierService.js:219:30)\n    at async currentBalances (/home/ecz/Folder/Programming/Backend/pdvProject/src/controller/cashierController.js:151:30)","timestamp":"2026-05-15 09:3211","url":"/cashier/null/balances/","userId":2}
{"level":"error","message":"Error: Given id does not match type","method":"GET","stack":"Error: Given id does not match type\n    at cashierHistory (/home/ecz/Folder/Programming/Backend/pdvProject/src/controller/cashierController.js:175:23)\n    at Layer.handleRequest (/home/ecz/Folder/Programming/Backend/pdvProject/node_modules/router/lib/layer.js:152:17)\n    at next (/home/ecz/Folder/Programming/Backend/pdvProject/node_modules/router/lib/route.js:157:13)\n    at loginRequired (/home/ecz/Folder/Programming/Backend/pdvProject/src/middlewares/loginRequired.js:20:16)\n    at Layer.handleRequest (/home/ecz/Folder/Programming/Backend/pdvProject/node_modules/router/lib/layer.js:152:17)\n    at next (/home/ecz/Folder/Programming/Backend/pdvProject/node_modules/router/lib/route.js:157:13)\n    at Route.dispatch (/home/ecz/Folder/Programming/Backend/pdvProject/node_modules/router/lib/route.js:117:3)\n    at handle (/home/ecz/Folder/Programming/Backend/pdvProject/node_modules/router/index.js:435:11)\n    at Layer.handleRequest (/home/ecz/Folder/Programming/Backend/pdvProject/node_modules/router/lib/layer.js:152:17)\n    at /home/ecz/Folder/Programming/Backend/pdvProject/node_modules/router/index.js:295:15","timestamp":"2026-05-15 09:3233","url":"/cashier/null/transactions","userId":2}
{"level":"error","message":"SequelizeDatabaseError: column \"nan\" does not exist","method":"GET","stack":"Error\n    at Query.run (/home/ecz/Folder/Programming/Backend/pdvProject/node_modules/sequelize/lib/dialects/postgres/query.js:50:25)\n    at /home/ecz/Folder/Programming/Backend/pdvProject/node_modules/sequelize/lib/sequelize.js:315:28\n    at process.processTicksAndRejections (node:internal/process/task_queues:104:5)\n    at async PostgresQueryInterface.select (/home/ecz/Folder/Programming/Backend/pdvProject/node_modules/sequelize/lib/dialects/abstract/query-interface.js:407:12)\n    at async Shift.findAll (/home/ecz/Folder/Programming/Backend/pdvProject/node_modules/sequelize/lib/model.js:1140:21)\n    at async Shift.findOne (/home/ecz/Folder/Programming/Backend/pdvProject/node_modules/sequelize/lib/model.js:1240:12)\n    at async CashierService.getShift (/home/ecz/Folder/Programming/Backend/pdvProject/src/service/CashierService.js:173:27)\n    at async getShift (/home/ecz/Folder/Programming/Backend/pdvProject/src/controller/cashierController.js:116:27)","timestamp":"2026-05-15 09:3233","url":"/cashier/null","userId":2}
{"level":"error","message":"SequelizeDatabaseError: invalid input syntax for type integer: \"null\"","method":"GET","stack":"Error\n    at Query.run (/home/ecz/Folder/Programming/Backend/pdvProject/node_modules/sequelize/lib/dialects/postgres/query.js:50:25)\n    at /home/ecz/Folder/Programming/Backend/pdvProject/node_modules/sequelize/lib/sequelize.js:315:28\n    at process.processTicksAndRejections (node:internal/process/task_queues:104:5)\n    at async PostgresQueryInterface.select (/home/ecz/Folder/Programming/Backend/pdvProject/node_modules/sequelize/lib/dialects/abstract/query-interface.js:407:12)\n    at async ShiftTransaction.findAll (/home/ecz/Folder/Programming/Backend/pdvProject/node_modules/sequelize/lib/model.js:1140:21)\n    at async CashierService.currentBalance (/home/ecz/Folder/Programming/Backend/pdvProject/src/service/CashierService.js:219:30)\n    at async currentBalances (/home/ecz/Folder/Programming/Backend/pdvProject/src/controller/cashierController.js:151:30)","timestamp":"2026-05-15 09:3233","url":"/cashier/null/balances/","userId":2}
{"level":"error","message":"SequelizeDatabaseError: column \"nan\" does not exist","method":"GET","stack":"Error\n    at Query.run (/home/ecz/Folder/Programming/Backend/pdvProject/node_modules/sequelize/lib/dialects/postgres/query.js:50:25)\n    at /home/ecz/Folder/Programming/Backend/pdvProject/node_modules/sequelize/lib/sequelize.js:315:28\n    at process.processTicksAndRejections (node:internal/process/task_queues:104:5)\n    at async PostgresQueryInterface.select (/home/ecz/Folder/Programming/Backend/pdvProject/node_modules/sequelize/lib/dialects/abstract/query-interface.js:407:12)\n    at async Shift.findAll (/home/ecz/Folder/Programming/Backend/pdvProject/node_modules/sequelize/lib/model.js:1140:21)\n    at async Shift.findOne (/home/ecz/Folder/Programming/Backend/pdvProject/node_modules/sequelize/lib/model.js:1240:12)\n    at async CashierService.getShift (/home/ecz/Folder/Programming/Backend/pdvProject/src/service/CashierService.js:173:27)\n    at async getShift (/home/ecz/Folder/Programming/Backend/pdvProject/src/controller/cashierController.js:116:27)","timestamp":"2026-05-15 09:3238","url":"/cashier/null","userId":2}
{"level":"error","message":"Error: Given id does not match type","method":"GET","stack":"Error: Given id does not match type\n    at cashierHistory (/home/ecz/Folder/Programming/Backend/pdvProject/src/controller/cashierController.js:175:23)\n    at Layer.handleRequest (/home/ecz/Folder/Programming/Backend/pdvProject/node_modules/router/lib/layer.js:152:17)\n    at next (/home/ecz/Folder/Programming/Backend/pdvProject/node_modules/router/lib/route.js:157:13)\n    at loginRequired (/home/ecz/Folder/Programming/Backend/pdvProject/src/middlewares/loginRequired.js:20:16)\n    at Layer.handleRequest (/home/ecz/Folder/Programming/Backend/pdvProject/node_modules/router/lib/layer.js:152:17)\n    at next (/home/ecz/Folder/Programming/Backend/pdvProject/node_modules/router/lib/route.js:157:13)\n    at Route.dispatch (/home/ecz/Folder/Programming/Backend/pdvProject/node_modules/router/lib/route.js:117:3)\n    at handle (/home/ecz/Folder/Programming/Backend/pdvProject/node_modules/router/index.js:435:11)\n    at Layer.handleRequest (/home/ecz/Folder/Programming/Backend/pdvProject/node_modules/router/lib/layer.js:152:17)\n    at /home/ecz/Folder/Programming/Backend/pdvProject/node_modules/router/index.js:295:15","timestamp":"2026-05-15 09:3238","url":"/cashier/null/transactions","userId":2}
{"level":"error","message":"SequelizeDatabaseError: invalid input syntax for type integer: \"null\"","method":"GET","stack":"Error\n    at Query.run (/home/ecz/Folder/Programming/Backend/pdvProject/node_modules/sequelize/lib/dialects/postgres/query.js:50:25)\n    at /home/ecz/Folder/Programming/Backend/pdvProject/node_modules/sequelize/lib/sequelize.js:315:28\n    at process.processTicksAndRejections (node:internal/process/task_queues:104:5)\n    at async PostgresQueryInterface.select (/home/ecz/Folder/Programming/Backend/pdvProject/node_modules/sequelize/lib/dialects/abstract/query-interface.js:407:12)\n    at async ShiftTransaction.findAll (/home/ecz/Folder/Programming/Backend/pdvProject/node_modules/sequelize/lib/model.js:1140:21)\n    at async CashierService.currentBalance (/home/ecz/Folder/Programming/Backend/pdvProject/src/service/CashierService.js:219:30)\n    at async currentBalances (/home/ecz/Folder/Programming/Backend/pdvProject/src/controller/cashierController.js:151:30)","timestamp":"2026-05-15 09:3238","url":"/cashier/null/balances/","userId":2}
{"level":"error","message":"Error: Given id does not match type","method":"GET","stack":"Error: Given id does not match type\n    at cashierHistory (/home/ecz/Folder/Programming/Backend/pdvProject/src/controller/cashierController.js:175:23)\n    at Layer.handleRequest (/home/ecz/Folder/Programming/Backend/pdvProject/node_modules/router/lib/layer.js:152:17)\n    at next (/home/ecz/Folder/Programming/Backend/pdvProject/node_modules/router/lib/route.js:157:13)\n    at loginRequired (/home/ecz/Folder/Programming/Backend/pdvProject/src/middlewares/loginRequired.js:20:16)\n    at Layer.handleRequest (/home/ecz/Folder/Programming/Backend/pdvProject/node_modules/router/lib/layer.js:152:17)\n    at next (/home/ecz/Folder/Programming/Backend/pdvProject/node_modules/router/lib/route.js:157:13)\n    at Route.dispatch (/home/ecz/Folder/Programming/Backend/pdvProject/node_modules/router/lib/route.js:117:3)\n    at handle (/home/ecz/Folder/Programming/Backend/pdvProject/node_modules/router/index.js:435:11)\n    at Layer.handleRequest (/home/ecz/Folder/Programming/Backend/pdvProject/node_modules/router/lib/layer.js:152:17)\n    at /home/ecz/Folder/Programming/Backend/pdvProject/node_modules/router/index.js:295:15","timestamp":"2026-05-15 09:3242","url":"/cashier/null/transactions","userId":2}
{"level":"error","message":"SequelizeDatabaseError: column \"nan\" does not exist","method":"GET","stack":"Error\n    at Query.run (/home/ecz/Folder/Programming/Backend/pdvProject/node_modules/sequelize/lib/dialects/postgres/query.js:50:25)\n    at /home/ecz/Folder/Programming/Backend/pdvProject/node_modules/sequelize/lib/sequelize.js:315:28\n    at process.processTicksAndRejections (node:internal/process/task_queues:104:5)\n    at async PostgresQueryInterface.select (/home/ecz/Folder/Programming/Backend/pdvProject/node_modules/sequelize/lib/dialects/abstract/query-interface.js:407:12)\n    at async Shift.findAll (/home/ecz/Folder/Programming/Backend/pdvProject/node_modules/sequelize/lib/model.js:1140:21)\n    at async Shift.findOne (/home/ecz/Folder/Programming/Backend/pdvProject/node_modules/sequelize/lib/model.js:1240:12)\n    at async CashierService.getShift (/home/ecz/Folder/Programming/Backend/pdvProject/src/service/CashierService.js:173:27)\n    at async getShift (/home/ecz/Folder/Programming/Backend/pdvProject/src/controller/cashierController.js:116:27)","timestamp":"2026-05-15 09:3242","url":"/cashier/null","userId":2}
{"level":"error","message":"SequelizeDatabaseError: invalid input syntax for type integer: \"null\"","method":"GET","stack":"Error\n    at Query.run (/home/ecz/Folder/Programming/Backend/pdvProject/node_modules/sequelize/lib/dialects/postgres/query.js:50:25)\n    at /home/ecz/Folder/Programming/Backend/pdvProject/node_modules/sequelize/lib/sequelize.js:315:28\n    at process.processTicksAndRejections (node:internal/process/task_queues:104:5)\n    at async PostgresQueryInterface.select (/home/ecz/Folder/Programming/Backend/pdvProject/node_modules/sequelize/lib/dialects/abstract/query-interface.js:407:12)\n    at async ShiftTransaction.findAll (/home/ecz/Folder/Programming/Backend/pdvProject/node_modules/sequelize/lib/model.js:1140:21)\n    at async CashierService.currentBalance (/home/ecz/Folder/Programming/Backend/pdvProject/src/service/CashierService.js:219:30)\n    at async currentBalances (/home/ecz/Folder/Programming/Backend/pdvProject/src/controller/cashierController.js:151:30)","timestamp":"2026-05-15 09:3242","url":"/cashier/null/balances/","userId":2}
{"level":"error","message":"Error: There is not opened shift currently","method":"GET","stack":"Error: There is not opened shift currently\n    at CashierService.getOpenedShift (/home/ecz/Folder/Programming/Backend/pdvProject/src/service/CashierService.js:310:31)\n    at process.processTicksAndRejections (node:internal/process/task_queues:104:5)\n    at async getOpenedShift (/home/ecz/Folder/Programming/Backend/pdvProject/src/controller/cashierController.js:191:27)","timestamp":"2026-05-15 09:3331","url":"/cashier/active","userId":2}
{"level":"error","message":"Error: There is not opened shift currently","method":"GET","stack":"Error: There is not opened shift currently\n    at CashierService.getOpenedShift (/home/ecz/Folder/Programming/Backend/pdvProject/src/service/CashierService.js:310:31)\n    at process.processTicksAndRejections (node:internal/process/task_queues:104:5)\n    at async getOpenedShift (/home/ecz/Folder/Programming/Backend/pdvProject/src/controller/cashierController.js:191:27)","timestamp":"2026-05-15 09:3333","url":"/cashier/active","userId":2}
{"level":"error","message":"Error: There is not opened shift currently","method":"GET","stack":"Error: There is not opened shift currently\n    at CashierService.getOpenedShift (/home/ecz/Folder/Programming/Backend/pdvProject/src/service/CashierService.js:310:31)\n    at process.processTicksAndRejections (node:internal/process/task_queues:104:5)\n    at async getOpenedShift (/home/ecz/Folder/Programming/Backend/pdvProject/src/controller/cashierController.js:191:27)","timestamp":"2026-05-15 09:3553","url":"/cashier/active","userId":2}
{"level":"error","message":"Error: There is not opened shift currently","method":"GET","stack":"Error: There is not opened shift currently\n    at CashierService.getOpenedShift (/home/ecz/Folder/Programming/Backend/pdvProject/src/service/CashierService.js:310:31)\n    at process.processTicksAndRejections (node:internal/process/task_queues:104:5)\n    at async getOpenedShift (/home/ecz/Folder/Programming/Backend/pdvProject/src/controller/cashierController.js:191:27)","timestamp":"2026-05-15 09:3646","url":"/cashier/active","userId":2}
{"level":"error","message":"Error: There is not opened shift currently","method":"GET","stack":"Error: There is not opened shift currently\n    at CashierService.getOpenedShift (/home/ecz/Folder/Programming/Backend/pdvProject/src/service/CashierService.js:310:31)\n    at process.processTicksAndRejections (node:internal/process/task_queues:104:5)\n    at async getOpenedShift (/home/ecz/Folder/Programming/Backend/pdvProject/src/controller/cashierController.js:191:27)","timestamp":"2026-05-15 09:3702","url":"/cashier/active","userId":2}
{"level":"error","message":"Error: There is not opened shift currently","method":"GET","stack":"Error: There is not opened shift currently\n    at CashierService.getOpenedShift (/home/ecz/Folder/Programming/Backend/pdvProject/src/service/CashierService.js:310:31)\n    at process.processTicksAndRejections (node:internal/process/task_queues:104:5)\n    at async getOpenedShift (/home/ecz/Folder/Programming/Backend/pdvProject/src/controller/cashierController.js:191:27)","timestamp":"2026-05-15 09:3706","url":"/cashier/active","userId":2}
{"level":"error","message":"Error: There is not opened shift currently","method":"GET","stack":"Error: There is not opened shift currently\n    at CashierService.getOpenedShift (/home/ecz/Folder/Programming/Backend/pdvProject/src/service/CashierService.js:310:31)\n    at process.processTicksAndRejections (node:internal/process/task_queues:104:5)\n    at async getOpenedShift (/home/ecz/Folder/Programming/Backend/pdvProject/src/controller/cashierController.js:191:27)","timestamp":"2026-05-15 09:3708","url":"/cashier/active","userId":2}
{"level":"error","message":"Error: There is not opened shift currently","method":"GET","stack":"Error: There is not opened shift currently\n    at CashierService.getOpenedShift (/home/ecz/Folder/Programming/Backend/pdvProject/src/service/CashierService.js:310:31)\n    at process.processTicksAndRejections (node:internal/process/task_queues:104:5)\n    at async getOpenedShift (/home/ecz/Folder/Programming/Backend/pdvProject/src/controller/cashierController.js:191:27)","timestamp":"2026-05-15 09:3717","url":"/cashier/active","userId":2}
{"level":"error","message":"Error: There is not opened shift currently","method":"GET","stack":"Error: There is not opened shift currently\n    at CashierService.getOpenedShift (/home/ecz/Folder/Programming/Backend/pdvProject/src/service/CashierService.js:310:31)\n    at process.processTicksAndRejections (node:internal/process/task_queues:104:5)\n    at async getOpenedShift (/home/ecz/Folder/Programming/Backend/pdvProject/src/controller/cashierController.js:191:27)","timestamp":"2026-05-15 09:3832","url":"/cashier/active","userId":2}
{"level":"error","message":"Error: User not found","method":"POST","stack":"Error: User not found\n    at store (/home/ecz/Folder/Programming/Backend/pdvProject/src/controller/tokenController.js:24:23)\n    at process.processTicksAndRejections (node:internal/process/task_queues:104:5)","timestamp":"2026-05-15 09:3922","url":"/tokens","userId":"Anonymous"}
{"level":"error","message":"Error: User not found","method":"POST","stack":"Error: User not found\n    at store (/home/ecz/Folder/Programming/Backend/pdvProject/src/controller/tokenController.js:24:23)\n    at process.processTicksAndRejections (node:internal/process/task_queues:104:5)","timestamp":"2026-05-15 09:3927","url":"/tokens","userId":"Anonymous"}
{"level":"error","message":"Error: There is not opened shift currently","method":"GET","stack":"Error: There is not opened shift currently\n    at CashierService.getOpenedShift (/home/ecz/Folder/Programming/Backend/pdvProject/src/service/CashierService.js:310:31)\n    at process.processTicksAndRejections (node:internal/process/task_queues:104:5)\n    at async getOpenedShift (/home/ecz/Folder/Programming/Backend/pdvProject/src/controller/cashierController.js:191:27)","timestamp":"2026-05-15 09:4114","url":"/cashier/active","userId":2}
{"level":"error","message":"Error: There is not opened shift currently","method":"GET","stack":"Error: There is not opened shift currently\n    at CashierService.getOpenedShift (/home/ecz/Folder/Programming/Backend/pdvProject/src/service/CashierService.js:310:31)\n    at process.processTicksAndRejections (node:internal/process/task_queues:104:5)\n    at async getOpenedShift (/home/ecz/Folder/Programming/Backend/pdvProject/src/controller/cashierController.js:191:27)","timestamp":"2026-05-15 09:4302","url":"/cashier/active","userId":2}
{"level":"error","message":"Error: There is not opened shift currently","method":"GET","stack":"Error: There is not opened shift currently\n    at CashierService.getOpenedShift (/home/ecz/Folder/Programming/Backend/pdvProject/src/service/CashierService.js:310:31)\n    at process.processTicksAndRejections (node:internal/process/task_queues:104:5)\n    at async getOpenedShift (/home/ecz/Folder/Programming/Backend/pdvProject/src/controller/cashierController.js:191:27)","timestamp":"2026-05-15 09:4338","url":"/cashier/active","userId":2}
{"level":"error","message":"Error: There is not opened shift currently","method":"GET","stack":"Error: There is not opened shift currently\n    at CashierService.getOpenedShift (/home/ecz/Folder/Programming/Backend/pdvProject/src/service/CashierService.js:310:31)\n    at process.processTicksAndRejections (node:internal/process/task_queues:104:5)\n    at async getOpenedShift (/home/ecz/Folder/Programming/Backend/pdvProject/src/controller/cashierController.js:191:27)","timestamp":"2026-05-15 09:4339","url":"/cashier/active","userId":2}
{"level":"error","message":"Error: There is not opened shift currently","method":"GET","stack":"Error: There is not opened shift currently\n    at CashierService.getOpenedShift (/home/ecz/Folder/Programming/Backend/pdvProject/src/service/CashierService.js:310:31)\n    at process.processTicksAndRejections (node:internal/process/task_queues:104:5)\n    at async getOpenedShift (/home/ecz/Folder/Programming/Backend/pdvProject/src/controller/cashierController.js:191:27)","timestamp":"2026-05-15 09:4350","url":"/cashier/active","userId":2}
{"level":"error","message":"Error: There is not opened shift currently","method":"GET","stack":"Error: There is not opened shift currently\n    at CashierService.getOpenedShift (/home/ecz/Folder/Programming/Backend/pdvProject/src/service/CashierService.js:310:31)\n    at process.processTicksAndRejections (node:internal/process/task_queues:104:5)\n    at async getOpenedShift (/home/ecz/Folder/Programming/Backend/pdvProject/src/controller/cashierController.js:191:27)","timestamp":"2026-05-15 09:4353","url":"/cashier/active","userId":2}
{"level":"error","message":"Error: There is not opened shift currently","method":"GET","stack":"Error: There is not opened shift currently\n    at CashierService.getOpenedShift (/home/ecz/Folder/Programming/Backend/pdvProject/src/service/CashierService.js:310:31)\n    at process.processTicksAndRejections (node:internal/process/task_queues:104:5)\n    at async getOpenedShift (/home/ecz/Folder/Programming/Backend/pdvProject/src/controller/cashierController.js:191:27)","timestamp":"2026-05-15 09:4356","url":"/cashier/active","userId":2}
{"level":"error","message":"Error: There is not opened shift currently","method":"GET","stack":"Error: There is not opened shift currently\n    at CashierService.getOpenedShift (/home/ecz/Folder/Programming/Backend/pdvProject/src/service/CashierService.js:310:31)\n    at process.processTicksAndRejections (node:internal/process/task_queues:104:5)\n    at async getOpenedShift (/home/ecz/Folder/Programming/Backend/pdvProject/src/controller/cashierController.js:191:27)","timestamp":"2026-05-15 09:4404","url":"/cashier/active","userId":2}
{"level":"error","message":"Error: There is not opened shift currently","method":"GET","stack":"Error: There is not opened shift currently\n    at CashierService.getOpenedShift (/home/ecz/Folder/Programming/Backend/pdvProject/src/service/CashierService.js:310:31)\n    at process.processTicksAndRejections (node:internal/process/task_queues:104:5)\n    at async getOpenedShift (/home/ecz/Folder/Programming/Backend/pdvProject/src/controller/cashierController.js:191:27)","timestamp":"2026-05-15 09:4407","url":"/cashier/active","userId":2}
{"level":"error","message":"Error: There is not opened shift currently","method":"GET","stack":"Error: There is not opened shift currently\n    at CashierService.getOpenedShift (/home/ecz/Folder/Programming/Backend/pdvProject/src/service/CashierService.js:310:31)\n    at process.processTicksAndRejections (node:internal/process/task_queues:104:5)\n    at async getOpenedShift (/home/ecz/Folder/Programming/Backend/pdvProject/src/controller/cashierController.js:191:27)","timestamp":"2026-05-15 09:4416","url":"/cashier/active","userId":2}
{"level":"error","message":"Error: There is not opened shift currently","method":"GET","stack":"Error: There is not opened shift currently\n    at CashierService.getOpenedShift (/home/ecz/Folder/Programming/Backend/pdvProject/src/service/CashierService.js:310:31)\n    at process.processTicksAndRejections (node:internal/process/task_queues:104:5)\n    at async getOpenedShift (/home/ecz/Folder/Programming/Backend/pdvProject/src/controller/cashierController.js:191:27)","timestamp":"2026-05-15 09:4421","url":"/cashier/active","userId":2}
{"level":"error","message":"Error: There is not opened shift currently","method":"GET","stack":"Error: There is not opened shift currently\n    at CashierService.getOpenedShift (/home/ecz/Folder/Programming/Backend/pdvProject/src/service/CashierService.js:310:31)\n    at process.processTicksAndRejections (node:internal/process/task_queues:104:5)\n    at async getOpenedShift (/home/ecz/Folder/Programming/Backend/pdvProject/src/controller/cashierController.js:191:27)","timestamp":"2026-05-15 09:4429","url":"/cashier/active","userId":2}
{"level":"error","message":"Error: There is not opened shift currently","method":"GET","stack":"Error: There is not opened shift currently\n    at CashierService.getOpenedShift (/home/ecz/Folder/Programming/Backend/pdvProject/src/service/CashierService.js:310:31)\n    at process.processTicksAndRejections (node:internal/process/task_queues:104:5)\n    at async getOpenedShift (/home/ecz/Folder/Programming/Backend/pdvProject/src/controller/cashierController.js:191:27)","timestamp":"2026-05-15 09:4435","url":"/cashier/active","userId":2}
{"level":"error","message":"Error: There is not opened shift currently","method":"GET","stack":"Error: There is not opened shift currently\n    at CashierService.getOpenedShift (/home/ecz/Folder/Programming/Backend/pdvProject/src/service/CashierService.js:310:31)\n    at process.processTicksAndRejections (node:internal/process/task_queues:104:5)\n    at async getOpenedShift (/home/ecz/Folder/Programming/Backend/pdvProject/src/controller/cashierController.js:191:27)","timestamp":"2026-05-15 09:4439","url":"/cashier/active","userId":2}
{"level":"error","message":"Error: There is not opened shift currently","method":"GET","stack":"Error: There is not opened shift currently\n    at CashierService.getOpenedShift (/home/ecz/Folder/Programming/Backend/pdvProject/src/service/CashierService.js:310:31)\n    at process.processTicksAndRejections (node:internal/process/task_queues:104:5)\n    at async getOpenedShift (/home/ecz/Folder/Programming/Backend/pdvProject/src/controller/cashierController.js:191:27)","timestamp":"2026-05-15 09:4520","url":"/cashier/active","userId":2}
{"level":"error","message":"Error: There is not opened shift currently","method":"GET","stack":"Error: There is not opened shift currently\n    at CashierService.getOpenedShift (/home/ecz/Folder/Programming/Backend/pdvProject/src/service/CashierService.js:310:31)\n    at process.processTicksAndRejections (node:internal/process/task_queues:104:5)\n    at async getOpenedShift (/home/ecz/Folder/Programming/Backend/pdvProject/src/controller/cashierController.js:191:27)","timestamp":"2026-05-15 09:4521","url":"/cashier/active","userId":2}
{"level":"error","message":"Error: There is not opened shift currently","method":"GET","stack":"Error: There is not opened shift currently\n    at CashierService.getOpenedShift (/home/ecz/Folder/Programming/Backend/pdvProject/src/service/CashierService.js:310:31)\n    at process.processTicksAndRejections (node:internal/process/task_queues:104:5)\n    at async getOpenedShift (/home/ecz/Folder/Programming/Backend/pdvProject/src/controller/cashierController.js:191:27)","timestamp":"2026-05-15 09:4858","url":"/cashier/active","userId":2}
{"level":"error","message":"Error: There is not opened shift currently","method":"GET","stack":"Error: There is not opened shift currently\n    at CashierService.getOpenedShift (/home/ecz/Folder/Programming/Backend/pdvProject/src/service/CashierService.js:310:31)\n    at process.processTicksAndRejections (node:internal/process/task_queues:104:5)\n    at async getOpenedShift (/home/ecz/Folder/Programming/Backend/pdvProject/src/controller/cashierController.js:191:27)","timestamp":"2026-05-15 09:4914","url":"/cashier/active","userId":2}
{"level":"error","message":"Error: There is not opened shift currently","method":"GET","stack":"Error: There is not opened shift currently\n    at CashierService.getOpenedShift (/home/ecz/Folder/Programming/Backend/pdvProject/src/service/CashierService.js:310:31)\n    at process.processTicksAndRejections (node:internal/process/task_queues:104:5)\n    at async getOpenedShift (/home/ecz/Folder/Programming/Backend/pdvProject/src/controller/cashierController.js:191:27)","timestamp":"2026-05-15 09:4916","url":"/cashier/active","userId":2}
{"level":"error","message":"Error: There is not opened shift currently","method":"GET","stack":"Error: There is not opened shift currently\n    at CashierService.getOpenedShift (/home/ecz/Folder/Programming/Backend/pdvProject/src/service/CashierService.js:310:31)\n    at process.processTicksAndRejections (node:internal/process/task_queues:104:5)\n    at async getOpenedShift (/home/ecz/Folder/Programming/Backend/pdvProject/src/controller/cashierController.js:191:27)","timestamp":"2026-05-15 09:4917","url":"/cashier/active","userId":2}
{"level":"error","message":"Error: There is not opened shift currently","method":"GET","stack":"Error: There is not opened shift currently\n    at CashierService.getOpenedShift (/home/ecz/Folder/Programming/Backend/pdvProject/src/service/CashierService.js:310:31)\n    at process.processTicksAndRejections (node:internal/process/task_queues:104:5)\n    at async getOpenedShift (/home/ecz/Folder/Programming/Backend/pdvProject/src/controller/cashierController.js:191:27)","timestamp":"2026-05-15 09:4925","url":"/cashier/active","userId":2}
{"level":"error","message":"Error: There is not opened shift currently","method":"GET","stack":"Error: There is not opened shift currently\n    at CashierService.getOpenedShift (/home/ecz/Folder/Programming/Backend/pdvProject/src/service/CashierService.js:310:31)\n    at process.processTicksAndRejections (node:internal/process/task_queues:104:5)\n    at async getOpenedShift (/home/ecz/Folder/Programming/Backend/pdvProject/src/controller/cashierController.js:191:27)","timestamp":"2026-05-15 09:5023","url":"/cashier/active","userId":2}
{"level":"error","message":"Error: There is not opened shift currently","method":"GET","stack":"Error: There is not opened shift currently\n    at CashierService.getOpenedShift (/home/ecz/Folder/Programming/Backend/pdvProject/src/service/CashierService.js:310:31)\n    at process.processTicksAndRejections (node:internal/process/task_queues:104:5)\n    at async getOpenedShift (/home/ecz/Folder/Programming/Backend/pdvProject/src/controller/cashierController.js:191:27)","timestamp":"2026-05-15 09:5029","url":"/cashier/active","userId":2}
{"level":"error","message":"Error: There is not opened shift currently","method":"GET","stack":"Error: There is not opened shift currently\n    at CashierService.getOpenedShift (/home/ecz/Folder/Programming/Backend/pdvProject/src/service/CashierService.js:310:31)\n    at process.processTicksAndRejections (node:internal/process/task_queues:104:5)\n    at async getOpenedShift (/home/ecz/Folder/Programming/Backend/pdvProject/src/controller/cashierController.js:191:27)","timestamp":"2026-05-15 09:5134","url":"/cashier/active","userId":2}
{"level":"error","message":"Error: There is not opened shift currently","method":"GET","stack":"Error: There is not opened shift currently\n    at CashierService.getOpenedShift (/home/ecz/Folder/Programming/Backend/pdvProject/src/service/CashierService.js:310:31)\n    at process.processTicksAndRejections (node:internal/process/task_queues:104:5)\n    at async getOpenedShift (/home/ecz/Folder/Programming/Backend/pdvProject/src/controller/cashierController.js:191:27)","timestamp":"2026-05-15 09:5136","url":"/cashier/active","userId":2}
{"level":"error","message":"Error: There is not opened shift currently","method":"GET","stack":"Error: There is not opened shift currently\n    at CashierService.getOpenedShift (/home/ecz/Folder/Programming/Backend/pdvProject/src/service/CashierService.js:310:31)\n    at process.processTicksAndRejections (node:internal/process/task_queues:104:5)\n    at async getOpenedShift (/home/ecz/Folder/Programming/Backend/pdvProject/src/controller/cashierController.js:191:27)","timestamp":"2026-05-15 09:5138","url":"/cashier/active","userId":2}
{"level":"error","message":"Error: There is not opened shift currently","method":"GET","stack":"Error: There is not opened shift currently\n    at CashierService.getOpenedShift (/home/ecz/Folder/Programming/Backend/pdvProject/src/service/CashierService.js:310:31)\n    at process.processTicksAndRejections (node:internal/process/task_queues:104:5)\n    at async getOpenedShift (/home/ecz/Folder/Programming/Backend/pdvProject/src/controller/cashierController.js:191:27)","timestamp":"2026-05-15 09:5145","url":"/cashier/active","userId":2}
{"level":"error","message":"Error: There is not opened shift currently","method":"GET","stack":"Error: There is not opened shift currently\n    at CashierService.getOpenedShift (/home/ecz/Folder/Programming/Backend/pdvProject/src/service/CashierService.js:310:31)\n    at process.processTicksAndRejections (node:internal/process/task_queues:104:5)\n    at async getOpenedShift (/home/ecz/Folder/Programming/Backend/pdvProject/src/controller/cashierController.js:191:27)","timestamp":"2026-05-15 09:5149","url":"/cashier/active","userId":2}
{"level":"error","message":"Error: There is not opened shift currently","method":"GET","stack":"Error: There is not opened shift currently\n    at CashierService.getOpenedShift (/home/ecz/Folder/Programming/Backend/pdvProject/src/service/CashierService.js:310:31)\n    at process.processTicksAndRejections (node:internal/process/task_queues:104:5)\n    at async getOpenedShift (/home/ecz/Folder/Programming/Backend/pdvProject/src/controller/cashierController.js:191:27)","timestamp":"2026-05-15 09:5153","url":"/cashier/active","userId":2}
{"level":"error","message":"Error: There is not opened shift currently","method":"GET","stack":"Error: There is not opened shift currently\n    at CashierService.getOpenedShift (/home/ecz/Folder/Programming/Backend/pdvProject/src/service/CashierService.js:310:31)\n    at process.processTicksAndRejections (node:internal/process/task_queues:104:5)\n    at async getOpenedShift (/home/ecz/Folder/Programming/Backend/pdvProject/src/controller/cashierController.js:191:27)","timestamp":"2026-05-15 09:5156","url":"/cashier/active","userId":2}
{"level":"error","message":"Error: There is not opened shift currently","method":"GET","stack":"Error: There is not opened shift currently\n    at CashierService.getOpenedShift (/home/ecz/Folder/Programming/Backend/pdvProject/src/service/CashierService.js:310:31)\n    at process.processTicksAndRejections (node:internal/process/task_queues:104:5)\n    at async getOpenedShift (/home/ecz/Folder/Programming/Backend/pdvProject/src/controller/cashierController.js:191:27)","timestamp":"2026-05-15 09:5201","url":"/cashier/active","userId":2}
{"level":"error","message":"Error: There is not opened shift currently","method":"GET","stack":"Error: There is not opened shift currently\n    at CashierService.getOpenedShift (/home/ecz/Folder/Programming/Backend/pdvProject/src/service/CashierService.js:310:31)\n    at process.processTicksAndRejections (node:internal/process/task_queues:104:5)\n    at async getOpenedShift (/home/ecz/Folder/Programming/Backend/pdvProject/src/controller/cashierController.js:191:27)","timestamp":"2026-05-15 09:5206","url":"/cashier/active","userId":2}
{"level":"error","message":"Error: There is not opened shift currently","method":"GET","stack":"Error: There is not opened shift currently\n    at CashierService.getOpenedShift (/home/ecz/Folder/Programming/Backend/pdvProject/src/service/CashierService.js:310:31)\n    at process.processTicksAndRejections (node:internal/process/task_queues:104:5)\n    at async getOpenedShift (/home/ecz/Folder/Programming/Backend/pdvProject/src/controller/cashierController.js:191:27)","timestamp":"2026-05-15 09:5208","url":"/cashier/active","userId":2}
{"level":"error","message":"Error: There is not opened shift currently","method":"GET","stack":"Error: There is not opened shift currently\n    at CashierService.getOpenedShift (/home/ecz/Folder/Programming/Backend/pdvProject/src/service/CashierService.js:310:31)\n    at process.processTicksAndRejections (node:internal/process/task_queues:104:5)\n    at async getOpenedShift (/home/ecz/Folder/Programming/Backend/pdvProject/src/controller/cashierController.js:191:27)","timestamp":"2026-05-15 09:5210","url":"/cashier/active","userId":2}
{"level":"error","message":"Error: There is not opened shift currently","method":"GET","stack":"Error: There is not opened shift currently\n    at CashierService.getOpenedShift (/home/ecz/Folder/Programming/Backend/pdvProject/src/service/CashierService.js:310:31)\n    at process.processTicksAndRejections (node:internal/process/task_queues:104:5)\n    at async getOpenedShift (/home/ecz/Folder/Programming/Backend/pdvProject/src/controller/cashierController.js:191:27)","timestamp":"2026-05-15 09:5214","url":"/cashier/active","userId":2}
{"level":"error","message":"Error: There is not opened shift currently","method":"GET","stack":"Error: There is not opened shift currently\n    at CashierService.getOpenedShift (/home/ecz/Folder/Programming/Backend/pdvProject/src/service/CashierService.js:310:31)\n    at process.processTicksAndRejections (node:internal/process/task_queues:104:5)\n    at async getOpenedShift (/home/ecz/Folder/Programming/Backend/pdvProject/src/controller/cashierController.js:191:27)","timestamp":"2026-05-15 09:5215","url":"/cashier/active","userId":2}
{"level":"error","message":"Error: There is not opened shift currently","method":"GET","stack":"Error: There is not opened shift currently\n    at CashierService.getOpenedShift (/home/ecz/Folder/Programming/Backend/pdvProject/src/service/CashierService.js:310:31)\n    at process.processTicksAndRejections (node:internal/process/task_queues:104:5)\n    at async getOpenedShift (/home/ecz/Folder/Programming/Backend/pdvProject/src/controller/cashierController.js:191:27)","timestamp":"2026-05-15 09:5229","url":"/cashier/active","userId":2}
{"level":"error","message":"Error: There is not opened shift currently","method":"GET","stack":"Error: There is not opened shift currently\n    at CashierService.getOpenedShift (/home/ecz/Folder/Programming/Backend/pdvProject/src/service/CashierService.js:310:31)\n    at process.processTicksAndRejections (node:internal/process/task_queues:104:5)\n    at async getOpenedShift (/home/ecz/Folder/Programming/Backend/pdvProject/src/controller/cashierController.js:191:27)","timestamp":"2026-05-15 09:5243","url":"/cashier/active","userId":2}
{"level":"error","message":"Error: There is not opened shift currently","method":"GET","stack":"Error: There is not opened shift currently\n    at CashierService.getOpenedShift (/home/ecz/Folder/Programming/Backend/pdvProject/src/service/CashierService.js:310:31)\n    at process.processTicksAndRejections (node:internal/process/task_queues:104:5)\n    at async getOpenedShift (/home/ecz/Folder/Programming/Backend/pdvProject/src/controller/cashierController.js:191:27)","timestamp":"2026-05-15 09:5245","url":"/cashier/active","userId":2}
{"level":"error","message":"Error: There is not opened shift currently","method":"GET","stack":"Error: There is not opened shift currently\n    at CashierService.getOpenedShift (/home/ecz/Folder/Programming/Backend/pdvProject/src/service/CashierService.js:310:31)\n    at process.processTicksAndRejections (node:internal/process/task_queues:104:5)\n    at async getOpenedShift (/home/ecz/Folder/Programming/Backend/pdvProject/src/controller/cashierController.js:191:27)","timestamp":"2026-05-15 09:5256","url":"/cashier/active","userId":2}
{"level":"error","message":"Error: There is not opened shift currently","method":"GET","stack":"Error: There is not opened shift currently\n    at CashierService.getOpenedShift (/home/ecz/Folder/Programming/Backend/pdvProject/src/service/CashierService.js:310:31)\n    at process.processTicksAndRejections (node:internal/process/task_queues:104:5)\n    at async getOpenedShift (/home/ecz/Folder/Programming/Backend/pdvProject/src/controller/cashierController.js:191:27)","timestamp":"2026-05-15 09:5303","url":"/cashier/active","userId":2}
{"level":"error","message":"Error: There is not opened shift currently","method":"GET","stack":"Error: There is not opened shift currently\n    at CashierService.getOpenedShift (/home/ecz/Folder/Programming/Backend/pdvProject/src/service/CashierService.js:310:31)\n    at process.processTicksAndRejections (node:internal/process/task_queues:104:5)\n    at async getOpenedShift (/home/ecz/Folder/Programming/Backend/pdvProject/src/controller/cashierController.js:191:27)","timestamp":"2026-05-15 09:5320","url":"/cashier/active","userId":2}
{"level":"error","message":"Error: There is not opened shift currently","method":"GET","stack":"Error: There is not opened shift currently\n    at CashierService.getOpenedShift (/home/ecz/Folder/Programming/Backend/pdvProject/src/service/CashierService.js:310:31)\n    at process.processTicksAndRejections (node:internal/process/task_queues:104:5)\n    at async getOpenedShift (/home/ecz/Folder/Programming/Backend/pdvProject/src/controller/cashierController.js:191:27)","timestamp":"2026-05-15 09:5323","url":"/cashier/active","userId":2}
{"level":"error","message":"Error: There is not opened shift currently","method":"GET","stack":"Error: There is not opened shift currently\n    at CashierService.getOpenedShift (/home/ecz/Folder/Programming/Backend/pdvProject/src/service/CashierService.js:310:31)\n    at process.processTicksAndRejections (node:internal/process/task_queues:104:5)\n    at async getOpenedShift (/home/ecz/Folder/Programming/Backend/pdvProject/src/controller/cashierController.js:191:27)","timestamp":"2026-05-15 09:5337","url":"/cashier/active","userId":2}
{"level":"error","message":"Error: There is not opened shift currently","method":"GET","stack":"Error: There is not opened shift currently\n    at CashierService.getOpenedShift (/home/ecz/Folder/Programming/Backend/pdvProject/src/service/CashierService.js:310:31)\n    at process.processTicksAndRejections (node:internal/process/task_queues:104:5)\n    at async getOpenedShift (/home/ecz/Folder/Programming/Backend/pdvProject/src/controller/cashierController.js:191:27)","timestamp":"2026-05-15 09:5403","url":"/cashier/active","userId":2}
{"level":"error","message":"Error: There is not opened shift currently","method":"GET","stack":"Error: There is not opened shift currently\n    at CashierService.getOpenedShift (/home/ecz/Folder/Programming/Backend/pdvProject/src/service/CashierService.js:310:31)\n    at process.processTicksAndRejections (node:internal/process/task_queues:104:5)\n    at async getOpenedShift (/home/ecz/Folder/Programming/Backend/pdvProject/src/controller/cashierController.js:191:27)","timestamp":"2026-05-15 09:5406","url":"/cashier/active","userId":2}
{"level":"error","message":"Error: There is not opened shift currently","method":"GET","stack":"Error: There is not opened shift currently\n    at CashierService.getOpenedShift (/home/ecz/Folder/Programming/Backend/pdvProject/src/service/CashierService.js:310:31)\n    at process.processTicksAndRejections (node:internal/process/task_queues:104:5)\n    at async getOpenedShift (/home/ecz/Folder/Programming/Backend/pdvProject/src/controller/cashierController.js:191:27)","timestamp":"2026-05-15 09:5407","url":"/cashier/active","userId":2}
{"level":"error","message":"Error: There is not opened shift currently","method":"GET","stack":"Error: There is not opened shift currently\n    at CashierService.getOpenedShift (/home/ecz/Folder/Programming/Backend/pdvProject/src/service/CashierService.js:310:31)\n    at process.processTicksAndRejections (node:internal/process/task_queues:104:5)\n    at async getOpenedShift (/home/ecz/Folder/Programming/Backend/pdvProject/src/controller/cashierController.js:191:27)","timestamp":"2026-05-15 09:5418","url":"/cashier/active","userId":2}
{"level":"error","message":"Error: There is not opened shift currently","method":"GET","stack":"Error: There is not opened shift currently\n    at CashierService.getOpenedShift (/home/ecz/Folder/Programming/Backend/pdvProject/src/service/CashierService.js:310:31)\n    at process.processTicksAndRejections (node:internal/process/task_queues:104:5)\n    at async getOpenedShift (/home/ecz/Folder/Programming/Backend/pdvProject/src/controller/cashierController.js:191:27)","timestamp":"2026-05-15 09:5423","url":"/cashier/active","userId":2}
{"level":"error","message":"Error: There is not opened shift currently","method":"GET","stack":"Error: There is not opened shift currently\n    at CashierService.getOpenedShift (/home/ecz/Folder/Programming/Backend/pdvProject/src/service/CashierService.js:310:31)\n    at process.processTicksAndRejections (node:internal/process/task_queues:104:5)\n    at async getOpenedShift (/home/ecz/Folder/Programming/Backend/pdvProject/src/controller/cashierController.js:191:27)","timestamp":"2026-05-15 09:5430","url":"/cashier/active","userId":2}
{"level":"error","message":"Error: There is not opened shift currently","method":"GET","stack":"Error: There is not opened shift currently\n    at CashierService.getOpenedShift (/home/ecz/Folder/Programming/Backend/pdvProject/src/service/CashierService.js:310:31)\n    at process.processTicksAndRejections (node:internal/process/task_queues:104:5)\n    at async getOpenedShift (/home/ecz/Folder/Programming/Backend/pdvProject/src/controller/cashierController.js:191:27)","timestamp":"2026-05-15 09:5432","url":"/cashier/active","userId":2}
{"level":"error","message":"Error: There is not opened shift currently","method":"GET","stack":"Error: There is not opened shift currently\n    at CashierService.getOpenedShift (/home/ecz/Folder/Programming/Backend/pdvProject/src/service/CashierService.js:310:31)\n    at process.processTicksAndRejections (node:internal/process/task_queues:104:5)\n    at async getOpenedShift (/home/ecz/Folder/Programming/Backend/pdvProject/src/controller/cashierController.js:191:27)","timestamp":"2026-05-15 09:5457","url":"/cashier/active","userId":2}
{"level":"error","message":"Error: There is not opened shift currently","method":"GET","stack":"Error: There is not opened shift currently\n    at CashierService.getOpenedShift (/home/ecz/Folder/Programming/Backend/pdvProject/src/service/CashierService.js:310:31)\n    at process.processTicksAndRejections (node:internal/process/task_queues:104:5)\n    at async getOpenedShift (/home/ecz/Folder/Programming/Backend/pdvProject/src/controller/cashierController.js:191:27)","timestamp":"2026-05-15 09:5505","url":"/cashier/active","userId":2}
{"level":"error","message":"Error: There is not opened shift currently","method":"GET","stack":"Error: There is not opened shift currently\n    at CashierService.getOpenedShift (/home/ecz/Folder/Programming/Backend/pdvProject/src/service/CashierService.js:310:31)\n    at process.processTicksAndRejections (node:internal/process/task_queues:104:5)\n    at async getOpenedShift (/home/ecz/Folder/Programming/Backend/pdvProject/src/controller/cashierController.js:191:27)","timestamp":"2026-05-15 09:5512","url":"/cashier/active","userId":2}
{"level":"error","message":"Error: There is not opened shift currently","method":"GET","stack":"Error: There is not opened shift currently\n    at CashierService.getOpenedShift (/home/ecz/Folder/Programming/Backend/pdvProject/src/service/CashierService.js:310:31)\n    at process.processTicksAndRejections (node:internal/process/task_queues:104:5)\n    at async getOpenedShift (/home/ecz/Folder/Programming/Backend/pdvProject/src/controller/cashierController.js:191:27)","timestamp":"2026-05-15 09:5516","url":"/cashier/active","userId":2}
{"level":"error","message":"Error: There is not opened shift currently","method":"GET","stack":"Error: There is not opened shift currently\n    at CashierService.getOpenedShift (/home/ecz/Folder/Programming/Backend/pdvProject/src/service/CashierService.js:310:31)\n    at process.processTicksAndRejections (node:internal/process/task_queues:104:5)\n    at async getOpenedShift (/home/ecz/Folder/Programming/Backend/pdvProject/src/controller/cashierController.js:191:27)","timestamp":"2026-05-15 09:5525","url":"/cashier/active","userId":2}
{"level":"error","message":"Error: There is not opened shift currently","method":"GET","stack":"Error: There is not opened shift currently\n    at CashierService.getOpenedShift (/home/ecz/Folder/Programming/Backend/pdvProject/src/service/CashierService.js:310:31)\n    at process.processTicksAndRejections (node:internal/process/task_queues:104:5)\n    at async getOpenedShift (/home/ecz/Folder/Programming/Backend/pdvProject/src/controller/cashierController.js:191:27)","timestamp":"2026-05-15 09:5527","url":"/cashier/active","userId":2}
{"level":"error","message":"Error: There is not opened shift currently","method":"GET","stack":"Error: There is not opened shift currently\n    at CashierService.getOpenedShift (/home/ecz/Folder/Programming/Backend/pdvProject/src/service/CashierService.js:310:31)\n    at process.processTicksAndRejections (node:internal/process/task_queues:104:5)\n    at async getOpenedShift (/home/ecz/Folder/Programming/Backend/pdvProject/src/controller/cashierController.js:191:27)","timestamp":"2026-05-15 09:5531","url":"/cashier/active","userId":2}
{"level":"error","message":"Error: There is not opened shift currently","method":"GET","stack":"Error: There is not opened shift currently\n    at CashierService.getOpenedShift (/home/ecz/Folder/Programming/Backend/pdvProject/src/service/CashierService.js:310:31)\n    at process.processTicksAndRejections (node:internal/process/task_queues:104:5)\n    at async getOpenedShift (/home/ecz/Folder/Programming/Backend/pdvProject/src/controller/cashierController.js:191:27)","timestamp":"2026-05-15 09:5534","url":"/cashier/active","userId":2}
{"level":"error","message":"Error: There is not opened shift currently","method":"GET","stack":"Error: There is not opened shift currently\n    at CashierService.getOpenedShift (/home/ecz/Folder/Programming/Backend/pdvProject/src/service/CashierService.js:310:31)\n    at process.processTicksAndRejections (node:internal/process/task_queues:104:5)\n    at async getOpenedShift (/home/ecz/Folder/Programming/Backend/pdvProject/src/controller/cashierController.js:191:27)","timestamp":"2026-05-15 09:5542","url":"/cashier/active","userId":2}
{"level":"error","message":"Error: There is not opened shift currently","method":"GET","stack":"Error: There is not opened shift currently\n    at CashierService.getOpenedShift (/home/ecz/Folder/Programming/Backend/pdvProject/src/service/CashierService.js:310:31)\n    at process.processTicksAndRejections (node:internal/process/task_queues:104:5)\n    at async getOpenedShift (/home/ecz/Folder/Programming/Backend/pdvProject/src/controller/cashierController.js:191:27)","timestamp":"2026-05-15 09:5553","url":"/cashier/active","userId":2}
{"level":"error","message":"Error: There is not opened shift currently","method":"GET","stack":"Error: There is not opened shift currently\n    at CashierService.getOpenedShift (/home/ecz/Folder/Programming/Backend/pdvProject/src/service/CashierService.js:310:31)\n    at process.processTicksAndRejections (node:internal/process/task_queues:104:5)\n    at async getOpenedShift (/home/ecz/Folder/Programming/Backend/pdvProject/src/controller/cashierController.js:191:27)","timestamp":"2026-05-15 09:5604","url":"/cashier/active","userId":2}
{"level":"error","message":"Error: There is not opened shift currently","method":"GET","stack":"Error: There is not opened shift currently\n    at CashierService.getOpenedShift (/home/ecz/Folder/Programming/Backend/pdvProject/src/service/CashierService.js:310:31)\n    at process.processTicksAndRejections (node:internal/process/task_queues:104:5)\n    at async getOpenedShift (/home/ecz/Folder/Programming/Backend/pdvProject/src/controller/cashierController.js:191:27)","timestamp":"2026-05-15 09:5605","url":"/cashier/active","userId":2}
{"level":"error","message":"Error: There is not opened shift currently","method":"GET","stack":"Error: There is not opened shift currently\n    at CashierService.getOpenedShift (/home/ecz/Folder/Programming/Backend/pdvProject/src/service/CashierService.js:310:31)\n    at process.processTicksAndRejections (node:internal/process/task_queues:104:5)\n    at async getOpenedShift (/home/ecz/Folder/Programming/Backend/pdvProject/src/controller/cashierController.js:191:27)","timestamp":"2026-05-15 09:5611","url":"/cashier/active","userId":2}
{"level":"error","message":"Error: There is not opened shift currently","method":"GET","stack":"Error: There is not opened shift currently\n    at CashierService.getOpenedShift (/home/ecz/Folder/Programming/Backend/pdvProject/src/service/CashierService.js:310:31)\n    at process.processTicksAndRejections (node:internal/process/task_queues:104:5)\n    at async getOpenedShift (/home/ecz/Folder/Programming/Backend/pdvProject/src/controller/cashierController.js:191:27)","timestamp":"2026-05-15 09:5612","url":"/cashier/active","userId":2}
{"level":"error","message":"Error: There is not opened shift currently","method":"GET","stack":"Error: There is not opened shift currently\n    at CashierService.getOpenedShift (/home/ecz/Folder/Programming/Backend/pdvProject/src/service/CashierService.js:310:31)\n    at process.processTicksAndRejections (node:internal/process/task_queues:104:5)\n    at async getOpenedShift (/home/ecz/Folder/Programming/Backend/pdvProject/src/controller/cashierController.js:191:27)","timestamp":"2026-05-15 09:5630","url":"/cashier/active","userId":2}
{"level":"error","message":"Error: There is not opened shift currently","method":"GET","stack":"Error: There is not opened shift currently\n    at CashierService.getOpenedShift (/home/ecz/Folder/Programming/Backend/pdvProject/src/service/CashierService.js:310:31)\n    at process.processTicksAndRejections (node:internal/process/task_queues:104:5)\n    at async getOpenedShift (/home/ecz/Folder/Programming/Backend/pdvProject/src/controller/cashierController.js:191:27)","timestamp":"2026-05-15 09:5635","url":"/cashier/active","userId":2}
{"level":"error","message":"Error: There is not opened shift currently","method":"GET","stack":"Error: There is not opened shift currently\n    at CashierService.getOpenedShift (/home/ecz/Folder/Programming/Backend/pdvProject/src/service/CashierService.js:310:31)\n    at process.processTicksAndRejections (node:internal/process/task_queues:104:5)\n    at async getOpenedShift (/home/ecz/Folder/Programming/Backend/pdvProject/src/controller/cashierController.js:191:27)","timestamp":"2026-05-15 09:5648","url":"/cashier/active","userId":2}
{"level":"error","message":"Error: There is not opened shift currently","method":"GET","stack":"Error: There is not opened shift currently\n    at CashierService.getOpenedShift (/home/ecz/Folder/Programming/Backend/pdvProject/src/service/CashierService.js:310:31)\n    at process.processTicksAndRejections (node:internal/process/task_queues:104:5)\n    at async getOpenedShift (/home/ecz/Folder/Programming/Backend/pdvProject/src/controller/cashierController.js:191:27)","timestamp":"2026-05-15 09:5724","url":"/cashier/active","userId":2}
{"level":"error","message":"Error: There is not opened shift currently","method":"GET","stack":"Error: There is not opened shift currently\n    at CashierService.getOpenedShift (/home/ecz/Folder/Programming/Backend/pdvProject/src/service/CashierService.js:310:31)\n    at process.processTicksAndRejections (node:internal/process/task_queues:104:5)\n    at async getOpenedShift (/home/ecz/Folder/Programming/Backend/pdvProject/src/controller/cashierController.js:191:27)","timestamp":"2026-05-15 09:5737","url":"/cashier/active","userId":2}
{"level":"error","message":"Error: There is not opened shift currently","method":"GET","stack":"Error: There is not opened shift currently\n    at CashierService.getOpenedShift (/home/ecz/Folder/Programming/Backend/pdvProject/src/service/CashierService.js:310:31)\n    at process.processTicksAndRejections (node:internal/process/task_queues:104:5)\n    at async getOpenedShift (/home/ecz/Folder/Programming/Backend/pdvProject/src/controller/cashierController.js:191:27)","timestamp":"2026-05-15 09:5828","url":"/cashier/active","userId":2}
{"level":"error","message":"Error: There is not opened shift currently","method":"GET","stack":"Error: There is not opened shift currently\n    at CashierService.getOpenedShift (/home/ecz/Folder/Programming/Backend/pdvProject/src/service/CashierService.js:310:31)\n    at process.processTicksAndRejections (node:internal/process/task_queues:104:5)\n    at async getOpenedShift (/home/ecz/Folder/Programming/Backend/pdvProject/src/controller/cashierController.js:191:27)","timestamp":"2026-05-15 09:5831","url":"/cashier/active","userId":2}
{"level":"error","message":"Error: There is not opened shift currently","method":"GET","stack":"Error: There is not opened shift currently\n    at CashierService.getOpenedShift (/home/ecz/Folder/Programming/Backend/pdvProject/src/service/CashierService.js:310:31)\n    at process.processTicksAndRejections (node:internal/process/task_queues:104:5)\n    at async getOpenedShift (/home/ecz/Folder/Programming/Backend/pdvProject/src/controller/cashierController.js:191:27)","timestamp":"2026-05-15 09:5834","url":"/cashier/active","userId":2}
{"level":"error","message":"Error: There is not opened shift currently","method":"GET","stack":"Error: There is not opened shift currently\n    at CashierService.getOpenedShift (/home/ecz/Folder/Programming/Backend/pdvProject/src/service/CashierService.js:310:31)\n    at process.processTicksAndRejections (node:internal/process/task_queues:104:5)\n    at async getOpenedShift (/home/ecz/Folder/Programming/Backend/pdvProject/src/controller/cashierController.js:191:27)","timestamp":"2026-05-15 09:5845","url":"/cashier/active","userId":2}
{"level":"error","message":"Error: There is not opened shift currently","method":"GET","stack":"Error: There is not opened shift currently\n    at CashierService.getOpenedShift (/home/ecz/Folder/Programming/Backend/pdvProject/src/service/CashierService.js:310:31)\n    at process.processTicksAndRejections (node:internal/process/task_queues:104:5)\n    at async getOpenedShift (/home/ecz/Folder/Programming/Backend/pdvProject/src/controller/cashierController.js:191:27)","timestamp":"2026-05-15 09:5952","url":"/cashier/active","userId":2}
{"level":"error","message":"Error: There is not opened shift currently","method":"GET","stack":"Error: There is not opened shift currently\n    at CashierService.getOpenedShift (/home/ecz/Folder/Programming/Backend/pdvProject/src/service/CashierService.js:310:31)\n    at process.processTicksAndRejections (node:internal/process/task_queues:104:5)\n    at async getOpenedShift (/home/ecz/Folder/Programming/Backend/pdvProject/src/controller/cashierController.js:191:27)","timestamp":"2026-05-15 10:0005","url":"/cashier/active","userId":2}
{"level":"error","message":"Error: There is not opened shift currently","method":"GET","stack":"Error: There is not opened shift currently\n    at CashierService.getOpenedShift (/home/ecz/Folder/Programming/Backend/pdvProject/src/service/CashierService.js:310:31)\n    at process.processTicksAndRejections (node:internal/process/task_queues:104:5)\n    at async getOpenedShift (/home/ecz/Folder/Programming/Backend/pdvProject/src/controller/cashierController.js:191:27)","timestamp":"2026-05-15 10:0007","url":"/cashier/active","userId":2}
{"level":"error","message":"Error: There is not opened shift currently","method":"GET","stack":"Error: There is not opened shift currently\n    at CashierService.getOpenedShift (/home/ecz/Folder/Programming/Backend/pdvProject/src/service/CashierService.js:310:31)\n    at process.processTicksAndRejections (node:internal/process/task_queues:104:5)\n    at async getOpenedShift (/home/ecz/Folder/Programming/Backend/pdvProject/src/controller/cashierController.js:191:27)","timestamp":"2026-05-15 10:0009","url":"/cashier/active","userId":2}
{"level":"error","message":"Error: There is not opened shift currently","method":"GET","stack":"Error: There is not opened shift currently\n    at CashierService.getOpenedShift (/home/ecz/Folder/Programming/Backend/pdvProject/src/service/CashierService.js:310:31)\n    at process.processTicksAndRejections (node:internal/process/task_queues:104:5)\n    at async getOpenedShift (/home/ecz/Folder/Programming/Backend/pdvProject/src/controller/cashierController.js:191:27)","timestamp":"2026-05-15 10:0023","url":"/cashier/active","userId":2}
{"level":"error","message":"Error: There is not opened shift currently","method":"GET","stack":"Error: There is not opened shift currently\n    at CashierService.getOpenedShift (/home/ecz/Folder/Programming/Backend/pdvProject/src/service/CashierService.js:310:31)\n    at process.processTicksAndRejections (node:internal/process/task_queues:104:5)\n    at async getOpenedShift (/home/ecz/Folder/Programming/Backend/pdvProject/src/controller/cashierController.js:191:27)","timestamp":"2026-05-15 10:0026","url":"/cashier/active","userId":2}
{"level":"error","message":"Error: There is not opened shift currently","method":"GET","stack":"Error: There is not opened shift currently\n    at CashierService.getOpenedShift (/home/ecz/Folder/Programming/Backend/pdvProject/src/service/CashierService.js:310:31)\n    at process.processTicksAndRejections (node:internal/process/task_queues:104:5)\n    at async getOpenedShift (/home/ecz/Folder/Programming/Backend/pdvProject/src/controller/cashierController.js:191:27)","timestamp":"2026-05-15 10:0030","url":"/cashier/active","userId":2}
{"level":"error","message":"Error: There is not opened shift currently","method":"GET","stack":"Error: There is not opened shift currently\n    at CashierService.getOpenedShift (/home/ecz/Folder/Programming/Backend/pdvProject/src/service/CashierService.js:310:31)\n    at process.processTicksAndRejections (node:internal/process/task_queues:104:5)\n    at async getOpenedShift (/home/ecz/Folder/Programming/Backend/pdvProject/src/controller/cashierController.js:191:27)","timestamp":"2026-05-15 10:0032","url":"/cashier/active","userId":2}
{"level":"error","message":"Error: There is not opened shift currently","method":"GET","stack":"Error: There is not opened shift currently\n    at CashierService.getOpenedShift (/home/ecz/Folder/Programming/Backend/pdvProject/src/service/CashierService.js:310:31)\n    at process.processTicksAndRejections (node:internal/process/task_queues:104:5)\n    at async getOpenedShift (/home/ecz/Folder/Programming/Backend/pdvProject/src/controller/cashierController.js:191:27)","timestamp":"2026-05-15 10:0045","url":"/cashier/active","userId":2}
{"level":"error","message":"Error: There is not opened shift currently","method":"GET","stack":"Error: There is not opened shift currently\n    at CashierService.getOpenedShift (/home/ecz/Folder/Programming/Backend/pdvProject/src/service/CashierService.js:310:31)\n    at process.processTicksAndRejections (node:internal/process/task_queues:104:5)\n    at async getOpenedShift (/home/ecz/Folder/Programming/Backend/pdvProject/src/controller/cashierController.js:191:27)","timestamp":"2026-05-15 10:0046","url":"/cashier/active","userId":2}
{"level":"error","message":"Error: There is not opened shift currently","method":"GET","stack":"Error: There is not opened shift currently\n    at CashierService.getOpenedShift (/home/ecz/Folder/Programming/Backend/pdvProject/src/service/CashierService.js:310:31)\n    at process.processTicksAndRejections (node:internal/process/task_queues:104:5)\n    at async getOpenedShift (/home/ecz/Folder/Programming/Backend/pdvProject/src/controller/cashierController.js:191:27)","timestamp":"2026-05-15 10:0052","url":"/cashier/active","userId":2}
{"level":"error","message":"Error: There is not opened shift currently","method":"GET","stack":"Error: There is not opened shift currently\n    at CashierService.getOpenedShift (/home/ecz/Folder/Programming/Backend/pdvProject/src/service/CashierService.js:310:31)\n    at process.processTicksAndRejections (node:internal/process/task_queues:104:5)\n    at async getOpenedShift (/home/ecz/Folder/Programming/Backend/pdvProject/src/controller/cashierController.js:191:27)","timestamp":"2026-05-15 10:0053","url":"/cashier/active","userId":2}
{"level":"error","message":"Error: There is not opened shift currently","method":"GET","stack":"Error: There is not opened shift currently\n    at CashierService.getOpenedShift (/home/ecz/Folder/Programming/Backend/pdvProject/src/service/CashierService.js:310:31)\n    at process.processTicksAndRejections (node:internal/process/task_queues:104:5)\n    at async getOpenedShift (/home/ecz/Folder/Programming/Backend/pdvProject/src/controller/cashierController.js:191:27)","timestamp":"2026-05-15 10:0128","url":"/cashier/active","userId":2}
{"level":"error","message":"Error: There is not opened shift currently","method":"GET","stack":"Error: There is not opened shift currently\n    at CashierService.getOpenedShift (/home/ecz/Folder/Programming/Backend/pdvProject/src/service/CashierService.js:310:31)\n    at process.processTicksAndRejections (node:internal/process/task_queues:104:5)\n    at async getOpenedShift (/home/ecz/Folder/Programming/Backend/pdvProject/src/controller/cashierController.js:191:27)","timestamp":"2026-05-15 10:0128","url":"/cashier/active","userId":2}
{"level":"error","message":"Error: There is not opened shift currently","method":"GET","stack":"Error: There is not opened shift currently\n    at CashierService.getOpenedShift (/home/ecz/Folder/Programming/Backend/pdvProject/src/service/CashierService.js:310:31)\n    at process.processTicksAndRejections (node:internal/process/task_queues:104:5)\n    at async getOpenedShift (/home/ecz/Folder/Programming/Backend/pdvProject/src/controller/cashierController.js:191:27)","timestamp":"2026-05-15 10:0137","url":"/cashier/active","userId":2}
{"level":"error","message":"Error: There is not opened shift currently","method":"GET","stack":"Error: There is not opened shift currently\n    at CashierService.getOpenedShift (/home/ecz/Folder/Programming/Backend/pdvProject/src/service/CashierService.js:310:31)\n    at process.processTicksAndRejections (node:internal/process/task_queues:104:5)\n    at async getOpenedShift (/home/ecz/Folder/Programming/Backend/pdvProject/src/controller/cashierController.js:191:27)","timestamp":"2026-05-15 10:0137","url":"/cashier/active","userId":2}
{"level":"error","message":"Error: There is not opened shift currently","method":"GET","stack":"Error: There is not opened shift currently\n    at CashierService.getOpenedShift (/home/ecz/Folder/Programming/Backend/pdvProject/src/service/CashierService.js:310:31)\n    at process.processTicksAndRejections (node:internal/process/task_queues:104:5)\n    at async getOpenedShift (/home/ecz/Folder/Programming/Backend/pdvProject/src/controller/cashierController.js:191:27)","timestamp":"2026-05-15 10:0141","url":"/cashier/active","userId":2}
{"level":"error","message":"Error: There is not opened shift currently","method":"GET","stack":"Error: There is not opened shift currently\n    at CashierService.getOpenedShift (/home/ecz/Folder/Programming/Backend/pdvProject/src/service/CashierService.js:310:31)\n    at process.processTicksAndRejections (node:internal/process/task_queues:104:5)\n    at async getOpenedShift (/home/ecz/Folder/Programming/Backend/pdvProject/src/controller/cashierController.js:191:27)","timestamp":"2026-05-15 10:0141","url":"/cashier/active","userId":2}
{"level":"error","message":"Error: There is not opened shift currently","method":"GET","stack":"Error: There is not opened shift currently\n    at CashierService.getOpenedShift (/home/ecz/Folder/Programming/Backend/pdvProject/src/service/CashierService.js:310:31)\n    at process.processTicksAndRejections (node:internal/process/task_queues:104:5)\n    at async getOpenedShift (/home/ecz/Folder/Programming/Backend/pdvProject/src/controller/cashierController.js:191:27)","timestamp":"2026-05-15 10:0142","url":"/cashier/active","userId":2}
{"level":"error","message":"Error: There is not opened shift currently","method":"GET","stack":"Error: There is not opened shift currently\n    at CashierService.getOpenedShift (/home/ecz/Folder/Programming/Backend/pdvProject/src/service/CashierService.js:310:31)\n    at process.processTicksAndRejections (node:internal/process/task_queues:104:5)\n    at async getOpenedShift (/home/ecz/Folder/Programming/Backend/pdvProject/src/controller/cashierController.js:191:27)","timestamp":"2026-05-15 10:0142","url":"/cashier/active","userId":2}
{"level":"error","message":"Error: There is not opened shift currently","method":"GET","stack":"Error: There is not opened shift currently\n    at CashierService.getOpenedShift (/home/ecz/Folder/Programming/Backend/pdvProject/src/service/CashierService.js:310:31)\n    at process.processTicksAndRejections (node:internal/process/task_queues:104:5)\n    at async getOpenedShift (/home/ecz/Folder/Programming/Backend/pdvProject/src/controller/cashierController.js:191:27)","timestamp":"2026-05-15 10:0207","url":"/cashier/active","userId":2}
{"level":"error","message":"Error: There is not opened shift currently","method":"GET","stack":"Error: There is not opened shift currently\n    at CashierService.getOpenedShift (/home/ecz/Folder/Programming/Backend/pdvProject/src/service/CashierService.js:310:31)\n    at process.processTicksAndRejections (node:internal/process/task_queues:104:5)\n    at async getOpenedShift (/home/ecz/Folder/Programming/Backend/pdvProject/src/controller/cashierController.js:191:27)","timestamp":"2026-05-15 10:0208","url":"/cashier/active","userId":2}
{"level":"error","message":"Error: There is not opened shift currently","method":"GET","stack":"Error: There is not opened shift currently\n    at CashierService.getOpenedShift (/home/ecz/Folder/Programming/Backend/pdvProject/src/service/CashierService.js:310:31)\n    at process.processTicksAndRejections (node:internal/process/task_queues:104:5)\n    at async getOpenedShift (/home/ecz/Folder/Programming/Backend/pdvProject/src/controller/cashierController.js:191:27)","timestamp":"2026-05-15 10:0241","url":"/cashier/active","userId":2}
{"level":"error","message":"Error: There is not opened shift currently","method":"GET","stack":"Error: There is not opened shift currently\n    at CashierService.getOpenedShift (/home/ecz/Folder/Programming/Backend/pdvProject/src/service/CashierService.js:310:31)\n    at process.processTicksAndRejections (node:internal/process/task_queues:104:5)\n    at async getOpenedShift (/home/ecz/Folder/Programming/Backend/pdvProject/src/controller/cashierController.js:191:27)","timestamp":"2026-05-15 10:0242","url":"/cashier/active","userId":2}
{"level":"error","message":"Error: There is not opened shift currently","method":"GET","stack":"Error: There is not opened shift currently\n    at CashierService.getOpenedShift (/home/ecz/Folder/Programming/Backend/pdvProject/src/service/CashierService.js:310:31)\n    at process.processTicksAndRejections (node:internal/process/task_queues:104:5)\n    at async getOpenedShift (/home/ecz/Folder/Programming/Backend/pdvProject/src/controller/cashierController.js:191:27)","timestamp":"2026-05-15 10:0300","url":"/cashier/active","userId":2}
{"level":"error","message":"Error: There is not opened shift currently","method":"GET","stack":"Error: There is not opened shift currently\n    at CashierService.getOpenedShift (/home/ecz/Folder/Programming/Backend/pdvProject/src/service/CashierService.js:310:31)\n    at process.processTicksAndRejections (node:internal/process/task_queues:104:5)\n    at async getOpenedShift (/home/ecz/Folder/Programming/Backend/pdvProject/src/controller/cashierController.js:191:27)","timestamp":"2026-05-15 10:0301","url":"/cashier/active","userId":2}
{"level":"error","message":"Error: There is not opened shift currently","method":"GET","stack":"Error: There is not opened shift currently\n    at CashierService.getOpenedShift (/home/ecz/Folder/Programming/Backend/pdvProject/src/service/CashierService.js:310:31)\n    at process.processTicksAndRejections (node:internal/process/task_queues:104:5)\n    at async getOpenedShift (/home/ecz/Folder/Programming/Backend/pdvProject/src/controller/cashierController.js:191:27)","timestamp":"2026-05-15 10:0303","url":"/cashier/active","userId":2}
{"level":"error","message":"Error: There is not opened shift currently","method":"GET","stack":"Error: There is not opened shift currently\n    at CashierService.getOpenedShift (/home/ecz/Folder/Programming/Backend/pdvProject/src/service/CashierService.js:310:31)\n    at process.processTicksAndRejections (node:internal/process/task_queues:104:5)\n    at async getOpenedShift (/home/ecz/Folder/Programming/Backend/pdvProject/src/controller/cashierController.js:191:27)","timestamp":"2026-05-15 10:0304","url":"/cashier/active","userId":2}
{"level":"error","message":"Error: There is not opened shift currently","method":"GET","stack":"Error: There is not opened shift currently\n    at CashierService.getOpenedShift (/home/ecz/Folder/Programming/Backend/pdvProject/src/service/CashierService.js:310:31)\n    at process.processTicksAndRejections (node:internal/process/task_queues:104:5)\n    at async getOpenedShift (/home/ecz/Folder/Programming/Backend/pdvProject/src/controller/cashierController.js:191:27)","timestamp":"2026-05-15 10:0313","url":"/cashier/active","userId":2}
{"level":"error","message":"Error: There is not opened shift currently","method":"GET","stack":"Error: There is not opened shift currently\n    at CashierService.getOpenedShift (/home/ecz/Folder/Programming/Backend/pdvProject/src/service/CashierService.js:310:31)\n    at process.processTicksAndRejections (node:internal/process/task_queues:104:5)\n    at async getOpenedShift (/home/ecz/Folder/Programming/Backend/pdvProject/src/controller/cashierController.js:191:27)","timestamp":"2026-05-15 10:0314","url":"/cashier/active","userId":2}
{"level":"error","message":"Error: There is not opened shift currently","method":"GET","stack":"Error: There is not opened shift currently\n    at CashierService.getOpenedShift (/home/ecz/Folder/Programming/Backend/pdvProject/src/service/CashierService.js:310:31)\n    at process.processTicksAndRejections (node:internal/process/task_queues:104:5)\n    at async getOpenedShift (/home/ecz/Folder/Programming/Backend/pdvProject/src/controller/cashierController.js:191:27)","timestamp":"2026-05-15 10:0322","url":"/cashier/active","userId":2}
{"level":"error","message":"Error: There is not opened shift currently","method":"GET","stack":"Error: There is not opened shift currently\n    at CashierService.getOpenedShift (/home/ecz/Folder/Programming/Backend/pdvProject/src/service/CashierService.js:310:31)\n    at process.processTicksAndRejections (node:internal/process/task_queues:104:5)\n    at async getOpenedShift (/home/ecz/Folder/Programming/Backend/pdvProject/src/controller/cashierController.js:191:27)","timestamp":"2026-05-15 10:0322","url":"/cashier/active","userId":2}
{"level":"error","message":"Error: There is not opened shift currently","method":"GET","stack":"Error: There is not opened shift currently\n    at CashierService.getOpenedShift (/home/ecz/Folder/Programming/Backend/pdvProject/src/service/CashierService.js:310:31)\n    at process.processTicksAndRejections (node:internal/process/task_queues:104:5)\n    at async getOpenedShift (/home/ecz/Folder/Programming/Backend/pdvProject/src/controller/cashierController.js:191:27)","timestamp":"2026-05-15 10:0336","url":"/cashier/active","userId":2}
{"level":"error","message":"Error: There is not opened shift currently","method":"GET","stack":"Error: There is not opened shift currently\n    at CashierService.getOpenedShift (/home/ecz/Folder/Programming/Backend/pdvProject/src/service/CashierService.js:310:31)\n    at process.processTicksAndRejections (node:internal/process/task_queues:104:5)\n    at async getOpenedShift (/home/ecz/Folder/Programming/Backend/pdvProject/src/controller/cashierController.js:191:27)","timestamp":"2026-05-15 10:0337","url":"/cashier/active","userId":2}
{"level":"error","message":"Error: There is not opened shift currently","method":"GET","stack":"Error: There is not opened shift currently\n    at CashierService.getOpenedShift (/home/ecz/Folder/Programming/Backend/pdvProject/src/service/CashierService.js:310:31)\n    at process.processTicksAndRejections (node:internal/process/task_queues:104:5)\n    at async getOpenedShift (/home/ecz/Folder/Programming/Backend/pdvProject/src/controller/cashierController.js:191:27)","timestamp":"2026-05-15 10:0338","url":"/cashier/active","userId":2}
{"level":"error","message":"Error: There is not opened shift currently","method":"GET","stack":"Error: There is not opened shift currently\n    at CashierService.getOpenedShift (/home/ecz/Folder/Programming/Backend/pdvProject/src/service/CashierService.js:310:31)\n    at process.processTicksAndRejections (node:internal/process/task_queues:104:5)\n    at async getOpenedShift (/home/ecz/Folder/Programming/Backend/pdvProject/src/controller/cashierController.js:191:27)","timestamp":"2026-05-15 10:0339","url":"/cashier/active","userId":2}
{"level":"error","message":"Error: There is not opened shift currently","method":"GET","stack":"Error: There is not opened shift currently\n    at CashierService.getOpenedShift (/home/ecz/Folder/Programming/Backend/pdvProject/src/service/CashierService.js:310:31)\n    at process.processTicksAndRejections (node:internal/process/task_queues:104:5)\n    at async getOpenedShift (/home/ecz/Folder/Programming/Backend/pdvProject/src/controller/cashierController.js:191:27)","timestamp":"2026-05-15 10:0341","url":"/cashier/active","userId":2}
{"level":"error","message":"Error: There is not opened shift currently","method":"GET","stack":"Error: There is not opened shift currently\n    at CashierService.getOpenedShift (/home/ecz/Folder/Programming/Backend/pdvProject/src/service/CashierService.js:310:31)\n    at process.processTicksAndRejections (node:internal/process/task_queues:104:5)\n    at async getOpenedShift (/home/ecz/Folder/Programming/Backend/pdvProject/src/controller/cashierController.js:191:27)","timestamp":"2026-05-15 10:0342","url":"/cashier/active","userId":2}
{"level":"error","message":"Error: There is not opened shift currently","method":"GET","stack":"Error: There is not opened shift currently\n    at CashierService.getOpenedShift (/home/ecz/Folder/Programming/Backend/pdvProject/src/service/CashierService.js:310:31)\n    at process.processTicksAndRejections (node:internal/process/task_queues:104:5)\n    at async getOpenedShift (/home/ecz/Folder/Programming/Backend/pdvProject/src/controller/cashierController.js:191:27)","timestamp":"2026-05-15 10:0344","url":"/cashier/active","userId":2}
{"level":"error","message":"Error: There is not opened shift currently","method":"GET","stack":"Error: There is not opened shift currently\n    at CashierService.getOpenedShift (/home/ecz/Folder/Programming/Backend/pdvProject/src/service/CashierService.js:310:31)\n    at process.processTicksAndRejections (node:internal/process/task_queues:104:5)\n    at async getOpenedShift (/home/ecz/Folder/Programming/Backend/pdvProject/src/controller/cashierController.js:191:27)","timestamp":"2026-05-15 10:0345","url":"/cashier/active","userId":2}
{"level":"error","message":"Error: There is not opened shift currently","method":"GET","stack":"Error: There is not opened shift currently\n    at CashierService.getOpenedShift (/home/ecz/Folder/Programming/Backend/pdvProject/src/service/CashierService.js:310:31)\n    at process.processTicksAndRejections (node:internal/process/task_queues:104:5)\n    at async getOpenedShift (/home/ecz/Folder/Programming/Backend/pdvProject/src/controller/cashierController.js:191:27)","timestamp":"2026-05-15 10:0349","url":"/cashier/active","userId":2}
{"level":"error","message":"Error: There is not opened shift currently","method":"GET","stack":"Error: There is not opened shift currently\n    at CashierService.getOpenedShift (/home/ecz/Folder/Programming/Backend/pdvProject/src/service/CashierService.js:310:31)\n    at process.processTicksAndRejections (node:internal/process/task_queues:104:5)\n    at async getOpenedShift (/home/ecz/Folder/Programming/Backend/pdvProject/src/controller/cashierController.js:191:27)","timestamp":"2026-05-15 10:0352","url":"/cashier/active","userId":2}
{"level":"error","message":"Error: There is not opened shift currently","method":"GET","stack":"Error: There is not opened shift currently\n    at CashierService.getOpenedShift (/home/ecz/Folder/Programming/Backend/pdvProject/src/service/CashierService.js:310:31)\n    at process.processTicksAndRejections (node:internal/process/task_queues:104:5)\n    at async getOpenedShift (/home/ecz/Folder/Programming/Backend/pdvProject/src/controller/cashierController.js:191:27)","timestamp":"2026-05-15 10:0432","url":"/cashier/active","userId":2}
{"level":"error","message":"Error: There is not opened shift currently","method":"GET","stack":"Error: There is not opened shift currently\n    at CashierService.getOpenedShift (/home/ecz/Folder/Programming/Backend/pdvProject/src/service/CashierService.js:310:31)\n    at process.processTicksAndRejections (node:internal/process/task_queues:104:5)\n    at async getOpenedShift (/home/ecz/Folder/Programming/Backend/pdvProject/src/controller/cashierController.js:191:27)","timestamp":"2026-05-15 10:0554","url":"/cashier/active","userId":2}
{"level":"error","message":"Error: There is not opened shift currently","method":"GET","stack":"Error: There is not opened shift currently\n    at CashierService.getOpenedShift (/home/ecz/Folder/Programming/Backend/pdvProject/src/service/CashierService.js:310:31)\n    at process.processTicksAndRejections (node:internal/process/task_queues:104:5)\n    at async getOpenedShift (/home/ecz/Folder/Programming/Backend/pdvProject/src/controller/cashierController.js:191:27)","timestamp":"2026-05-15 10:3537","url":"/cashier/active","userId":2}
{"level":"error","message":"Error: There is not opened shift currently","method":"GET","stack":"Error: There is not opened shift currently\n    at CashierService.getOpenedShift (/home/ecz/Folder/Programming/Backend/pdvProject/src/service/CashierService.js:310:31)\n    at process.processTicksAndRejections (node:internal/process/task_queues:104:5)\n    at async getOpenedShift (/home/ecz/Folder/Programming/Backend/pdvProject/src/controller/cashierController.js:191:27)","timestamp":"2026-05-15 10:3540","url":"/cashier/active","userId":2}
{"level":"error","message":"Error: There is not opened shift currently","method":"GET","stack":"Error: There is not opened shift currently\n    at CashierService.getOpenedShift (/home/ecz/Folder/Programming/Backend/pdvProject/src/service/CashierService.js:310:31)\n    at process.processTicksAndRejections (node:internal/process/task_queues:104:5)\n    at async getOpenedShift (/home/ecz/Folder/Programming/Backend/pdvProject/src/controller/cashierController.js:191:27)","timestamp":"2026-05-15 10:3543","url":"/cashier/active","userId":2}
{"level":"error","message":"Error: There is not opened shift currently","method":"GET","stack":"Error: There is not opened shift currently\n    at CashierService.getOpenedShift (/home/ecz/Folder/Programming/Backend/pdvProject/src/service/CashierService.js:310:31)\n    at process.processTicksAndRejections (node:internal/process/task_queues:104:5)\n    at async getOpenedShift (/home/ecz/Folder/Programming/Backend/pdvProject/src/controller/cashierController.js:191:27)","timestamp":"2026-05-15 10:4923","url":"/cashier/active","userId":2}
{"level":"error","message":"Error: There is not opened shift currently","method":"GET","stack":"Error: There is not opened shift currently\n    at CashierService.getOpenedShift (/home/ecz/Folder/Programming/Backend/pdvProject/src/service/CashierService.js:310:31)\n    at process.processTicksAndRejections (node:internal/process/task_queues:104:5)\n    at async getOpenedShift (/home/ecz/Folder/Programming/Backend/pdvProject/src/controller/cashierController.js:191:27)","timestamp":"2026-05-15 10:4924","url":"/cashier/active","userId":2}
{"level":"error","message":"Error: There is not opened shift currently","method":"GET","stack":"Error: There is not opened shift currently\n    at CashierService.getOpenedShift (/home/ecz/Folder/Programming/Backend/pdvProject/src/service/CashierService.js:310:31)\n    at process.processTicksAndRejections (node:internal/process/task_queues:104:5)\n    at async getOpenedShift (/home/ecz/Folder/Programming/Backend/pdvProject/src/controller/cashierController.js:191:27)","timestamp":"2026-05-15 10:4924","url":"/cashier/active","userId":2}
{"level":"error","message":"Error: There is not opened shift currently","method":"GET","stack":"Error: There is not opened shift currently\n    at CashierService.getOpenedShift (/home/ecz/Folder/Programming/Backend/pdvProject/src/service/CashierService.js:310:31)\n    at process.processTicksAndRejections (node:internal/process/task_queues:104:5)\n    at async getOpenedShift (/home/ecz/Folder/Programming/Backend/pdvProject/src/controller/cashierController.js:191:27)","timestamp":"2026-05-15 10:4925","url":"/cashier/active","userId":2}
{"level":"error","message":"Error: There is not opened shift currently","method":"GET","stack":"Error: There is not opened shift currently\n    at CashierService.getOpenedShift (/home/ecz/Folder/Programming/Backend/pdvProject/src/service/CashierService.js:310:31)\n    at process.processTicksAndRejections (node:internal/process/task_queues:104:5)\n    at async getOpenedShift (/home/ecz/Folder/Programming/Backend/pdvProject/src/controller/cashierController.js:191:27)","timestamp":"2026-05-15 10:4925","url":"/cashier/active","userId":2}
{"level":"error","message":"Error: There is not opened shift currently","method":"GET","stack":"Error: There is not opened shift currently\n    at CashierService.getOpenedShift (/home/ecz/Folder/Programming/Backend/pdvProject/src/service/CashierService.js:310:31)\n    at process.processTicksAndRejections (node:internal/process/task_queues:104:5)\n    at async getOpenedShift (/home/ecz/Folder/Programming/Backend/pdvProject/src/controller/cashierController.js:191:27)","timestamp":"2026-05-15 10:4926","url":"/cashier/active","userId":2}
{"level":"error","message":"Error: There is not opened shift currently","method":"GET","stack":"Error: There is not opened shift currently\n    at CashierService.getOpenedShift (/home/ecz/Folder/Programming/Backend/pdvProject/src/service/CashierService.js:310:31)\n    at process.processTicksAndRejections (node:internal/process/task_queues:104:5)\n    at async getOpenedShift (/home/ecz/Folder/Programming/Backend/pdvProject/src/controller/cashierController.js:191:27)","timestamp":"2026-05-15 10:4927","url":"/cashier/active","userId":2}
{"level":"error","message":"Error: There is not opened shift currently","method":"GET","stack":"Error: There is not opened shift currently\n    at CashierService.getOpenedShift (/home/ecz/Folder/Programming/Backend/pdvProject/src/service/CashierService.js:310:31)\n    at process.processTicksAndRejections (node:internal/process/task_queues:104:5)\n    at async getOpenedShift (/home/ecz/Folder/Programming/Backend/pdvProject/src/controller/cashierController.js:191:27)","timestamp":"2026-05-15 10:4927","url":"/cashier/active","userId":2}
{"level":"error","message":"Error: There is not opened shift currently","method":"GET","stack":"Error: There is not opened shift currently\n    at CashierService.getOpenedShift (/home/ecz/Folder/Programming/Backend/pdvProject/src/service/CashierService.js:310:31)\n    at process.processTicksAndRejections (node:internal/process/task_queues:104:5)\n    at async getOpenedShift (/home/ecz/Folder/Programming/Backend/pdvProject/src/controller/cashierController.js:191:27)","timestamp":"2026-05-15 10:4928","url":"/cashier/active","userId":2}
{"level":"error","message":"Error: There is not opened shift currently","method":"GET","stack":"Error: There is not opened shift currently\n    at CashierService.getOpenedShift (/home/ecz/Folder/Programming/Backend/pdvProject/src/service/CashierService.js:310:31)\n    at process.processTicksAndRejections (node:internal/process/task_queues:104:5)\n    at async getOpenedShift (/home/ecz/Folder/Programming/Backend/pdvProject/src/controller/cashierController.js:191:27)","timestamp":"2026-05-15 10:4929","url":"/cashier/active","userId":2}
{"level":"error","message":"Error: There is not opened shift currently","method":"GET","stack":"Error: There is not opened shift currently\n    at CashierService.getOpenedShift (/home/ecz/Folder/Programming/Backend/pdvProject/src/service/CashierService.js:310:31)\n    at process.processTicksAndRejections (node:internal/process/task_queues:104:5)\n    at async getOpenedShift (/home/ecz/Folder/Programming/Backend/pdvProject/src/controller/cashierController.js:191:27)","timestamp":"2026-05-15 10:5743","url":"/cashier/active","userId":2}
{"level":"error","message":"Error: There is not opened shift currently","method":"GET","stack":"Error: There is not opened shift currently\n    at CashierService.getOpenedShift (/home/ecz/Folder/Programming/Backend/pdvProject/src/service/CashierService.js:310:31)\n    at process.processTicksAndRejections (node:internal/process/task_queues:104:5)\n    at async getOpenedShift (/home/ecz/Folder/Programming/Backend/pdvProject/src/controller/cashierController.js:191:27)","timestamp":"2026-05-15 12:3438","url":"/cashier/active","userId":2}
{"level":"error","message":"Error: There is not opened shift currently","method":"GET","stack":"Error: There is not opened shift currently\n    at CashierService.getOpenedShift (/home/ecz/Folder/Programming/Backend/pdvProject/src/service/CashierService.js:310:31)\n    at process.processTicksAndRejections (node:internal/process/task_queues:104:5)\n    at async getOpenedShift (/home/ecz/Folder/Programming/Backend/pdvProject/src/controller/cashierController.js:191:27)","timestamp":"2026-05-15 12:3444","url":"/cashier/active","userId":2}
{"level":"info","message":"Middleware initialized","timestamp":"2026-05-15 13:0003"}
{"level":"info","message":"Middleware initialized","timestamp":"2026-05-15 13:0117"}
{"level":"info","message":"Middleware initialized","timestamp":"2026-05-15 13:0130"}
{"level":"info","message":"Middleware initialized","timestamp":"2026-05-15 13:0134"}
{"level":"info","message":"Middleware initialized","timestamp":"2026-05-15 13:0138"}
{"level":"info","message":"Middleware initialized","timestamp":"2026-05-15 13:0139"}
{"level":"info","message":"Middleware initialized","timestamp":"2026-05-15 13:0222"}
{"level":"info","message":"Middleware initialized","timestamp":"2026-05-15 13:0225"}
{"level":"info","message":"Middleware initialized","timestamp":"2026-05-15 13:0232"}
{"level":"info","message":"Middleware initialized","timestamp":"2026-05-15 13:0236"}
{"level":"info","message":"Middleware initialized","timestamp":"2026-05-15 13:0258"}
{"level":"info","message":"Middleware initialized","timestamp":"2026-05-15 13:0309"}
{"level":"info","message":"Middleware initialized","timestamp":"2026-05-15 13:0319"}
{"level":"info","message":"Middleware initialized","timestamp":"2026-05-15 13:0322"}
{"level":"info","message":"Middleware initialized","timestamp":"2026-05-15 13:0323"}
{"level":"info","message":"Middleware initialized","timestamp":"2026-05-15 13:0405"}
{"level":"info","message":"Middleware initialized","timestamp":"2026-05-15 13:0409"}
{"level":"info","message":"Middleware initialized","timestamp":"2026-05-15 13:0422"}
{"level":"info","message":"Middleware initialized","timestamp":"2026-05-15 13:0423"}
{"level":"info","message":"Middleware initialized","timestamp":"2026-05-15 13:0442"}
{"level":"info","message":"Middleware initialized","timestamp":"2026-05-15 13:0449"}
{"level":"info","message":"Middleware initialized","timestamp":"2026-05-15 13:0451"}
{"level":"info","message":"Middleware initialized","timestamp":"2026-05-15 13:0453"}
{"level":"info","message":"Middleware initialized","timestamp":"2026-05-15 13:0457"}
{"level":"info","message":"Middleware initialized","timestamp":"2026-05-15 13:0459"}
{"level":"info","message":"Middleware initialized","timestamp":"2026-05-15 13:0504"}
{"level":"info","message":"Middleware initialized","timestamp":"2026-05-15 13:0512"}
{"level":"info","message":"Middleware initialized","timestamp":"2026-05-15 13:0523"}
{"level":"info","message":"Middleware initialized","timestamp":"2026-05-15 13:0526"}
{"level":"info","message":"Middleware initialized","timestamp":"2026-05-15 13:0530"}
{"level":"info","message":"Middleware initialized","timestamp":"2026-05-15 13:0550"}
{"level":"info","message":"Middleware initialized","timestamp":"2026-05-15 13:0551"}
{"level":"info","message":"Middleware initialized","timestamp":"2026-05-15 13:0645"}
{"level":"info","message":"Middleware initialized","timestamp":"2026-05-15 13:0647"}
{"level":"info","message":"Middleware initialized","timestamp":"2026-05-15 13:0821"}
{"level":"info","message":"Middleware initialized","timestamp":"2026-05-15 13:0824"}
{"level":"info","message":"Middleware initialized","timestamp":"2026-05-15 13:0826"}
{"level":"info","message":"Middleware initialized","timestamp":"2026-05-15 13:0839"}
{"level":"info","message":"Middleware initialized","timestamp":"2026-05-15 13:0841"}
{"level":"info","message":"Middleware initialized","timestamp":"2026-05-15 13:0844"}
{"level":"info","message":"Middleware initialized","timestamp":"2026-05-15 13:0850"}
{"level":"info","message":"Middleware initialized","timestamp":"2026-05-15 13:0851"}
{"level":"info","message":"Middleware initialized","timestamp":"2026-05-15 13:0906"}
{"level":"info","message":"Middleware initialized","timestamp":"2026-05-15 13:0907"}
{"level":"info","message":"Middleware initialized","timestamp":"2026-05-15 13:0910"}
{"level":"info","message":"Middleware initialized","timestamp":"2026-05-15 13:0913"}
{"level":"info","message":"Middleware initialized","timestamp":"2026-05-15 13:0918"}
{"level":"info","message":"Middleware initialized","timestamp":"2026-05-15 13:0922"}
{"level":"info","message":"Middleware initialized","timestamp":"2026-05-15 13:0925"}
{"level":"info","message":"Middleware initialized","timestamp":"2026-05-15 13:0930"}
{"level":"info","message":"Middleware initialized","timestamp":"2026-05-15 13:0933"}
{"level":"info","message":"Middleware initialized","timestamp":"2026-05-15 13:0936"}
{"level":"info","message":"Middleware initialized","timestamp":"2026-05-15 13:0948"}
{"level":"info","message":"Middleware initialized","timestamp":"2026-05-15 13:0955"}
{"level":"info","message":"Middleware initialized","timestamp":"2026-05-15 13:0959"}
{"level":"info","message":"Middleware initialized","timestamp":"2026-05-15 13:1002"}
{"level":"info","message":"Middleware initialized","timestamp":"2026-05-15 13:1005"}
{"level":"info","message":"Middleware initialized","timestamp":"2026-05-15 13:1009"}
{"level":"info","message":"Middleware initialized","timestamp":"2026-05-15 13:1011"}
{"level":"info","message":"Middleware initialized","timestamp":"2026-05-15 13:1015"}
{"level":"info","message":"Middleware initialized","timestamp":"2026-05-15 13:1016"}
{"level":"info","message":"Middleware initialized","timestamp":"2026-05-15 13:1018"}
{"level":"info","message":"Middleware initialized","timestamp":"2026-05-15 13:1019"}
{"level":"info","message":"Middleware initialized","timestamp":"2026-05-15 13:1024"}
{"level":"info","message":"Middleware initialized","timestamp":"2026-05-15 13:1035"}
{"level":"info","message":"Middleware initialized","timestamp":"2026-05-15 13:1038"}
{"level":"info","message":"Middleware initialized","timestamp":"2026-05-15 13:1039"}
{"level":"info","message":"Middleware initialized","timestamp":"2026-05-15 13:1042"}
{"level":"info","message":"Middleware initialized","timestamp":"2026-05-15 13:1046"}
{"level":"info","message":"Middleware initialized","timestamp":"2026-05-15 13:1050"}
{"level":"info","message":"Middleware initialized","timestamp":"2026-05-15 13:1056"}
{"level":"info","message":"Middleware initialized","timestamp":"2026-05-15 13:1057"}
{"level":"info","message":"Middleware initialized","timestamp":"2026-05-15 13:1102"}
{"level":"info","message":"Middleware initialized","timestamp":"2026-05-15 13:1109"}
{"level":"info","message":"Middleware initialized","timestamp":"2026-05-15 13:1113"}
{"level":"info","message":"Middleware initialized","timestamp":"2026-05-15 13:1117"}
{"level":"info","message":"Middleware initialized","timestamp":"2026-05-15 13:1124"}
{"level":"info","message":"Middleware initialized","timestamp":"2026-05-15 13:1128"}
{"level":"info","message":"Middleware initialized","timestamp":"2026-05-15 13:1144"}
{"level":"info","message":"Middleware initialized","timestamp":"2026-05-15 13:1156"}
{"level":"info","message":"Middleware initialized","timestamp":"2026-05-15 13:1207"}
{"level":"info","message":"Middleware initialized","timestamp":"2026-05-15 13:1215"}
{"level":"info","message":"Middleware initialized","timestamp":"2026-05-15 13:1217"}
{"level":"info","message":"Middleware initialized","timestamp":"2026-05-15 13:1224"}
{"level":"info","message":"Middleware initialized","timestamp":"2026-05-15 13:1229"}
{"level":"info","message":"Middleware initialized","timestamp":"2026-05-15 13:1231"}
{"level":"info","message":"Middleware initialized","timestamp":"2026-05-15 13:1234"}
{"level":"info","message":"Middleware initialized","timestamp":"2026-05-15 13:1238"}
{"level":"info","message":"Middleware initialized","timestamp":"2026-05-15 13:1244"}
{"level":"info","message":"Middleware initialized","timestamp":"2026-05-15 13:1247"}
{"level":"info","message":"Middleware initialized","timestamp":"2026-05-15 13:1249"}
{"level":"info","message":"Middleware initialized","timestamp":"2026-05-15 13:1330"}
{"level":"info","message":"Middleware initialized","timestamp":"2026-05-15 13:1332"}
{"level":"info","message":"Middleware initialized","timestamp":"2026-05-15 13:1333"}
{"level":"info","message":"Middleware initialized","timestamp":"2026-05-15 13:1348"}
{"level":"info","message":"Middleware initialized","timestamp":"2026-05-15 13:1354"}
{"level":"info","message":"Middleware initialized","timestamp":"2026-05-15 13:1357"}
{"level":"info","message":"Middleware initialized","timestamp":"2026-05-15 13:1359"}
{"level":"info","message":"Middleware initialized","timestamp":"2026-05-15 13:1404"}
{"level":"info","message":"Middleware initialized","timestamp":"2026-05-15 13:1409"}
{"level":"info","message":"Middleware initialized","timestamp":"2026-05-15 13:1414"}
{"level":"info","message":"Middleware initialized","timestamp":"2026-05-15 13:1424"}
{"level":"info","message":"Middleware initialized","timestamp":"2026-05-15 13:1434"}
{"level":"info","message":"Middleware initialized","timestamp":"2026-05-15 13:1437"}
{"level":"info","message":"Middleware initialized","timestamp":"2026-05-15 13:1528"}
{"level":"info","message":"Middleware initialized","timestamp":"2026-05-15 13:1552"}
{"level":"info","message":"Middleware initialized","timestamp":"2026-05-15 13:1559"}
{"level":"info","message":"Middleware initialized","timestamp":"2026-05-15 13:1611"}
{"level":"info","message":"Middleware initialized","timestamp":"2026-05-15 13:1616"}
{"level":"info","message":"Middleware initialized","timestamp":"2026-05-15 13:1619"}
{"level":"info","message":"Middleware initialized","timestamp":"2026-05-15 13:1626"}
{"level":"info","message":"Middleware initialized","timestamp":"2026-05-15 13:1636"}
{"level":"info","message":"Middleware initialized","timestamp":"2026-05-15 13:1639"}
{"level":"info","message":"Middleware initialized","timestamp":"2026-05-15 13:1646"}
{"level":"info","message":"Middleware initialized","timestamp":"2026-05-15 13:1707"}
{"level":"info","message":"Middleware initialized","timestamp":"2026-05-15 13:1708"}
{"level":"info","message":"Middleware initialized","timestamp":"2026-05-15 13:1709"}
{"level":"info","message":"Middleware initialized","timestamp":"2026-05-15 13:1713"}
{"level":"info","message":"Middleware initialized","timestamp":"2026-05-15 13:1715"}
{"level":"info","message":"Middleware initialized","timestamp":"2026-05-15 13:1717"}
{"level":"info","message":"Middleware initialized","timestamp":"2026-05-15 13:1724"}
{"level":"info","message":"Middleware initialized","timestamp":"2026-05-15 13:1730"}
{"level":"info","message":"Middleware initialized","timestamp":"2026-05-15 13:1949"}
{"level":"info","message":"Middleware initialized","timestamp":"2026-05-15 13:1956"}
{"level":"error","message":"SequelizeDatabaseError: missing FROM-clause entry for table \"Suborders\"","method":"GET","stack":"Error\n    at Query.run (/home/ecz/Folder/Programming/Backend/pdvProject/node_modules/sequelize/lib/dialects/postgres/query.js:50:25)\n    at /home/ecz/Folder/Programming/Backend/pdvProject/node_modules/sequelize/lib/sequelize.js:315:28\n    at process.processTicksAndRejections (node:internal/process/task_queues:104:5)\n    at async PostgresQueryInterface.select (/home/ecz/Folder/Programming/Backend/pdvProject/node_modules/sequelize/lib/dialects/abstract/query-interface.js:407:12)\n    at async Product.findAll (/home/ecz/Folder/Programming/Backend/pdvProject/node_modules/sequelize/lib/model.js:1140:21)\n    at async SaleService.productSaleRanking (/home/ecz/Folder/Programming/Backend/pdvProject/src/service/SaleService.js:219:29)\n    at async productSaleRanking (/home/ecz/Folder/Programming/Backend/pdvProject/src/controller/saleController.js:88:33)","timestamp":"2026-05-15 13:2000","url":"/sales/ranking","userId":2}
{"level":"info","message":"Middleware initialized","timestamp":"2026-05-15 13:2027"}
{"level":"info","message":"Middleware initialized","timestamp":"2026-05-15 13:2356"}
{"level":"info","message":"Middleware initialized","timestamp":"2026-05-15 13:2358"}
{"level":"info","message":"Middleware initialized","timestamp":"2026-05-15 13:2401"}
{"level":"error","message":"SequelizeDatabaseError: column suborders.id does not exist","method":"GET","stack":"Error\n    at Query.run (/home/ecz/Folder/Programming/Backend/pdvProject/node_modules/sequelize/lib/dialects/postgres/query.js:50:25)\n    at /home/ecz/Folder/Programming/Backend/pdvProject/node_modules/sequelize/lib/sequelize.js:315:28\n    at process.processTicksAndRejections (node:internal/process/task_queues:104:5)\n    at async PostgresQueryInterface.select (/home/ecz/Folder/Programming/Backend/pdvProject/node_modules/sequelize/lib/dialects/abstract/query-interface.js:407:12)\n    at async Product.findAll (/home/ecz/Folder/Programming/Backend/pdvProject/node_modules/sequelize/lib/model.js:1140:21)\n    at async SaleService.productSaleRanking (/home/ecz/Folder/Programming/Backend/pdvProject/src/service/SaleService.js:218:29)\n    at async productSaleRanking (/home/ecz/Folder/Programming/Backend/pdvProject/src/controller/saleController.js:88:33)","timestamp":"2026-05-15 13:2407","url":"/sales/ranking","userId":2}
{"level":"info","message":"Middleware initialized","timestamp":"2026-05-15 13:2836"}
{"level":"info","message":"Middleware initialized","timestamp":"2026-05-15 13:2838"}
{"level":"info","message":"Middleware initialized","timestamp":"2026-05-15 13:2852"}
{"level":"info","message":"Middleware initialized","timestamp":"2026-05-15 13:2907"}
{"level":"info","message":"Middleware initialized","timestamp":"2026-05-15 13:2909"}
{"level":"info","message":"Middleware initialized","timestamp":"2026-05-15 13:2915"}
{"level":"info","message":"Middleware initialized","timestamp":"2026-05-15 13:2919"}
{"level":"info","message":"Middleware initialized","timestamp":"2026-05-15 13:2927"}
{"level":"info","message":"Middleware initialized","timestamp":"2026-05-15 13:2931"}
{"level":"info","message":"Middleware initialized","timestamp":"2026-05-15 13:2936"}
{"level":"info","message":"Middleware initialized","timestamp":"2026-05-15 13:2939"}
{"level":"error","message":"SequelizeDatabaseError: column \"Product.id\" must appear in the GROUP BY clause or be used in an aggregate function","method":"GET","stack":"Error\n    at Query.run (/home/ecz/Folder/Programming/Backend/pdvProject/node_modules/sequelize/lib/dialects/postgres/query.js:50:25)\n    at /home/ecz/Folder/Programming/Backend/pdvProject/node_modules/sequelize/lib/sequelize.js:315:28\n    at process.processTicksAndRejections (node:internal/process/task_queues:104:5)\n    at async PostgresQueryInterface.select (/home/ecz/Folder/Programming/Backend/pdvProject/node_modules/sequelize/lib/dialects/abstract/query-interface.js:407:12)\n    at async Product.findAll (/home/ecz/Folder/Programming/Backend/pdvProject/node_modules/sequelize/lib/model.js:1140:21)\n    at async SaleService.productSaleRanking (/home/ecz/Folder/Programming/Backend/pdvProject/src/service/SaleService.js:218:29)\n    at async productSaleRanking (/home/ecz/Folder/Programming/Backend/pdvProject/src/controller/saleController.js:88:33)","timestamp":"2026-05-15 13:2947","url":"/sales/ranking","userId":2}
{"level":"info","message":"Middleware initialized","timestamp":"2026-05-15 13:3006"}
{"level":"error","message":"SequelizeDatabaseError: column \"Product.id\" must appear in the GROUP BY clause or be used in an aggregate function","method":"GET","stack":"Error\n    at Query.run (/home/ecz/Folder/Programming/Backend/pdvProject/node_modules/sequelize/lib/dialects/postgres/query.js:50:25)\n    at /home/ecz/Folder/Programming/Backend/pdvProject/node_modules/sequelize/lib/sequelize.js:315:28\n    at process.processTicksAndRejections (node:internal/process/task_queues:104:5)\n    at async PostgresQueryInterface.select (/home/ecz/Folder/Programming/Backend/pdvProject/node_modules/sequelize/lib/dialects/abstract/query-interface.js:407:12)\n    at async Product.findAll (/home/ecz/Folder/Programming/Backend/pdvProject/node_modules/sequelize/lib/model.js:1140:21)\n    at async SaleService.productSaleRanking (/home/ecz/Folder/Programming/Backend/pdvProject/src/service/SaleService.js:218:29)\n    at async productSaleRanking (/home/ecz/Folder/Programming/Backend/pdvProject/src/controller/saleController.js:88:33)","timestamp":"2026-05-15 13:3008","url":"/sales/ranking","userId":2}
{"level":"info","message":"Middleware initialized","timestamp":"2026-05-15 13:3028"}
{"level":"info","message":"Middleware initialized","timestamp":"2026-05-15 13:3050"}
{"level":"info","message":"Middleware initialized","timestamp":"2026-05-15 13:3051"}
{"level":"info","message":"Middleware initialized","timestamp":"2026-05-15 13:3055"}
{"level":"info","message":"Middleware initialized","timestamp":"2026-05-15 13:3057"}
{"level":"info","message":"Middleware initialized","timestamp":"2026-05-15 13:3059"}
{"level":"info","message":"Middleware initialized","timestamp":"2026-05-15 13:3103"}
{"level":"info","message":"Middleware initialized","timestamp":"2026-05-15 13:3112"}
{"level":"info","message":"Middleware initialized","timestamp":"2026-05-15 13:3114"}
{"level":"info","message":"Middleware initialized","timestamp":"2026-05-15 13:3118"}
{"level":"info","message":"Middleware initialized","timestamp":"2026-05-15 13:3120"}
{"level":"info","message":"Middleware initialized","timestamp":"2026-05-15 13:3125"}
{"level":"info","message":"Middleware initialized","timestamp":"2026-05-15 13:3128"}
{"level":"info","message":"Middleware initialized","timestamp":"2026-05-15 13:3130"}
{"level":"error","message":"SequelizeDatabaseError: missing FROM-clause entry for table \"Produuct\"","method":"GET","stack":"Error\n    at Query.run (/home/ecz/Folder/Programming/Backend/pdvProject/node_modules/sequelize/lib/dialects/postgres/query.js:50:25)\n    at /home/ecz/Folder/Programming/Backend/pdvProject/node_modules/sequelize/lib/sequelize.js:315:28\n    at process.processTicksAndRejections (node:internal/process/task_queues:104:5)\n    at async PostgresQueryInterface.select (/home/ecz/Folder/Programming/Backend/pdvProject/node_modules/sequelize/lib/dialects/abstract/query-interface.js:407:12)\n    at async Product.findAll (/home/ecz/Folder/Programming/Backend/pdvProject/node_modules/sequelize/lib/model.js:1140:21)\n    at async SaleService.productSaleRanking (/home/ecz/Folder/Programming/Backend/pdvProject/src/service/SaleService.js:218:29)\n    at async productSaleRanking (/home/ecz/Folder/Programming/Backend/pdvProject/src/controller/saleController.js:88:33)","timestamp":"2026-05-15 13:3137","url":"/sales/ranking","userId":2}
{"level":"info","message":"Middleware initialized","timestamp":"2026-05-15 13:3300"}
{"level":"info","message":"Middleware initialized","timestamp":"2026-05-15 13:3327"}
{"level":"info","message":"Middleware initialized","timestamp":"2026-05-15 13:3346"}
{"level":"info","message":"Middleware initialized","timestamp":"2026-05-15 13:3355"}
{"level":"info","message":"Middleware initialized","timestamp":"2026-05-15 13:3356"}
{"level":"info","message":"Middleware initialized","timestamp":"2026-05-15 13:3400"}
{"level":"error","message":"Error: There is not opened shift currently","method":"GET","stack":"Error: There is not opened shift currently\n    at CashierService.getOpenedShift (/home/ecz/Folder/Programming/Backend/pdvProject/src/service/CashierService.js:310:31)\n    at process.processTicksAndRejections (node:internal/process/task_queues:104:5)\n    at async getOpenedShift (/home/ecz/Folder/Programming/Backend/pdvProject/src/controller/cashierController.js:191:27)","timestamp":"2026-05-15 13:3625","url":"/cashier/active","userId":2}
{"level":"error","message":"Error: There is not opened shift currently","method":"GET","stack":"Error: There is not opened shift currently\n    at CashierService.getOpenedShift (/home/ecz/Folder/Programming/Backend/pdvProject/src/service/CashierService.js:310:31)\n    at process.processTicksAndRejections (node:internal/process/task_queues:104:5)\n    at async getOpenedShift (/home/ecz/Folder/Programming/Backend/pdvProject/src/controller/cashierController.js:191:27)","timestamp":"2026-05-15 14:0500","url":"/cashier/active","userId":2}
{"level":"error","message":"Error: There is not opened shift currently","method":"GET","stack":"Error: There is not opened shift currently\n    at CashierService.getOpenedShift (/home/ecz/Folder/Programming/Backend/pdvProject/src/service/CashierService.js:310:31)\n    at process.processTicksAndRejections (node:internal/process/task_queues:104:5)\n    at async getOpenedShift (/home/ecz/Folder/Programming/Backend/pdvProject/src/controller/cashierController.js:191:27)","timestamp":"2026-05-15 14:0850","url":"/cashier/active","userId":2}
{"level":"error","message":"Error: There is not opened shift currently","method":"GET","stack":"Error: There is not opened shift currently\n    at CashierService.getOpenedShift (/home/ecz/Folder/Programming/Backend/pdvProject/src/service/CashierService.js:310:31)\n    at process.processTicksAndRejections (node:internal/process/task_queues:104:5)\n    at async getOpenedShift (/home/ecz/Folder/Programming/Backend/pdvProject/src/controller/cashierController.js:191:27)","timestamp":"2026-05-15 14:0850","url":"/cashier/active","userId":2}
{"level":"error","message":"Error: There is not opened shift currently","method":"GET","stack":"Error: There is not opened shift currently\n    at CashierService.getOpenedShift (/home/ecz/Folder/Programming/Backend/pdvProject/src/service/CashierService.js:310:31)\n    at process.processTicksAndRejections (node:internal/process/task_queues:104:5)\n    at async getOpenedShift (/home/ecz/Folder/Programming/Backend/pdvProject/src/controller/cashierController.js:191:27)","timestamp":"2026-05-15 14:1031","url":"/cashier/active","userId":2}
{"level":"error","message":"Error: There is not opened shift currently","method":"GET","stack":"Error: There is not opened shift currently\n    at CashierService.getOpenedShift (/home/ecz/Folder/Programming/Backend/pdvProject/src/service/CashierService.js:310:31)\n    at process.processTicksAndRejections (node:internal/process/task_queues:104:5)\n    at async getOpenedShift (/home/ecz/Folder/Programming/Backend/pdvProject/src/controller/cashierController.js:191:27)","timestamp":"2026-05-15 14:1058","url":"/cashier/active","userId":2}
{"level":"error","message":"Error: There is not opened shift currently","method":"GET","stack":"Error: There is not opened shift currently\n    at CashierService.getOpenedShift (/home/ecz/Folder/Programming/Backend/pdvProject/src/service/CashierService.js:310:31)\n    at process.processTicksAndRejections (node:internal/process/task_queues:104:5)\n    at async getOpenedShift (/home/ecz/Folder/Programming/Backend/pdvProject/src/controller/cashierController.js:191:27)","timestamp":"2026-05-15 14:1156","url":"/cashier/active","userId":2}
{"level":"error","message":"Error: There is not opened shift currently","method":"GET","stack":"Error: There is not opened shift currently\n    at CashierService.getOpenedShift (/home/ecz/Folder/Programming/Backend/pdvProject/src/service/CashierService.js:310:31)\n    at process.processTicksAndRejections (node:internal/process/task_queues:104:5)\n    at async getOpenedShift (/home/ecz/Folder/Programming/Backend/pdvProject/src/controller/cashierController.js:191:27)","timestamp":"2026-05-15 14:2802","url":"/cashier/active","userId":2}
{"level":"error","message":"Error: There is not opened shift currently","method":"GET","stack":"Error: There is not opened shift currently\n    at CashierService.getOpenedShift (/home/ecz/Folder/Programming/Backend/pdvProject/src/service/CashierService.js:310:31)\n    at process.processTicksAndRejections (node:internal/process/task_queues:104:5)\n    at async getOpenedShift (/home/ecz/Folder/Programming/Backend/pdvProject/src/controller/cashierController.js:191:27)","timestamp":"2026-05-15 14:3603","url":"/cashier/active","userId":2}
{"level":"error","message":"Error: There is not opened shift currently","method":"GET","stack":"Error: There is not opened shift currently\n    at CashierService.getOpenedShift (/home/ecz/Folder/Programming/Backend/pdvProject/src/service/CashierService.js:310:31)\n    at process.processTicksAndRejections (node:internal/process/task_queues:104:5)\n    at async getOpenedShift (/home/ecz/Folder/Programming/Backend/pdvProject/src/controller/cashierController.js:191:27)","timestamp":"2026-05-15 16:3519","url":"/cashier/active","userId":2}
{"level":"error","message":"Error: There is not opened shift currently","method":"GET","stack":"Error: There is not opened shift currently\n    at CashierService.getOpenedShift (/home/ecz/Folder/Programming/Backend/pdvProject/src/service/CashierService.js:310:31)\n    at process.processTicksAndRejections (node:internal/process/task_queues:104:5)\n    at async getOpenedShift (/home/ecz/Folder/Programming/Backend/pdvProject/src/controller/cashierController.js:191:27)","timestamp":"2026-05-15 16:3527","url":"/cashier/active","userId":2}
{"level":"error","message":"Error: There is not opened shift currently","method":"GET","stack":"Error: There is not opened shift currently\n    at CashierService.getOpenedShift (/home/ecz/Folder/Programming/Backend/pdvProject/src/service/CashierService.js:310:31)\n    at process.processTicksAndRejections (node:internal/process/task_queues:104:5)\n    at async getOpenedShift (/home/ecz/Folder/Programming/Backend/pdvProject/src/controller/cashierController.js:191:27)","timestamp":"2026-05-15 16:3742","url":"/cashier/active","userId":2}
{"level":"error","message":"Error: There is not opened shift currently","method":"GET","stack":"Error: There is not opened shift currently\n    at CashierService.getOpenedShift (/home/ecz/Folder/Programming/Backend/pdvProject/src/service/CashierService.js:310:31)\n    at process.processTicksAndRejections (node:internal/process/task_queues:104:5)\n    at async getOpenedShift (/home/ecz/Folder/Programming/Backend/pdvProject/src/controller/cashierController.js:191:27)","timestamp":"2026-05-15 17:1443","url":"/cashier/active","userId":2}
{"level":"error","message":"Error: There is not opened shift currently","method":"GET","stack":"Error: There is not opened shift currently\n    at CashierService.getOpenedShift (/home/ecz/Folder/Programming/Backend/pdvProject/src/service/CashierService.js:310:31)\n    at process.processTicksAndRejections (node:internal/process/task_queues:104:5)\n    at async getOpenedShift (/home/ecz/Folder/Programming/Backend/pdvProject/src/controller/cashierController.js:191:27)","timestamp":"2026-05-15 17:2602","url":"/cashier/active","userId":2}
{"level":"error","message":"Error: There is not opened shift currently","method":"GET","stack":"Error: There is not opened shift currently\n    at CashierService.getOpenedShift (/home/ecz/Folder/Programming/Backend/pdvProject/src/service/CashierService.js:310:31)\n    at process.processTicksAndRejections (node:internal/process/task_queues:104:5)\n    at async getOpenedShift (/home/ecz/Folder/Programming/Backend/pdvProject/src/controller/cashierController.js:191:27)","timestamp":"2026-05-15 17:5146","url":"/cashier/active","userId":2}
{"level":"error","message":"Error: There is not opened shift currently","method":"GET","stack":"Error: There is not opened shift currently\n    at CashierService.getOpenedShift (/home/ecz/Folder/Programming/Backend/pdvProject/src/service/CashierService.js:310:31)\n    at process.processTicksAndRejections (node:internal/process/task_queues:104:5)\n    at async getOpenedShift (/home/ecz/Folder/Programming/Backend/pdvProject/src/controller/cashierController.js:191:27)","timestamp":"2026-05-15 17:5310","url":"/cashier/active","userId":2}
{"level":"error","message":"Error: There is not opened shift currently","method":"GET","stack":"Error: There is not opened shift currently\n    at CashierService.getOpenedShift (/home/ecz/Folder/Programming/Backend/pdvProject/src/service/CashierService.js:310:31)\n    at process.processTicksAndRejections (node:internal/process/task_queues:104:5)\n    at async getOpenedShift (/home/ecz/Folder/Programming/Backend/pdvProject/src/controller/cashierController.js:191:27)","timestamp":"2026-05-15 17:5334","url":"/cashier/active","userId":2}
{"level":"error","message":"Error: There is not opened shift currently","method":"GET","stack":"Error: There is not opened shift currently\n    at CashierService.getOpenedShift (/home/ecz/Folder/Programming/Backend/pdvProject/src/service/CashierService.js:310:31)\n    at process.processTicksAndRejections (node:internal/process/task_queues:104:5)\n    at async getOpenedShift (/home/ecz/Folder/Programming/Backend/pdvProject/src/controller/cashierController.js:191:27)","timestamp":"2026-05-16 12:5037","url":"/cashier/active","userId":2}
{"level":"info","message":"Middleware initialized","timestamp":"2026-05-17 19:4115"}
{"level":"info","message":"Middleware initialized","timestamp":"2026-05-17 19:4122"}
{"level":"info","message":"Middleware initialized","timestamp":"2026-05-17 19:4127"}
{"level":"error","message":"Error: There is not opened shift currently","method":"GET","stack":"Error: There is not opened shift currently\n    at CashierService.getOpenedShift (/home/ecz/Folder/Programming/Backend/pdvProject/src/service/CashierService.js:310:31)\n    at process.processTicksAndRejections (node:internal/process/task_queues:104:5)\n    at async getOpenedShift (/home/ecz/Folder/Programming/Backend/pdvProject/src/controller/cashierController.js:191:27)","timestamp":"2026-05-17 22:0016","url":"/cashier/active","userId":2}
{"level":"error","message":"Error: There is not opened shift currently","method":"GET","stack":"Error: There is not opened shift currently\n    at CashierService.getOpenedShift (/home/ecz/Folder/Programming/Backend/pdvProject/src/service/CashierService.js:310:31)\n    at process.processTicksAndRejections (node:internal/process/task_queues:104:5)\n    at async getOpenedShift (/home/ecz/Folder/Programming/Backend/pdvProject/src/controller/cashierController.js:191:27)","timestamp":"2026-05-17 22:3713","url":"/cashier/active","userId":2}
{"level":"error","message":"Error: There is not opened shift currently","method":"GET","stack":"Error: There is not opened shift currently\n    at CashierService.getOpenedShift (/home/ecz/Folder/Programming/Backend/pdvProject/src/service/CashierService.js:310:31)\n    at process.processTicksAndRejections (node:internal/process/task_queues:104:5)\n    at async getOpenedShift (/home/ecz/Folder/Programming/Backend/pdvProject/src/controller/cashierController.js:191:27)","timestamp":"2026-05-17 22:5110","url":"/cashier/active","userId":2}
{"level":"error","message":"Error: There is not opened shift currently","method":"GET","stack":"Error: There is not opened shift currently\n    at CashierService.getOpenedShift (/home/ecz/Folder/Programming/Backend/pdvProject/src/service/CashierService.js:310:31)\n    at process.processTicksAndRejections (node:internal/process/task_queues:104:5)\n    at async getOpenedShift (/home/ecz/Folder/Programming/Backend/pdvProject/src/controller/cashierController.js:191:27)","timestamp":"2026-05-17 22:5221","url":"/cashier/active","userId":2}
{"level":"error","message":"SequelizeValidationError: Validation error: Invalid Brazilian phone number format","method":"POST","stack":"SequelizeValidationError: Validation error: Invalid Brazilian phone number format\n    at InstanceValidator._validate (/home/ecz/Folder/Programming/Backend/pdvProject/node_modules/sequelize/lib/instance-validator.js:50:13)\n    at process.processTicksAndRejections (node:internal/process/task_queues:104:5)\n    at async InstanceValidator._validateAndRunHooks (/home/ecz/Folder/Programming/Backend/pdvProject/node_modules/sequelize/lib/instance-validator.js:60:7)\n    at async InstanceValidator.validate (/home/ecz/Folder/Programming/Backend/pdvProject/node_modules/sequelize/lib/instance-validator.js:54:12)\n    at async Client.save (/home/ecz/Folder/Programming/Backend/pdvProject/node_modules/sequelize/lib/model.js:2426:7)\n    at async Client.create (/home/ecz/Folder/Programming/Backend/pdvProject/node_modules/sequelize/lib/model.js:1362:12)\n    at async ClientService.store (/home/ecz/Folder/Programming/Backend/pdvProject/src/service/ClientService.js:10:28)\n    at async store (/home/ecz/Folder/Programming/Backend/pdvProject/src/controller/clientController.js:9:28)","timestamp":"2026-05-17 22:5945","url":"/clients","userId":2}
{"level":"error","message":"SequelizeValidationError: Validation error: Invalid Brazilian phone number format","method":"POST","stack":"SequelizeValidationError: Validation error: Invalid Brazilian phone number format\n    at InstanceValidator._validate (/home/ecz/Folder/Programming/Backend/pdvProject/node_modules/sequelize/lib/instance-validator.js:50:13)\n    at process.processTicksAndRejections (node:internal/process/task_queues:104:5)\n    at async InstanceValidator._validateAndRunHooks (/home/ecz/Folder/Programming/Backend/pdvProject/node_modules/sequelize/lib/instance-validator.js:60:7)\n    at async InstanceValidator.validate (/home/ecz/Folder/Programming/Backend/pdvProject/node_modules/sequelize/lib/instance-validator.js:54:12)\n    at async Client.save (/home/ecz/Folder/Programming/Backend/pdvProject/node_modules/sequelize/lib/model.js:2426:7)\n    at async Client.create (/home/ecz/Folder/Programming/Backend/pdvProject/node_modules/sequelize/lib/model.js:1362:12)\n    at async ClientService.store (/home/ecz/Folder/Programming/Backend/pdvProject/src/service/ClientService.js:10:28)\n    at async store (/home/ecz/Folder/Programming/Backend/pdvProject/src/controller/clientController.js:9:28)","timestamp":"2026-05-17 22:5954","url":"/clients","userId":2}
{"level":"error","message":"Error: Quantity change must be a number","method":"PATCH","stack":"Error: Quantity change must be a number\n    at adjustment (/home/ecz/Folder/Programming/Backend/pdvProject/src/controller/stockController.js:35:52)\n    at Layer.handleRequest (/home/ecz/Folder/Programming/Backend/pdvProject/node_modules/router/lib/layer.js:152:17)\n    at next (/home/ecz/Folder/Programming/Backend/pdvProject/node_modules/router/lib/route.js:157:13)\n    at jsonBodyRequired (/home/ecz/Folder/Programming/Backend/pdvProject/src/middlewares/jsonBodyRequired.js:6:5)\n    at Layer.handleRequest (/home/ecz/Folder/Programming/Backend/pdvProject/node_modules/router/lib/layer.js:152:17)\n    at next (/home/ecz/Folder/Programming/Backend/pdvProject/node_modules/router/lib/route.js:157:13)\n    at loginRequired (/home/ecz/Folder/Programming/Backend/pdvProject/src/middlewares/loginRequired.js:20:16)\n    at Layer.handleRequest (/home/ecz/Folder/Programming/Backend/pdvProject/node_modules/router/lib/layer.js:152:17)\n    at next (/home/ecz/Folder/Programming/Backend/pdvProject/node_modules/router/lib/route.js:157:13)\n    at Route.dispatch (/home/ecz/Folder/Programming/Backend/pdvProject/node_modules/router/lib/route.js:117:3)","timestamp":"2026-05-17 23:2312","url":"/stock/%7B%7D","userId":2}
{"level":"error","message":"Error: Quantity change must be a number","method":"PATCH","stack":"Error: Quantity change must be a number\n    at adjustment (/home/ecz/Folder/Programming/Backend/pdvProject/src/controller/stockController.js:35:52)\n    at Layer.handleRequest (/home/ecz/Folder/Programming/Backend/pdvProject/node_modules/router/lib/layer.js:152:17)\n    at next (/home/ecz/Folder/Programming/Backend/pdvProject/node_modules/router/lib/route.js:157:13)\n    at jsonBodyRequired (/home/ecz/Folder/Programming/Backend/pdvProject/src/middlewares/jsonBodyRequired.js:6:5)\n    at Layer.handleRequest (/home/ecz/Folder/Programming/Backend/pdvProject/node_modules/router/lib/layer.js:152:17)\n    at next (/home/ecz/Folder/Programming/Backend/pdvProject/node_modules/router/lib/route.js:157:13)\n    at loginRequired (/home/ecz/Folder/Programming/Backend/pdvProject/src/middlewares/loginRequired.js:20:16)\n    at Layer.handleRequest (/home/ecz/Folder/Programming/Backend/pdvProject/node_modules/router/lib/layer.js:152:17)\n    at next (/home/ecz/Folder/Programming/Backend/pdvProject/node_modules/router/lib/route.js:157:13)\n    at Route.dispatch (/home/ecz/Folder/Programming/Backend/pdvProject/node_modules/router/lib/route.js:117:3)","timestamp":"2026-05-17 23:2400","url":"/stock/%7B%7D","userId":2}
{"level":"error","message":"Error: Quantity change must be a number","method":"PATCH","stack":"Error: Quantity change must be a number\n    at adjustment (/home/ecz/Folder/Programming/Backend/pdvProject/src/controller/stockController.js:35:52)\n    at Layer.handleRequest (/home/ecz/Folder/Programming/Backend/pdvProject/node_modules/router/lib/layer.js:152:17)\n    at next (/home/ecz/Folder/Programming/Backend/pdvProject/node_modules/router/lib/route.js:157:13)\n    at jsonBodyRequired (/home/ecz/Folder/Programming/Backend/pdvProject/src/middlewares/jsonBodyRequired.js:6:5)\n    at Layer.handleRequest (/home/ecz/Folder/Programming/Backend/pdvProject/node_modules/router/lib/layer.js:152:17)\n    at next (/home/ecz/Folder/Programming/Backend/pdvProject/node_modules/router/lib/route.js:157:13)\n    at loginRequired (/home/ecz/Folder/Programming/Backend/pdvProject/src/middlewares/loginRequired.js:20:16)\n    at Layer.handleRequest (/home/ecz/Folder/Programming/Backend/pdvProject/node_modules/router/lib/layer.js:152:17)\n    at next (/home/ecz/Folder/Programming/Backend/pdvProject/node_modules/router/lib/route.js:157:13)\n    at Route.dispatch (/home/ecz/Folder/Programming/Backend/pdvProject/node_modules/router/lib/route.js:117:3)","timestamp":"2026-05-17 23:2529","url":"/stock/%7B%7D","userId":2}
{"level":"error","message":"Error: Quantity change must be a number","method":"PATCH","stack":"Error: Quantity change must be a number\n    at adjustment (/home/ecz/Folder/Programming/Backend/pdvProject/src/controller/stockController.js:35:52)\n    at Layer.handleRequest (/home/ecz/Folder/Programming/Backend/pdvProject/node_modules/router/lib/layer.js:152:17)\n    at next (/home/ecz/Folder/Programming/Backend/pdvProject/node_modules/router/lib/route.js:157:13)\n    at jsonBodyRequired (/home/ecz/Folder/Programming/Backend/pdvProject/src/middlewares/jsonBodyRequired.js:6:5)\n    at Layer.handleRequest (/home/ecz/Folder/Programming/Backend/pdvProject/node_modules/router/lib/layer.js:152:17)\n    at next (/home/ecz/Folder/Programming/Backend/pdvProject/node_modules/router/lib/route.js:157:13)\n    at loginRequired (/home/ecz/Folder/Programming/Backend/pdvProject/src/middlewares/loginRequired.js:20:16)\n    at Layer.handleRequest (/home/ecz/Folder/Programming/Backend/pdvProject/node_modules/router/lib/layer.js:152:17)\n    at next (/home/ecz/Folder/Programming/Backend/pdvProject/node_modules/router/lib/route.js:157:13)\n    at Route.dispatch (/home/ecz/Folder/Programming/Backend/pdvProject/node_modules/router/lib/route.js:117:3)","timestamp":"2026-05-17 23:2535","url":"/stock/%7B%7D","userId":2}
{"level":"error","message":"Error: Quantity change must be a number","method":"PATCH","stack":"Error: Quantity change must be a number\n    at adjustment (/home/ecz/Folder/Programming/Backend/pdvProject/src/controller/stockController.js:35:52)\n    at Layer.handleRequest (/home/ecz/Folder/Programming/Backend/pdvProject/node_modules/router/lib/layer.js:152:17)\n    at next (/home/ecz/Folder/Programming/Backend/pdvProject/node_modules/router/lib/route.js:157:13)\n    at jsonBodyRequired (/home/ecz/Folder/Programming/Backend/pdvProject/src/middlewares/jsonBodyRequired.js:6:5)\n    at Layer.handleRequest (/home/ecz/Folder/Programming/Backend/pdvProject/node_modules/router/lib/layer.js:152:17)\n    at next (/home/ecz/Folder/Programming/Backend/pdvProject/node_modules/router/lib/route.js:157:13)\n    at loginRequired (/home/ecz/Folder/Programming/Backend/pdvProject/src/middlewares/loginRequired.js:20:16)\n    at Layer.handleRequest (/home/ecz/Folder/Programming/Backend/pdvProject/node_modules/router/lib/layer.js:152:17)\n    at next (/home/ecz/Folder/Programming/Backend/pdvProject/node_modules/router/lib/route.js:157:13)\n    at Route.dispatch (/home/ecz/Folder/Programming/Backend/pdvProject/node_modules/router/lib/route.js:117:3)","timestamp":"2026-05-17 23:2636","url":"/stock/%7B%7D","userId":2}
{"level":"error","message":"Error: Quantity change must be a number","method":"PATCH","stack":"Error: Quantity change must be a number\n    at adjustment (/home/ecz/Folder/Programming/Backend/pdvProject/src/controller/stockController.js:35:52)\n    at Layer.handleRequest (/home/ecz/Folder/Programming/Backend/pdvProject/node_modules/router/lib/layer.js:152:17)\n    at next (/home/ecz/Folder/Programming/Backend/pdvProject/node_modules/router/lib/route.js:157:13)\n    at jsonBodyRequired (/home/ecz/Folder/Programming/Backend/pdvProject/src/middlewares/jsonBodyRequired.js:6:5)\n    at Layer.handleRequest (/home/ecz/Folder/Programming/Backend/pdvProject/node_modules/router/lib/layer.js:152:17)\n    at next (/home/ecz/Folder/Programming/Backend/pdvProject/node_modules/router/lib/route.js:157:13)\n    at loginRequired (/home/ecz/Folder/Programming/Backend/pdvProject/src/middlewares/loginRequired.js:20:16)\n    at Layer.handleRequest (/home/ecz/Folder/Programming/Backend/pdvProject/node_modules/router/lib/layer.js:152:17)\n    at next (/home/ecz/Folder/Programming/Backend/pdvProject/node_modules/router/lib/route.js:157:13)\n    at Route.dispatch (/home/ecz/Folder/Programming/Backend/pdvProject/node_modules/router/lib/route.js:117:3)","timestamp":"2026-05-17 23:2640","url":"/stock/%7B%7D","userId":2}
{"level":"error","message":"Error: Quantity change must be a number","method":"PATCH","stack":"Error: Quantity change must be a number\n    at adjustment (/home/ecz/Folder/Programming/Backend/pdvProject/src/controller/stockController.js:35:52)\n    at Layer.handleRequest (/home/ecz/Folder/Programming/Backend/pdvProject/node_modules/router/lib/layer.js:152:17)\n    at next (/home/ecz/Folder/Programming/Backend/pdvProject/node_modules/router/lib/route.js:157:13)\n    at jsonBodyRequired (/home/ecz/Folder/Programming/Backend/pdvProject/src/middlewares/jsonBodyRequired.js:6:5)\n    at Layer.handleRequest (/home/ecz/Folder/Programming/Backend/pdvProject/node_modules/router/lib/layer.js:152:17)\n    at next (/home/ecz/Folder/Programming/Backend/pdvProject/node_modules/router/lib/route.js:157:13)\n    at loginRequired (/home/ecz/Folder/Programming/Backend/pdvProject/src/middlewares/loginRequired.js:20:16)\n    at Layer.handleRequest (/home/ecz/Folder/Programming/Backend/pdvProject/node_modules/router/lib/layer.js:152:17)\n    at next (/home/ecz/Folder/Programming/Backend/pdvProject/node_modules/router/lib/route.js:157:13)\n    at Route.dispatch (/home/ecz/Folder/Programming/Backend/pdvProject/node_modules/router/lib/route.js:117:3)","timestamp":"2026-05-17 23:2704","url":"/stock/%7B%7D","userId":2}
{"level":"error","message":"Error: Quantity change must be a number","method":"PATCH","stack":"Error: Quantity change must be a number\n    at adjustment (/home/ecz/Folder/Programming/Backend/pdvProject/src/controller/stockController.js:35:52)\n    at Layer.handleRequest (/home/ecz/Folder/Programming/Backend/pdvProject/node_modules/router/lib/layer.js:152:17)\n    at next (/home/ecz/Folder/Programming/Backend/pdvProject/node_modules/router/lib/route.js:157:13)\n    at jsonBodyRequired (/home/ecz/Folder/Programming/Backend/pdvProject/src/middlewares/jsonBodyRequired.js:6:5)\n    at Layer.handleRequest (/home/ecz/Folder/Programming/Backend/pdvProject/node_modules/router/lib/layer.js:152:17)\n    at next (/home/ecz/Folder/Programming/Backend/pdvProject/node_modules/router/lib/route.js:157:13)\n    at loginRequired (/home/ecz/Folder/Programming/Backend/pdvProject/src/middlewares/loginRequired.js:20:16)\n    at Layer.handleRequest (/home/ecz/Folder/Programming/Backend/pdvProject/node_modules/router/lib/layer.js:152:17)\n    at next (/home/ecz/Folder/Programming/Backend/pdvProject/node_modules/router/lib/route.js:157:13)\n    at Route.dispatch (/home/ecz/Folder/Programming/Backend/pdvProject/node_modules/router/lib/route.js:117:3)","timestamp":"2026-05-17 23:2705","url":"/stock/%7B%7D","userId":2}
{"level":"error","message":"Error: Quantity change must be a number","method":"PATCH","stack":"Error: Quantity change must be a number\n    at adjustment (/home/ecz/Folder/Programming/Backend/pdvProject/src/controller/stockController.js:35:52)\n    at Layer.handleRequest (/home/ecz/Folder/Programming/Backend/pdvProject/node_modules/router/lib/layer.js:152:17)\n    at next (/home/ecz/Folder/Programming/Backend/pdvProject/node_modules/router/lib/route.js:157:13)\n    at jsonBodyRequired (/home/ecz/Folder/Programming/Backend/pdvProject/src/middlewares/jsonBodyRequired.js:6:5)\n    at Layer.handleRequest (/home/ecz/Folder/Programming/Backend/pdvProject/node_modules/router/lib/layer.js:152:17)\n    at next (/home/ecz/Folder/Programming/Backend/pdvProject/node_modules/router/lib/route.js:157:13)\n    at loginRequired (/home/ecz/Folder/Programming/Backend/pdvProject/src/middlewares/loginRequired.js:20:16)\n    at Layer.handleRequest (/home/ecz/Folder/Programming/Backend/pdvProject/node_modules/router/lib/layer.js:152:17)\n    at next (/home/ecz/Folder/Programming/Backend/pdvProject/node_modules/router/lib/route.js:157:13)\n    at Route.dispatch (/home/ecz/Folder/Programming/Backend/pdvProject/node_modules/router/lib/route.js:117:3)","timestamp":"2026-05-17 23:2830","url":"/stock/%7B%7D","userId":2}
{"level":"error","message":"Error: There is not opened shift currently","method":"GET","stack":"Error: There is not opened shift currently\n    at CashierService.getOpenedShift (/home/ecz/Folder/Programming/Backend/pdvProject/src/service/CashierService.js:310:31)\n    at process.processTicksAndRejections (node:internal/process/task_queues:104:5)\n    at async getOpenedShift (/home/ecz/Folder/Programming/Backend/pdvProject/src/controller/cashierController.js:191:27)","timestamp":"2026-05-17 23:2833","url":"/cashier/active","userId":2}
{"level":"error","message":"Error: There is not opened shift currently","method":"GET","stack":"Error: There is not opened shift currently\n    at CashierService.getOpenedShift (/home/ecz/Folder/Programming/Backend/pdvProject/src/service/CashierService.js:310:31)\n    at process.processTicksAndRejections (node:internal/process/task_queues:104:5)\n    at async getOpenedShift (/home/ecz/Folder/Programming/Backend/pdvProject/src/controller/cashierController.js:191:27)","timestamp":"2026-05-17 23:3256","url":"/cashier/active","userId":2}
{"level":"error","message":"Error: There is not opened shift currently","method":"GET","stack":"Error: There is not opened shift currently\n    at CashierService.getOpenedShift (/home/ecz/Folder/Programming/Backend/pdvProject/src/service/CashierService.js:310:31)\n    at process.processTicksAndRejections (node:internal/process/task_queues:104:5)\n    at async getOpenedShift (/home/ecz/Folder/Programming/Backend/pdvProject/src/controller/cashierController.js:191:27)","timestamp":"2026-05-17 23:3303","url":"/cashier/active","userId":2}
{"level":"error","message":"Error: There is not opened shift currently","method":"GET","stack":"Error: There is not opened shift currently\n    at CashierService.getOpenedShift (/home/ecz/Folder/Programming/Backend/pdvProject/src/service/CashierService.js:310:31)\n    at process.processTicksAndRejections (node:internal/process/task_queues:104:5)\n    at async getOpenedShift (/home/ecz/Folder/Programming/Backend/pdvProject/src/controller/cashierController.js:191:27)","timestamp":"2026-05-17 23:3536","url":"/cashier/active","userId":2}
{"level":"error","message":"Error: There is not opened shift currently","method":"GET","stack":"Error: There is not opened shift currently\n    at CashierService.getOpenedShift (/home/ecz/Folder/Programming/Backend/pdvProject/src/service/CashierService.js:310:31)\n    at process.processTicksAndRejections (node:internal/process/task_queues:104:5)\n    at async getOpenedShift (/home/ecz/Folder/Programming/Backend/pdvProject/src/controller/cashierController.js:191:27)","timestamp":"2026-05-17 23:3537","url":"/cashier/active","userId":2}
{"level":"error","message":"Error: There is not opened shift currently","method":"GET","stack":"Error: There is not opened shift currently\n    at CashierService.getOpenedShift (/home/ecz/Folder/Programming/Backend/pdvProject/src/service/CashierService.js:310:31)\n    at process.processTicksAndRejections (node:internal/process/task_queues:104:5)\n    at async getOpenedShift (/home/ecz/Folder/Programming/Backend/pdvProject/src/controller/cashierController.js:191:27)","timestamp":"2026-05-17 23:3713","url":"/cashier/active","userId":2}
{"level":"error","message":"Error: There is not opened shift currently","method":"GET","stack":"Error: There is not opened shift currently\n    at CashierService.getOpenedShift (/home/ecz/Folder/Programming/Backend/pdvProject/src/service/CashierService.js:310:31)\n    at process.processTicksAndRejections (node:internal/process/task_queues:104:5)\n    at async getOpenedShift (/home/ecz/Folder/Programming/Backend/pdvProject/src/controller/cashierController.js:191:27)","timestamp":"2026-05-17 23:3740","url":"/cashier/active","userId":2}
{"level":"error","message":"Error: shiftId and closing balance must be provided","method":"PATCH","stack":"Error: shiftId and closing balance must be provided\n    at close (/home/ecz/Folder/Programming/Backend/pdvProject/src/controller/cashierController.js:35:23)\n    at Layer.handleRequest (/home/ecz/Folder/Programming/Backend/pdvProject/node_modules/router/lib/layer.js:152:17)\n    at next (/home/ecz/Folder/Programming/Backend/pdvProject/node_modules/router/lib/route.js:157:13)\n    at loginRequired (/home/ecz/Folder/Programming/Backend/pdvProject/src/middlewares/loginRequired.js:20:16)\n    at Layer.handleRequest (/home/ecz/Folder/Programming/Backend/pdvProject/node_modules/router/lib/layer.js:152:17)\n    at next (/home/ecz/Folder/Programming/Backend/pdvProject/node_modules/router/lib/route.js:157:13)\n    at Route.dispatch (/home/ecz/Folder/Programming/Backend/pdvProject/node_modules/router/lib/route.js:117:3)\n    at handle (/home/ecz/Folder/Programming/Backend/pdvProject/node_modules/router/index.js:435:11)\n    at Layer.handleRequest (/home/ecz/Folder/Programming/Backend/pdvProject/node_modules/router/lib/layer.js:152:17)\n    at /home/ecz/Folder/Programming/Backend/pdvProject/node_modules/router/index.js:295:15","timestamp":"2026-05-17 23:3748","url":"/cashier/null","userId":2}
{"level":"error","message":"Error: There is not opened shift currently","method":"GET","stack":"Error: There is not opened shift currently\n    at CashierService.getOpenedShift (/home/ecz/Folder/Programming/Backend/pdvProject/src/service/CashierService.js:310:31)\n    at process.processTicksAndRejections (node:internal/process/task_queues:104:5)\n    at async getOpenedShift (/home/ecz/Folder/Programming/Backend/pdvProject/src/controller/cashierController.js:191:27)","timestamp":"2026-05-17 23:3755","url":"/cashier/active","userId":2}
{"level":"error","message":"Error: There is not opened shift currently","method":"GET","stack":"Error: There is not opened shift currently\n    at CashierService.getOpenedShift (/home/ecz/Folder/Programming/Backend/pdvProject/src/service/CashierService.js:310:31)\n    at process.processTicksAndRejections (node:internal/process/task_queues:104:5)\n    at async getOpenedShift (/home/ecz/Folder/Programming/Backend/pdvProject/src/controller/cashierController.js:191:27)","timestamp":"2026-05-17 23:3802","url":"/cashier/active","userId":2}
{"level":"error","message":"Error: There is not opened shift currently","method":"GET","stack":"Error: There is not opened shift currently\n    at CashierService.getOpenedShift (/home/ecz/Folder/Programming/Backend/pdvProject/src/service/CashierService.js:310:31)\n    at process.processTicksAndRejections (node:internal/process/task_queues:104:5)\n    at async getOpenedShift (/home/ecz/Folder/Programming/Backend/pdvProject/src/controller/cashierController.js:191:27)","timestamp":"2026-05-17 23:4327","url":"/cashier/active","userId":2}
{"level":"error","message":"Error: There is not opened shift currently","method":"GET","stack":"Error: There is not opened shift currently\n    at CashierService.getOpenedShift (/home/ecz/Folder/Programming/Backend/pdvProject/src/service/CashierService.js:310:31)\n    at process.processTicksAndRejections (node:internal/process/task_queues:104:5)\n    at async getOpenedShift (/home/ecz/Folder/Programming/Backend/pdvProject/src/controller/cashierController.js:191:27)","timestamp":"2026-05-17 23:4329","url":"/cashier/active","userId":2}
{"level":"error","message":"Error: There is not opened shift currently","method":"GET","stack":"Error: There is not opened shift currently\n    at CashierService.getOpenedShift (/home/ecz/Folder/Programming/Backend/pdvProject/src/service/CashierService.js:310:31)\n    at process.processTicksAndRejections (node:internal/process/task_queues:104:5)\n    at async getOpenedShift (/home/ecz/Folder/Programming/Backend/pdvProject/src/controller/cashierController.js:191:27)","timestamp":"2026-05-17 23:4659","url":"/cashier/active","userId":2}
{"level":"error","message":"Error: There is not opened shift currently","method":"GET","stack":"Error: There is not opened shift currently\n    at CashierService.getOpenedShift (/home/ecz/Folder/Programming/Backend/pdvProject/src/service/CashierService.js:310:31)\n    at process.processTicksAndRejections (node:internal/process/task_queues:104:5)\n    at async getOpenedShift (/home/ecz/Folder/Programming/Backend/pdvProject/src/controller/cashierController.js:191:27)","timestamp":"2026-05-17 23:4704","url":"/cashier/active","userId":2}
{"level":"error","message":"Error: There is not opened shift currently","method":"GET","stack":"Error: There is not opened shift currently\n    at CashierService.getOpenedShift (/home/ecz/Folder/Programming/Backend/pdvProject/src/service/CashierService.js:310:31)\n    at process.processTicksAndRejections (node:internal/process/task_queues:104:5)\n    at async getOpenedShift (/home/ecz/Folder/Programming/Backend/pdvProject/src/controller/cashierController.js:191:27)","timestamp":"2026-05-17 23:4855","url":"/cashier/active","userId":2}
{"level":"error","message":"Error: There is not opened shift currently","method":"GET","stack":"Error: There is not opened shift currently\n    at CashierService.getOpenedShift (/home/ecz/Folder/Programming/Backend/pdvProject/src/service/CashierService.js:310:31)\n    at process.processTicksAndRejections (node:internal/process/task_queues:104:5)\n    at async getOpenedShift (/home/ecz/Folder/Programming/Backend/pdvProject/src/controller/cashierController.js:191:27)","timestamp":"2026-05-17 23:5012","url":"/cashier/active","userId":2}
{"level":"info","message":"Middleware initialized","timestamp":"2026-05-18 09:0401"}
{"level":"info","message":"Middleware initialized","timestamp":"2026-05-18 09:4259"}
{"level":"info","message":"Middleware initialized","timestamp":"2026-05-18 09:5433"}
{"level":"error","message":"Error: There is not opened shift currently","method":"GET","stack":"Error: There is not opened shift currently\n    at CashierService.getOpenedShift (/home/ecz/Folder/Programming/Backend/pdvProject/src/service/CashierService.js:310:31)\n    at process.processTicksAndRejections (node:internal/process/task_queues:104:5)\n    at async getOpenedShift (/home/ecz/Folder/Programming/Backend/pdvProject/src/controller/cashierController.js:191:27)","timestamp":"2026-05-18 09:5527","url":"/cashier/active","userId":2}
{"level":"error","message":"Error: There is not opened shift currently","method":"GET","stack":"Error: There is not opened shift currently\n    at CashierService.getOpenedShift (/home/ecz/Folder/Programming/Backend/pdvProject/src/service/CashierService.js:310:31)\n    at process.processTicksAndRejections (node:internal/process/task_queues:104:5)\n    at async getOpenedShift (/home/ecz/Folder/Programming/Backend/pdvProject/src/controller/cashierController.js:191:27)","timestamp":"2026-05-18 10:1219","url":"/cashier/active","userId":2}
{"level":"error","message":"Error: There is not opened shift currently","method":"GET","stack":"Error: There is not opened shift currently\n    at CashierService.getOpenedShift (/home/ecz/Folder/Programming/Backend/pdvProject/src/service/CashierService.js:310:31)\n    at process.processTicksAndRejections (node:internal/process/task_queues:104:5)\n    at async getOpenedShift (/home/ecz/Folder/Programming/Backend/pdvProject/src/controller/cashierController.js:191:27)","timestamp":"2026-05-18 10:2008","url":"/cashier/active","userId":2}
{"level":"error","message":"Error: There is not opened shift currently","method":"GET","stack":"Error: There is not opened shift currently\n    at CashierService.getOpenedShift (/home/ecz/Folder/Programming/Backend/pdvProject/src/service/CashierService.js:310:31)\n    at process.processTicksAndRejections (node:internal/process/task_queues:104:5)\n    at async getOpenedShift (/home/ecz/Folder/Programming/Backend/pdvProject/src/controller/cashierController.js:191:27)","timestamp":"2026-05-18 10:2804","url":"/cashier/active","userId":2}
